================================
PBS jobid : 885012.pbshpc
workdir   : /home/maths/btech/mt1230785/scratch/col775_a2_hpc
Thu Apr 23 05:42:11 IST 2026
================================
HF_HOME=/home/maths/btech/mt1230785/scratch/col775_a2_hpc/hf_cache
Thu Apr 23 05:42:25 2026       
+-----------------------------------------------------------------------------------------+
| NVIDIA-SMI 550.90.07              Driver Version: 550.90.07      CUDA Version: 12.4     |
|-----------------------------------------+------------------------+----------------------+
| GPU  Name                 Persistence-M | Bus-Id          Disp.A | Volatile Uncorr. ECC |
| Fan  Temp   Perf          Pwr:Usage/Cap |           Memory-Usage | GPU-Util  Compute M. |
|                                         |                        |               MIG M. |
|=========================================+========================+======================|
|   0  NVIDIA A100-PCIE-40GB          Off |   00000000:C0:00.0 Off |                    0 |
| N/A   41C    P0             45W /  250W |       1MiB /  40960MiB |      5%      Default |
|                                         |                        |             Disabled |
+-----------------------------------------+------------------------+----------------------+
                                                                                         
+-----------------------------------------------------------------------------------------+
| Processes:                                                                              |
|  GPU   GI   CI        PID   Type   Process name                              GPU Memory |
|        ID   ID                                                               Usage      |
|=========================================================================================|
|  No running processes found                                                             |
+-----------------------------------------------------------------------------------------+
torch 2.5.0+cu118 transformers 4.49.0
[data] train=100032  val=10000 image-caption pairs
[latent] mean=[-0.47885662317276, -0.05054469406604767, 0.5350905656814575, 0.4812498092651367]  std=[1.0543241500854492, 0.5581494569778442, 0.8481987118721008, 0.3833673894405365]
[text] seq_len=77  dim=512
[model] U-Net  params=16.18 M
[resume] no checkpoint found, training from scratch
ep   0  it    50/1563  loss 0.99998  lr 3.20e-06
ep   0  it   100/1563  loss 0.99700  lr 6.40e-06
ep   0  it   150/1563  loss 0.99013  lr 9.60e-06
ep   0  it   200/1563  loss 0.97838  lr 1.28e-05
ep   0  it   250/1563  loss 0.96120  lr 1.60e-05
ep   0  it   300/1563  loss 0.94038  lr 1.92e-05
ep   0  it   350/1563  loss 0.91553  lr 2.24e-05
ep   0  it   400/1563  loss 0.88732  lr 2.56e-05
ep   0  it   450/1563  loss 0.85702  lr 2.88e-05
ep   0  it   500/1563  loss 0.82567  lr 3.20e-05
ep   0  it   550/1563  loss 0.79480  lr 3.52e-05
ep   0  it   600/1563  loss 0.76476  lr 3.84e-05
ep   0  it   650/1563  loss 0.73594  lr 4.16e-05
ep   0  it   700/1563  loss 0.70912  lr 4.48e-05
ep   0  it   750/1563  loss 0.68407  lr 4.80e-05
ep   0  it   800/1563  loss 0.66130  lr 5.12e-05
ep   0  it   850/1563  loss 0.64015  lr 5.44e-05
ep   0  it   900/1563  loss 0.62057  lr 5.76e-05
ep   0  it   950/1563  loss 0.60256  lr 6.08e-05
ep   0  it  1000/1563  loss 0.58619  lr 6.40e-05
ep   0  it  1050/1563  loss 0.57103  lr 6.72e-05
ep   0  it  1100/1563  loss 0.55740  lr 7.04e-05
ep   0  it  1150/1563  loss 0.54462  lr 7.36e-05
ep   0  it  1200/1563  loss 0.53290  lr 7.68e-05
ep   0  it  1250/1563  loss 0.52191  lr 8.00e-05
ep   0  it  1300/1563  loss 0.51156  lr 8.32e-05
ep   0  it  1350/1563  loss 0.50221  lr 8.64e-05
ep   0  it  1400/1563  loss 0.49338  lr 8.96e-05
ep   0  it  1450/1563  loss 0.48495  lr 9.28e-05
ep   0  it  1500/1563  loss 0.47729  lr 9.60e-05
ep   0  it  1550/1563  loss 0.46976  lr 9.92e-05
[epoch 0] train_loss=0.46794  val_loss=0.24833  lr=1.00e-04  time=5.0 min
ep   1  it    50/1563  loss 0.24263  lr 1.00e-04
ep   1  it   100/1563  loss 0.24321  lr 1.00e-04
ep   1  it   150/1563  loss 0.24424  lr 1.00e-04
ep   1  it   200/1563  loss 0.24386  lr 1.00e-04
ep   1  it   250/1563  loss 0.24276  lr 1.00e-04
ep   1  it   300/1563  loss 0.24180  lr 1.00e-04
ep   1  it   350/1563  loss 0.24017  lr 1.00e-04
ep   1  it   400/1563  loss 0.23976  lr 1.00e-04
ep   1  it   450/1563  loss 0.23921  lr 1.00e-04
ep   1  it   500/1563  loss 0.23860  lr 1.00e-04
ep   1  it   550/1563  loss 0.23758  lr 1.00e-04
ep   1  it   600/1563  loss 0.23815  lr 1.00e-04
ep   1  it   650/1563  loss 0.23746  lr 1.00e-04
ep   1  it   700/1563  loss 0.23715  lr 1.00e-04
ep   1  it   750/1563  loss 0.23681  lr 1.00e-04
ep   1  it   800/1563  loss 0.23611  lr 1.00e-04
ep   1  it   850/1563  loss 0.23586  lr 1.00e-04
ep   1  it   900/1563  loss 0.23581  lr 1.00e-04
ep   1  it   950/1563  loss 0.23542  lr 1.00e-04
ep   1  it  1000/1563  loss 0.23538  lr 1.00e-04
ep   1  it  1050/1563  loss 0.23527  lr 1.00e-04
ep   1  it  1100/1563  loss 0.23505  lr 1.00e-04
ep   1  it  1150/1563  loss 0.23432  lr 1.00e-04
ep   1  it  1200/1563  loss 0.23370  lr 1.00e-04
ep   1  it  1250/1563  loss 0.23334  lr 1.00e-04
ep   1  it  1300/1563  loss 0.23302  lr 1.00e-04
ep   1  it  1350/1563  loss 0.23234  lr 1.00e-04
ep   1  it  1400/1563  loss 0.23213  lr 1.00e-04
ep   1  it  1450/1563  loss 0.23167  lr 1.00e-04
ep   1  it  1500/1563  loss 0.23140  lr 1.00e-04
ep   1  it  1550/1563  loss 0.23087  lr 1.00e-04
[epoch 1] train_loss=0.23078  val_loss=0.22324  lr=1.00e-04  time=2.7 min
ep   2  it    50/1563  loss 0.22543  lr 1.00e-04
ep   2  it   100/1563  loss 0.22561  lr 1.00e-04
ep   2  it   150/1563  loss 0.22136  lr 1.00e-04
ep   2  it   200/1563  loss 0.22084  lr 1.00e-04
ep   2  it   250/1563  loss 0.22045  lr 1.00e-04
ep   2  it   300/1563  loss 0.22055  lr 1.00e-04
ep   2  it   350/1563  loss 0.21892  lr 1.00e-04
ep   2  it   400/1563  loss 0.21847  lr 1.00e-04
ep   2  it   450/1563  loss 0.21746  lr 1.00e-04
ep   2  it   500/1563  loss 0.21779  lr 1.00e-04
ep   2  it   550/1563  loss 0.21723  lr 1.00e-04
ep   2  it   600/1563  loss 0.21729  lr 1.00e-04
ep   2  it   650/1563  loss 0.21728  lr 1.00e-04
ep   2  it   700/1563  loss 0.21681  lr 1.00e-04
ep   2  it   750/1563  loss 0.21667  lr 1.00e-04
ep   2  it   800/1563  loss 0.21635  lr 1.00e-04
ep   2  it   850/1563  loss 0.21632  lr 1.00e-04
ep   2  it   900/1563  loss 0.21618  lr 1.00e-04
ep   2  it   950/1563  loss 0.21574  lr 1.00e-04
ep   2  it  1000/1563  loss 0.21559  lr 1.00e-04
ep   2  it  1050/1563  loss 0.21552  lr 1.00e-04
ep   2  it  1100/1563  loss 0.21538  lr 1.00e-04
ep   2  it  1150/1563  loss 0.21530  lr 1.00e-04
ep   2  it  1200/1563  loss 0.21488  lr 1.00e-04
ep   2  it  1250/1563  loss 0.21454  lr 1.00e-04
ep   2  it  1300/1563  loss 0.21436  lr 1.00e-04
ep   2  it  1350/1563  loss 0.21421  lr 1.00e-04
ep   2  it  1400/1563  loss 0.21396  lr 1.00e-04
ep   2  it  1450/1563  loss 0.21365  lr 1.00e-04
ep   2  it  1500/1563  loss 0.21351  lr 1.00e-04
ep   2  it  1550/1563  loss 0.21351  lr 1.00e-04
[epoch 2] train_loss=0.21348  val_loss=0.21168  lr=1.00e-04  time=2.7 min
ep   3  it    50/1563  loss 0.21050  lr 1.00e-04
ep   3  it   100/1563  loss 0.20669  lr 1.00e-04
ep   3  it   150/1563  loss 0.20728  lr 1.00e-04
ep   3  it   200/1563  loss 0.20826  lr 9.99e-05
ep   3  it   250/1563  loss 0.20879  lr 9.99e-05
ep   3  it   300/1563  loss 0.20880  lr 9.99e-05
ep   3  it   350/1563  loss 0.20873  lr 9.99e-05
ep   3  it   400/1563  loss 0.20904  lr 9.99e-05
ep   3  it   450/1563  loss 0.20827  lr 9.99e-05
ep   3  it   500/1563  loss 0.20813  lr 9.99e-05
ep   3  it   550/1563  loss 0.20753  lr 9.99e-05
ep   3  it   600/1563  loss 0.20722  lr 9.99e-05
ep   3  it   650/1563  loss 0.20737  lr 9.99e-05
ep   3  it   700/1563  loss 0.20745  lr 9.99e-05
ep   3  it   750/1563  loss 0.20712  lr 9.99e-05
ep   3  it   800/1563  loss 0.20721  lr 9.99e-05
ep   3  it   850/1563  loss 0.20682  lr 9.99e-05
ep   3  it   900/1563  loss 0.20663  lr 9.99e-05
ep   3  it   950/1563  loss 0.20640  lr 9.99e-05
ep   3  it  1000/1563  loss 0.20642  lr 9.99e-05
ep   3  it  1050/1563  loss 0.20634  lr 9.99e-05
ep   3  it  1100/1563  loss 0.20648  lr 9.99e-05
ep   3  it  1150/1563  loss 0.20613  lr 9.99e-05
ep   3  it  1200/1563  loss 0.20586  lr 9.99e-05
ep   3  it  1250/1563  loss 0.20576  lr 9.99e-05
ep   3  it  1300/1563  loss 0.20573  lr 9.99e-05
ep   3  it  1350/1563  loss 0.20567  lr 9.99e-05
ep   3  it  1400/1563  loss 0.20545  lr 9.99e-05
ep   3  it  1450/1563  loss 0.20522  lr 9.99e-05
ep   3  it  1500/1563  loss 0.20512  lr 9.99e-05
ep   3  it  1550/1563  loss 0.20481  lr 9.99e-05
[epoch 3] train_loss=0.20474  val_loss=0.20418  lr=9.99e-05  time=2.7 min
ep   4  it    50/1563  loss 0.20318  lr 9.99e-05
ep   4  it   100/1563  loss 0.20264  lr 9.99e-05
ep   4  it   150/1563  loss 0.19992  lr 9.99e-05
ep   4  it   200/1563  loss 0.20083  lr 9.99e-05
ep   4  it   250/1563  loss 0.19971  lr 9.99e-05
ep   4  it   300/1563  loss 0.19958  lr 9.99e-05
ep   4  it   350/1563  loss 0.19843  lr 9.99e-05
ep   4  it   400/1563  loss 0.19856  lr 9.99e-05
ep   4  it   450/1563  loss 0.19807  lr 9.99e-05
ep   4  it   500/1563  loss 0.19761  lr 9.99e-05
ep   4  it   550/1563  loss 0.19784  lr 9.99e-05
ep   4  it   600/1563  loss 0.19758  lr 9.99e-05
ep   4  it   650/1563  loss 0.19754  lr 9.99e-05
ep   4  it   700/1563  loss 0.19774  lr 9.99e-05
ep   4  it   750/1563  loss 0.19800  lr 9.99e-05
ep   4  it   800/1563  loss 0.19812  lr 9.99e-05
ep   4  it   850/1563  loss 0.19808  lr 9.99e-05
ep   4  it   900/1563  loss 0.19794  lr 9.99e-05
ep   4  it   950/1563  loss 0.19816  lr 9.99e-05
ep   4  it  1000/1563  loss 0.19825  lr 9.99e-05
ep   4  it  1050/1563  loss 0.19822  lr 9.99e-05
ep   4  it  1100/1563  loss 0.19796  lr 9.98e-05
ep   4  it  1150/1563  loss 0.19766  lr 9.98e-05
ep   4  it  1200/1563  loss 0.19744  lr 9.98e-05
ep   4  it  1250/1563  loss 0.19764  lr 9.98e-05
ep   4  it  1300/1563  loss 0.19748  lr 9.98e-05
ep   4  it  1350/1563  loss 0.19746  lr 9.98e-05
ep   4  it  1400/1563  loss 0.19732  lr 9.98e-05
ep   4  it  1450/1563  loss 0.19741  lr 9.98e-05
ep   4  it  1500/1563  loss 0.19739  lr 9.98e-05
ep   4  it  1550/1563  loss 0.19712  lr 9.98e-05
[epoch 4] train_loss=0.19712  val_loss=0.19707  lr=9.98e-05  time=2.7 min
ep   5  it    50/1563  loss 0.19530  lr 9.98e-05
ep   5  it   100/1563  loss 0.19061  lr 9.98e-05
ep   5  it   150/1563  loss 0.19128  lr 9.98e-05
ep   5  it   200/1563  loss 0.19309  lr 9.98e-05
ep   5  it   250/1563  loss 0.19289  lr 9.98e-05
ep   5  it   300/1563  loss 0.19270  lr 9.98e-05
ep   5  it   350/1563  loss 0.19151  lr 9.98e-05
ep   5  it   400/1563  loss 0.19192  lr 9.98e-05
ep   5  it   450/1563  loss 0.19209  lr 9.98e-05
ep   5  it   500/1563  loss 0.19170  lr 9.98e-05
ep   5  it   550/1563  loss 0.19200  lr 9.98e-05
ep   5  it   600/1563  loss 0.19200  lr 9.98e-05
ep   5  it   650/1563  loss 0.19196  lr 9.98e-05
ep   5  it   700/1563  loss 0.19178  lr 9.98e-05
ep   5  it   750/1563  loss 0.19171  lr 9.98e-05
ep   5  it   800/1563  loss 0.19116  lr 9.98e-05
ep   5  it   850/1563  loss 0.19126  lr 9.98e-05
ep   5  it   900/1563  loss 0.19181  lr 9.98e-05
ep   5  it   950/1563  loss 0.19152  lr 9.98e-05
ep   5  it  1000/1563  loss 0.19136  lr 9.98e-05
ep   5  it  1050/1563  loss 0.19132  lr 9.98e-05
ep   5  it  1100/1563  loss 0.19135  lr 9.98e-05
ep   5  it  1150/1563  loss 0.19131  lr 9.98e-05
ep   5  it  1200/1563  loss 0.19111  lr 9.97e-05
ep   5  it  1250/1563  loss 0.19096  lr 9.97e-05
ep   5  it  1300/1563  loss 0.19089  lr 9.97e-05
ep   5  it  1350/1563  loss 0.19083  lr 9.97e-05
ep   5  it  1400/1563  loss 0.19074  lr 9.97e-05
ep   5  it  1450/1563  loss 0.19065  lr 9.97e-05
ep   5  it  1500/1563  loss 0.19080  lr 9.97e-05
ep   5  it  1550/1563  loss 0.19091  lr 9.97e-05
[epoch 5] train_loss=0.19090  val_loss=0.19224  lr=9.97e-05  time=2.7 min
ep   6  it    50/1563  loss 0.18569  lr 9.97e-05
ep   6  it   100/1563  loss 0.18934  lr 9.97e-05
ep   6  it   150/1563  loss 0.18936  lr 9.97e-05
ep   6  it   200/1563  loss 0.19040  lr 9.97e-05
ep   6  it   250/1563  loss 0.19060  lr 9.97e-05
ep   6  it   300/1563  loss 0.19142  lr 9.97e-05
ep   6  it   350/1563  loss 0.19057  lr 9.97e-05
ep   6  it   400/1563  loss 0.19046  lr 9.97e-05
ep   6  it   450/1563  loss 0.19061  lr 9.97e-05
ep   6  it   500/1563  loss 0.19006  lr 9.97e-05
ep   6  it   550/1563  loss 0.19012  lr 9.97e-05
ep   6  it   600/1563  loss 0.18966  lr 9.97e-05
ep   6  it   650/1563  loss 0.18931  lr 9.97e-05
ep   6  it   700/1563  loss 0.18931  lr 9.97e-05
ep   6  it   750/1563  loss 0.18872  lr 9.97e-05
ep   6  it   800/1563  loss 0.18883  lr 9.97e-05
ep   6  it   850/1563  loss 0.18882  lr 9.97e-05
ep   6  it   900/1563  loss 0.18881  lr 9.97e-05
ep   6  it   950/1563  loss 0.18860  lr 9.97e-05
ep   6  it  1000/1563  loss 0.18860  lr 9.96e-05
ep   6  it  1050/1563  loss 0.18854  lr 9.96e-05
ep   6  it  1100/1563  loss 0.18862  lr 9.96e-05
ep   6  it  1150/1563  loss 0.18867  lr 9.96e-05
ep   6  it  1200/1563  loss 0.18866  lr 9.96e-05
ep   6  it  1250/1563  loss 0.18859  lr 9.96e-05
ep   6  it  1300/1563  loss 0.18845  lr 9.96e-05
ep   6  it  1350/1563  loss 0.18850  lr 9.96e-05
ep   6  it  1400/1563  loss 0.18835  lr 9.96e-05
ep   6  it  1450/1563  loss 0.18829  lr 9.96e-05
ep   6  it  1500/1563  loss 0.18829  lr 9.96e-05
ep   6  it  1550/1563  loss 0.18798  lr 9.96e-05
[epoch 6] train_loss=0.18784  val_loss=0.18780  lr=9.96e-05  time=2.7 min
ep   7  it    50/1563  loss 0.18463  lr 9.96e-05
ep   7  it   100/1563  loss 0.18518  lr 9.96e-05
ep   7  it   150/1563  loss 0.18546  lr 9.96e-05
ep   7  it   200/1563  loss 0.18550  lr 9.96e-05
ep   7  it   250/1563  loss 0.18519  lr 9.96e-05
ep   7  it   300/1563  loss 0.18528  lr 9.96e-05
ep   7  it   350/1563  loss 0.18572  lr 9.96e-05
ep   7  it   400/1563  loss 0.18602  lr 9.96e-05
ep   7  it   450/1563  loss 0.18540  lr 9.96e-05
ep   7  it   500/1563  loss 0.18481  lr 9.96e-05
ep   7  it   550/1563  loss 0.18378  lr 9.96e-05
ep   7  it   600/1563  loss 0.18397  lr 9.95e-05
ep   7  it   650/1563  loss 0.18396  lr 9.95e-05
ep   7  it   700/1563  loss 0.18346  lr 9.95e-05
ep   7  it   750/1563  loss 0.18352  lr 9.95e-05
ep   7  it   800/1563  loss 0.18348  lr 9.95e-05
ep   7  it   850/1563  loss 0.18340  lr 9.95e-05
ep   7  it   900/1563  loss 0.18337  lr 9.95e-05
ep   7  it   950/1563  loss 0.18328  lr 9.95e-05
ep   7  it  1000/1563  loss 0.18311  lr 9.95e-05
ep   7  it  1050/1563  loss 0.18296  lr 9.95e-05
ep   7  it  1100/1563  loss 0.18314  lr 9.95e-05
ep   7  it  1150/1563  loss 0.18323  lr 9.95e-05
ep   7  it  1200/1563  loss 0.18340  lr 9.95e-05
ep   7  it  1250/1563  loss 0.18340  lr 9.95e-05
ep   7  it  1300/1563  loss 0.18339  lr 9.95e-05
ep   7  it  1350/1563  loss 0.18308  lr 9.95e-05
ep   7  it  1400/1563  loss 0.18335  lr 9.95e-05
ep   7  it  1450/1563  loss 0.18324  lr 9.95e-05
ep   7  it  1500/1563  loss 0.18316  lr 9.95e-05
ep   7  it  1550/1563  loss 0.18291  lr 9.95e-05
[epoch 7] train_loss=0.18301  val_loss=0.18484  lr=9.95e-05  time=2.7 min
ep   8  it    50/1563  loss 0.18219  lr 9.95e-05
ep   8  it   100/1563  loss 0.18226  lr 9.94e-05
ep   8  it   150/1563  loss 0.18273  lr 9.94e-05
ep   8  it   200/1563  loss 0.18143  lr 9.94e-05
ep   8  it   250/1563  loss 0.18029  lr 9.94e-05
ep   8  it   300/1563  loss 0.17972  lr 9.94e-05
ep   8  it   350/1563  loss 0.17973  lr 9.94e-05
ep   8  it   400/1563  loss 0.18025  lr 9.94e-05
ep   8  it   450/1563  loss 0.18004  lr 9.94e-05
ep   8  it   500/1563  loss 0.17955  lr 9.94e-05
ep   8  it   550/1563  loss 0.17952  lr 9.94e-05
ep   8  it   600/1563  loss 0.17978  lr 9.94e-05
ep   8  it   650/1563  loss 0.17976  lr 9.94e-05
ep   8  it   700/1563  loss 0.18011  lr 9.94e-05
ep   8  it   750/1563  loss 0.17996  lr 9.94e-05
ep   8  it   800/1563  loss 0.17972  lr 9.94e-05
ep   8  it   850/1563  loss 0.17972  lr 9.94e-05
ep   8  it   900/1563  loss 0.18003  lr 9.94e-05
ep   8  it   950/1563  loss 0.18030  lr 9.94e-05
ep   8  it  1000/1563  loss 0.18036  lr 9.94e-05
ep   8  it  1050/1563  loss 0.18015  lr 9.93e-05
ep   8  it  1100/1563  loss 0.18022  lr 9.93e-05
ep   8  it  1150/1563  loss 0.18022  lr 9.93e-05
ep   8  it  1200/1563  loss 0.18006  lr 9.93e-05
ep   8  it  1250/1563  loss 0.18006  lr 9.93e-05
ep   8  it  1300/1563  loss 0.18004  lr 9.93e-05
ep   8  it  1350/1563  loss 0.17997  lr 9.93e-05
ep   8  it  1400/1563  loss 0.17973  lr 9.93e-05
ep   8  it  1450/1563  loss 0.17986  lr 9.93e-05
ep   8  it  1500/1563  loss 0.17978  lr 9.93e-05
ep   8  it  1550/1563  loss 0.17991  lr 9.93e-05
[epoch 8] train_loss=0.17990  val_loss=0.18141  lr=9.93e-05  time=2.7 min
ep   9  it    50/1563  loss 0.17812  lr 9.93e-05
ep   9  it   100/1563  loss 0.17665  lr 9.93e-05
ep   9  it   150/1563  loss 0.17597  lr 9.93e-05
ep   9  it   200/1563  loss 0.17590  lr 9.93e-05
ep   9  it   250/1563  loss 0.17641  lr 9.93e-05
ep   9  it   300/1563  loss 0.17764  lr 9.93e-05
ep   9  it   350/1563  loss 0.17756  lr 9.93e-05
ep   9  it   400/1563  loss 0.17781  lr 9.92e-05
ep   9  it   450/1563  loss 0.17794  lr 9.92e-05
ep   9  it   500/1563  loss 0.17771  lr 9.92e-05
ep   9  it   550/1563  loss 0.17735  lr 9.92e-05
ep   9  it   600/1563  loss 0.17728  lr 9.92e-05
ep   9  it   650/1563  loss 0.17772  lr 9.92e-05
ep   9  it   700/1563  loss 0.17759  lr 9.92e-05
ep   9  it   750/1563  loss 0.17709  lr 9.92e-05
ep   9  it   800/1563  loss 0.17724  lr 9.92e-05
ep   9  it   850/1563  loss 0.17721  lr 9.92e-05
ep   9  it   900/1563  loss 0.17713  lr 9.92e-05
ep   9  it   950/1563  loss 0.17721  lr 9.92e-05
ep   9  it  1000/1563  loss 0.17722  lr 9.92e-05
ep   9  it  1050/1563  loss 0.17732  lr 9.92e-05
ep   9  it  1100/1563  loss 0.17748  lr 9.92e-05
ep   9  it  1150/1563  loss 0.17757  lr 9.92e-05
ep   9  it  1200/1563  loss 0.17776  lr 9.91e-05
ep   9  it  1250/1563  loss 0.17789  lr 9.91e-05
ep   9  it  1300/1563  loss 0.17789  lr 9.91e-05
ep   9  it  1350/1563  loss 0.17783  lr 9.91e-05
ep   9  it  1400/1563  loss 0.17782  lr 9.91e-05
ep   9  it  1450/1563  loss 0.17792  lr 9.91e-05
ep   9  it  1500/1563  loss 0.17799  lr 9.91e-05
ep   9  it  1550/1563  loss 0.17786  lr 9.91e-05
[sample] wrote /scratch/maths/btech/mt1230785/col775_a2_hpc/col775_a2/samples/ldm_train/ldm_ep009.png (100 steps, guidance=4.0)
[epoch 9] train_loss=0.17779  val_loss=0.17910  lr=9.91e-05  time=2.8 min
ep  10  it    50/1563  loss 0.17589  lr 9.91e-05
ep  10  it   100/1563  loss 0.17790  lr 9.91e-05
ep  10  it   150/1563  loss 0.17850  lr 9.91e-05
ep  10  it   200/1563  loss 0.17702  lr 9.91e-05
ep  10  it   250/1563  loss 0.17596  lr 9.91e-05
ep  10  it   300/1563  loss 0.17521  lr 9.91e-05
ep  10  it   350/1563  loss 0.17586  lr 9.91e-05
ep  10  it   400/1563  loss 0.17567  lr 9.91e-05
ep  10  it   450/1563  loss 0.17559  lr 9.90e-05
ep  10  it   500/1563  loss 0.17527  lr 9.90e-05
ep  10  it   550/1563  loss 0.17543  lr 9.90e-05
ep  10  it   600/1563  loss 0.17524  lr 9.90e-05
ep  10  it   650/1563  loss 0.17535  lr 9.90e-05
ep  10  it   700/1563  loss 0.17570  lr 9.90e-05
ep  10  it   750/1563  loss 0.17571  lr 9.90e-05
ep  10  it   800/1563  loss 0.17565  lr 9.90e-05
ep  10  it   850/1563  loss 0.17487  lr 9.90e-05
ep  10  it   900/1563  loss 0.17485  lr 9.90e-05
ep  10  it   950/1563  loss 0.17479  lr 9.90e-05
ep  10  it  1000/1563  loss 0.17479  lr 9.90e-05
ep  10  it  1050/1563  loss 0.17497  lr 9.90e-05
ep  10  it  1100/1563  loss 0.17490  lr 9.90e-05
ep  10  it  1150/1563  loss 0.17483  lr 9.90e-05
ep  10  it  1200/1563  loss 0.17506  lr 9.89e-05
ep  10  it  1250/1563  loss 0.17513  lr 9.89e-05
ep  10  it  1300/1563  loss 0.17516  lr 9.89e-05
ep  10  it  1350/1563  loss 0.17544  lr 9.89e-05
ep  10  it  1400/1563  loss 0.17531  lr 9.89e-05
ep  10  it  1450/1563  loss 0.17530  lr 9.89e-05
ep  10  it  1500/1563  loss 0.17518  lr 9.89e-05
ep  10  it  1550/1563  loss 0.17518  lr 9.89e-05
[epoch 10] train_loss=0.17517  val_loss=0.17661  lr=9.89e-05  time=2.7 min
ep  11  it    50/1563  loss 0.17703  lr 9.89e-05
ep  11  it   100/1563  loss 0.17490  lr 9.89e-05
ep  11  it   150/1563  loss 0.17633  lr 9.89e-05
ep  11  it   200/1563  loss 0.17592  lr 9.89e-05
ep  11  it   250/1563  loss 0.17397  lr 9.89e-05
ep  11  it   300/1563  loss 0.17317  lr 9.88e-05
ep  11  it   350/1563  loss 0.17291  lr 9.88e-05
ep  11  it   400/1563  loss 0.17336  lr 9.88e-05
ep  11  it   450/1563  loss 0.17325  lr 9.88e-05
ep  11  it   500/1563  loss 0.17350  lr 9.88e-05
ep  11  it   550/1563  loss 0.17293  lr 9.88e-05
ep  11  it   600/1563  loss 0.17317  lr 9.88e-05
ep  11  it   650/1563  loss 0.17358  lr 9.88e-05
ep  11  it   700/1563  loss 0.17378  lr 9.88e-05
ep  11  it   750/1563  loss 0.17370  lr 9.88e-05
ep  11  it   800/1563  loss 0.17276  lr 9.88e-05
ep  11  it   850/1563  loss 0.17265  lr 9.88e-05
ep  11  it   900/1563  loss 0.17252  lr 9.88e-05
ep  11  it   950/1563  loss 0.17283  lr 9.88e-05
ep  11  it  1000/1563  loss 0.17238  lr 9.87e-05
ep  11  it  1050/1563  loss 0.17237  lr 9.87e-05
ep  11  it  1100/1563  loss 0.17218  lr 9.87e-05
ep  11  it  1150/1563  loss 0.17221  lr 9.87e-05
ep  11  it  1200/1563  loss 0.17207  lr 9.87e-05
ep  11  it  1250/1563  loss 0.17211  lr 9.87e-05
ep  11  it  1300/1563  loss 0.17205  lr 9.87e-05
ep  11  it  1350/1563  loss 0.17201  lr 9.87e-05
ep  11  it  1400/1563  loss 0.17204  lr 9.87e-05
ep  11  it  1450/1563  loss 0.17221  lr 9.87e-05
ep  11  it  1500/1563  loss 0.17227  lr 9.87e-05
ep  11  it  1550/1563  loss 0.17234  lr 9.87e-05
[epoch 11] train_loss=0.17238  val_loss=0.17440  lr=9.87e-05  time=2.7 min
ep  12  it    50/1563  loss 0.16961  lr 9.87e-05
ep  12  it   100/1563  loss 0.17042  lr 9.86e-05
ep  12  it   150/1563  loss 0.17103  lr 9.86e-05
ep  12  it   200/1563  loss 0.17113  lr 9.86e-05
ep  12  it   250/1563  loss 0.17048  lr 9.86e-05
ep  12  it   300/1563  loss 0.17061  lr 9.86e-05
ep  12  it   350/1563  loss 0.17012  lr 9.86e-05
ep  12  it   400/1563  loss 0.16968  lr 9.86e-05
ep  12  it   450/1563  loss 0.17033  lr 9.86e-05
ep  12  it   500/1563  loss 0.17037  lr 9.86e-05
ep  12  it   550/1563  loss 0.17101  lr 9.86e-05
ep  12  it   600/1563  loss 0.17100  lr 9.86e-05
ep  12  it   650/1563  loss 0.17089  lr 9.86e-05
ep  12  it   700/1563  loss 0.17077  lr 9.86e-05
ep  12  it   750/1563  loss 0.17055  lr 9.85e-05
ep  12  it   800/1563  loss 0.17049  lr 9.85e-05
ep  12  it   850/1563  loss 0.17035  lr 9.85e-05
ep  12  it   900/1563  loss 0.17032  lr 9.85e-05
ep  12  it   950/1563  loss 0.17019  lr 9.85e-05
ep  12  it  1000/1563  loss 0.17050  lr 9.85e-05
ep  12  it  1050/1563  loss 0.17063  lr 9.85e-05
ep  12  it  1100/1563  loss 0.17073  lr 9.85e-05
ep  12  it  1150/1563  loss 0.17071  lr 9.85e-05
ep  12  it  1200/1563  loss 0.17063  lr 9.85e-05
ep  12  it  1250/1563  loss 0.17078  lr 9.85e-05
ep  12  it  1300/1563  loss 0.17058  lr 9.85e-05
ep  12  it  1350/1563  loss 0.17061  lr 9.84e-05
ep  12  it  1400/1563  loss 0.17074  lr 9.84e-05
ep  12  it  1450/1563  loss 0.17060  lr 9.84e-05
ep  12  it  1500/1563  loss 0.17051  lr 9.84e-05
ep  12  it  1550/1563  loss 0.17050  lr 9.84e-05
[epoch 12] train_loss=0.17048  val_loss=0.17322  lr=9.84e-05  time=2.7 min
ep  13  it    50/1563  loss 0.17270  lr 9.84e-05
ep  13  it   100/1563  loss 0.17337  lr 9.84e-05
ep  13  it   150/1563  loss 0.17304  lr 9.84e-05
ep  13  it   200/1563  loss 0.17070  lr 9.84e-05
ep  13  it   250/1563  loss 0.17035  lr 9.84e-05
ep  13  it   300/1563  loss 0.17045  lr 9.84e-05
ep  13  it   350/1563  loss 0.17017  lr 9.83e-05
ep  13  it   400/1563  loss 0.16996  lr 9.83e-05
ep  13  it   450/1563  loss 0.17019  lr 9.83e-05
ep  13  it   500/1563  loss 0.16938  lr 9.83e-05
ep  13  it   550/1563  loss 0.16923  lr 9.83e-05
ep  13  it   600/1563  loss 0.16929  lr 9.83e-05
ep  13  it   650/1563  loss 0.16874  lr 9.83e-05
ep  13  it   700/1563  loss 0.16852  lr 9.83e-05
ep  13  it   750/1563  loss 0.16837  lr 9.83e-05
ep  13  it   800/1563  loss 0.16829  lr 9.83e-05
ep  13  it   850/1563  loss 0.16847  lr 9.83e-05
ep  13  it   900/1563  loss 0.16867  lr 9.83e-05
ep  13  it   950/1563  loss 0.16889  lr 9.82e-05
ep  13  it  1000/1563  loss 0.16891  lr 9.82e-05
ep  13  it  1050/1563  loss 0.16859  lr 9.82e-05
ep  13  it  1100/1563  loss 0.16864  lr 9.82e-05
ep  13  it  1150/1563  loss 0.16846  lr 9.82e-05
ep  13  it  1200/1563  loss 0.16829  lr 9.82e-05
ep  13  it  1250/1563  loss 0.16806  lr 9.82e-05
ep  13  it  1300/1563  loss 0.16792  lr 9.82e-05
ep  13  it  1350/1563  loss 0.16799  lr 9.82e-05
ep  13  it  1400/1563  loss 0.16791  lr 9.82e-05
ep  13  it  1450/1563  loss 0.16792  lr 9.82e-05
ep  13  it  1500/1563  loss 0.16779  lr 9.81e-05
ep  13  it  1550/1563  loss 0.16774  lr 9.81e-05
[epoch 13] train_loss=0.16792  val_loss=0.17114  lr=9.81e-05  time=2.7 min
ep  14  it    50/1563  loss 0.16598  lr 9.81e-05
ep  14  it   100/1563  loss 0.16635  lr 9.81e-05
ep  14  it   150/1563  loss 0.16629  lr 9.81e-05
ep  14  it   200/1563  loss 0.16628  lr 9.81e-05
ep  14  it   250/1563  loss 0.16539  lr 9.81e-05
ep  14  it   300/1563  loss 0.16583  lr 9.81e-05
ep  14  it   350/1563  loss 0.16613  lr 9.81e-05
ep  14  it   400/1563  loss 0.16649  lr 9.81e-05
ep  14  it   450/1563  loss 0.16595  lr 9.81e-05
ep  14  it   500/1563  loss 0.16646  lr 9.80e-05
ep  14  it   550/1563  loss 0.16617  lr 9.80e-05
ep  14  it   600/1563  loss 0.16620  lr 9.80e-05
ep  14  it   650/1563  loss 0.16615  lr 9.80e-05
ep  14  it   700/1563  loss 0.16578  lr 9.80e-05
ep  14  it   750/1563  loss 0.16598  lr 9.80e-05
ep  14  it   800/1563  loss 0.16568  lr 9.80e-05
ep  14  it   850/1563  loss 0.16592  lr 9.80e-05
ep  14  it   900/1563  loss 0.16564  lr 9.80e-05
ep  14  it   950/1563  loss 0.16562  lr 9.80e-05
ep  14  it  1000/1563  loss 0.16569  lr 9.79e-05
ep  14  it  1050/1563  loss 0.16593  lr 9.79e-05
ep  14  it  1100/1563  loss 0.16627  lr 9.79e-05
ep  14  it  1150/1563  loss 0.16611  lr 9.79e-05
ep  14  it  1200/1563  loss 0.16619  lr 9.79e-05
ep  14  it  1250/1563  loss 0.16591  lr 9.79e-05
ep  14  it  1300/1563  loss 0.16590  lr 9.79e-05
ep  14  it  1350/1563  loss 0.16615  lr 9.79e-05
ep  14  it  1400/1563  loss 0.16643  lr 9.79e-05
ep  14  it  1450/1563  loss 0.16635  lr 9.79e-05
ep  14  it  1500/1563  loss 0.16627  lr 9.78e-05
ep  14  it  1550/1563  loss 0.16628  lr 9.78e-05
[epoch 14] train_loss=0.16628  val_loss=0.16972  lr=9.78e-05  time=2.7 min
ep  15  it    50/1563  loss 0.16355  lr 9.78e-05
ep  15  it   100/1563  loss 0.16733  lr 9.78e-05
ep  15  it   150/1563  loss 0.16661  lr 9.78e-05
ep  15  it   200/1563  loss 0.16726  lr 9.78e-05
ep  15  it   250/1563  loss 0.16623  lr 9.78e-05
ep  15  it   300/1563  loss 0.16562  lr 9.78e-05
ep  15  it   350/1563  loss 0.16688  lr 9.78e-05
ep  15  it   400/1563  loss 0.16643  lr 9.78e-05
ep  15  it   450/1563  loss 0.16579  lr 9.77e-05
ep  15  it   500/1563  loss 0.16564  lr 9.77e-05
ep  15  it   550/1563  loss 0.16543  lr 9.77e-05
ep  15  it   600/1563  loss 0.16538  lr 9.77e-05
ep  15  it   650/1563  loss 0.16491  lr 9.77e-05
ep  15  it   700/1563  loss 0.16473  lr 9.77e-05
ep  15  it   750/1563  loss 0.16450  lr 9.77e-05
ep  15  it   800/1563  loss 0.16389  lr 9.77e-05
ep  15  it   850/1563  loss 0.16394  lr 9.77e-05
ep  15  it   900/1563  loss 0.16391  lr 9.77e-05
ep  15  it   950/1563  loss 0.16374  lr 9.76e-05
ep  15  it  1000/1563  loss 0.16382  lr 9.76e-05
ep  15  it  1050/1563  loss 0.16403  lr 9.76e-05
ep  15  it  1100/1563  loss 0.16403  lr 9.76e-05
ep  15  it  1150/1563  loss 0.16393  lr 9.76e-05
ep  15  it  1200/1563  loss 0.16383  lr 9.76e-05
ep  15  it  1250/1563  loss 0.16391  lr 9.76e-05
ep  15  it  1300/1563  loss 0.16399  lr 9.76e-05
ep  15  it  1350/1563  loss 0.16402  lr 9.76e-05
ep  15  it  1400/1563  loss 0.16411  lr 9.76e-05
ep  15  it  1450/1563  loss 0.16384  lr 9.75e-05
ep  15  it  1500/1563  loss 0.16389  lr 9.75e-05
ep  15  it  1550/1563  loss 0.16369  lr 9.75e-05
[epoch 15] train_loss=0.16372  val_loss=0.16805  lr=9.75e-05  time=2.8 min
ep  16  it    50/1563  loss 0.16512  lr 9.75e-05
ep  16  it   100/1563  loss 0.16703  lr 9.75e-05
ep  16  it   150/1563  loss 0.16773  lr 9.75e-05
ep  16  it   200/1563  loss 0.16720  lr 9.75e-05
ep  16  it   250/1563  loss 0.16823  lr 9.75e-05
ep  16  it   300/1563  loss 0.16759  lr 9.75e-05
ep  16  it   350/1563  loss 0.16796  lr 9.74e-05
ep  16  it   400/1563  loss 0.16741  lr 9.74e-05
ep  16  it   450/1563  loss 0.16691  lr 9.74e-05
ep  16  it   500/1563  loss 0.16698  lr 9.74e-05
ep  16  it   550/1563  loss 0.16734  lr 9.74e-05
ep  16  it   600/1563  loss 0.16714  lr 9.74e-05
ep  16  it   650/1563  loss 0.16676  lr 9.74e-05
ep  16  it   700/1563  loss 0.16651  lr 9.74e-05
ep  16  it   750/1563  loss 0.16598  lr 9.74e-05
ep  16  it   800/1563  loss 0.16598  lr 9.73e-05
ep  16  it   850/1563  loss 0.16608  lr 9.73e-05
ep  16  it   900/1563  loss 0.16571  lr 9.73e-05
ep  16  it   950/1563  loss 0.16581  lr 9.73e-05
ep  16  it  1000/1563  loss 0.16568  lr 9.73e-05
ep  16  it  1050/1563  loss 0.16573  lr 9.73e-05
ep  16  it  1100/1563  loss 0.16572  lr 9.73e-05
ep  16  it  1150/1563  loss 0.16589  lr 9.73e-05
ep  16  it  1200/1563  loss 0.16576  lr 9.73e-05
ep  16  it  1250/1563  loss 0.16586  lr 9.73e-05
ep  16  it  1300/1563  loss 0.16586  lr 9.72e-05
ep  16  it  1350/1563  loss 0.16580  lr 9.72e-05
ep  16  it  1400/1563  loss 0.16565  lr 9.72e-05
ep  16  it  1450/1563  loss 0.16551  lr 9.72e-05
ep  16  it  1500/1563  loss 0.16560  lr 9.72e-05
ep  16  it  1550/1563  loss 0.16549  lr 9.72e-05
[epoch 16] train_loss=0.16539  val_loss=0.16670  lr=9.72e-05  time=2.8 min
ep  17  it    50/1563  loss 0.16817  lr 9.72e-05
ep  17  it   100/1563  loss 0.16505  lr 9.72e-05
ep  17  it   150/1563  loss 0.16264  lr 9.71e-05
ep  17  it   200/1563  loss 0.16261  lr 9.71e-05
ep  17  it   250/1563  loss 0.16304  lr 9.71e-05
ep  17  it   300/1563  loss 0.16392  lr 9.71e-05
ep  17  it   350/1563  loss 0.16479  lr 9.71e-05
ep  17  it   400/1563  loss 0.16460  lr 9.71e-05
ep  17  it   450/1563  loss 0.16417  lr 9.71e-05
ep  17  it   500/1563  loss 0.16360  lr 9.71e-05
ep  17  it   550/1563  loss 0.16371  lr 9.71e-05
ep  17  it   600/1563  loss 0.16383  lr 9.70e-05
ep  17  it   650/1563  loss 0.16390  lr 9.70e-05
ep  17  it   700/1563  loss 0.16372  lr 9.70e-05
ep  17  it   750/1563  loss 0.16382  lr 9.70e-05
ep  17  it   800/1563  loss 0.16411  lr 9.70e-05
ep  17  it   850/1563  loss 0.16400  lr 9.70e-05
ep  17  it   900/1563  loss 0.16399  lr 9.70e-05
ep  17  it   950/1563  loss 0.16373  lr 9.70e-05
ep  17  it  1000/1563  loss 0.16331  lr 9.70e-05
ep  17  it  1050/1563  loss 0.16314  lr 9.69e-05
ep  17  it  1100/1563  loss 0.16315  lr 9.69e-05
ep  17  it  1150/1563  loss 0.16330  lr 9.69e-05
ep  17  it  1200/1563  loss 0.16325  lr 9.69e-05
ep  17  it  1250/1563  loss 0.16324  lr 9.69e-05
ep  17  it  1300/1563  loss 0.16301  lr 9.69e-05
ep  17  it  1350/1563  loss 0.16271  lr 9.69e-05
ep  17  it  1400/1563  loss 0.16267  lr 9.69e-05
ep  17  it  1450/1563  loss 0.16267  lr 9.68e-05
ep  17  it  1500/1563  loss 0.16297  lr 9.68e-05
ep  17  it  1550/1563  loss 0.16304  lr 9.68e-05
[epoch 17] train_loss=0.16306  val_loss=0.16535  lr=9.68e-05  time=2.8 min
ep  18  it    50/1563  loss 0.16326  lr 9.68e-05
ep  18  it   100/1563  loss 0.16129  lr 9.68e-05
ep  18  it   150/1563  loss 0.16144  lr 9.68e-05
ep  18  it   200/1563  loss 0.16232  lr 9.68e-05
ep  18  it   250/1563  loss 0.16153  lr 9.68e-05
ep  18  it   300/1563  loss 0.16102  lr 9.68e-05
ep  18  it   350/1563  loss 0.16150  lr 9.67e-05
ep  18  it   400/1563  loss 0.16185  lr 9.67e-05
ep  18  it   450/1563  loss 0.16169  lr 9.67e-05
ep  18  it   500/1563  loss 0.16209  lr 9.67e-05
ep  18  it   550/1563  loss 0.16237  lr 9.67e-05
ep  18  it   600/1563  loss 0.16259  lr 9.67e-05
ep  18  it   650/1563  loss 0.16232  lr 9.67e-05
ep  18  it   700/1563  loss 0.16244  lr 9.67e-05
ep  18  it   750/1563  loss 0.16241  lr 9.66e-05
ep  18  it   800/1563  loss 0.16233  lr 9.66e-05
ep  18  it   850/1563  loss 0.16200  lr 9.66e-05
ep  18  it   900/1563  loss 0.16219  lr 9.66e-05
ep  18  it   950/1563  loss 0.16227  lr 9.66e-05
ep  18  it  1000/1563  loss 0.16222  lr 9.66e-05
ep  18  it  1050/1563  loss 0.16196  lr 9.66e-05
ep  18  it  1100/1563  loss 0.16193  lr 9.66e-05
ep  18  it  1150/1563  loss 0.16187  lr 9.65e-05
ep  18  it  1200/1563  loss 0.16206  lr 9.65e-05
ep  18  it  1250/1563  loss 0.16220  lr 9.65e-05
ep  18  it  1300/1563  loss 0.16236  lr 9.65e-05
ep  18  it  1350/1563  loss 0.16231  lr 9.65e-05
ep  18  it  1400/1563  loss 0.16217  lr 9.65e-05
ep  18  it  1450/1563  loss 0.16224  lr 9.65e-05
ep  18  it  1500/1563  loss 0.16226  lr 9.65e-05
ep  18  it  1550/1563  loss 0.16210  lr 9.64e-05
[epoch 18] train_loss=0.16212  val_loss=0.16451  lr=9.64e-05  time=2.8 min
ep  19  it    50/1563  loss 0.15600  lr 9.64e-05
ep  19  it   100/1563  loss 0.15508  lr 9.64e-05
ep  19  it   150/1563  loss 0.15734  lr 9.64e-05
ep  19  it   200/1563  loss 0.15875  lr 9.64e-05
ep  19  it   250/1563  loss 0.15921  lr 9.64e-05
ep  19  it   300/1563  loss 0.15822  lr 9.64e-05
ep  19  it   350/1563  loss 0.15904  lr 9.64e-05
ep  19  it   400/1563  loss 0.15875  lr 9.63e-05
ep  19  it   450/1563  loss 0.15917  lr 9.63e-05
ep  19  it   500/1563  loss 0.15927  lr 9.63e-05
ep  19  it   550/1563  loss 0.15913  lr 9.63e-05
ep  19  it   600/1563  loss 0.15943  lr 9.63e-05
ep  19  it   650/1563  loss 0.15987  lr 9.63e-05
ep  19  it   700/1563  loss 0.16025  lr 9.63e-05
ep  19  it   750/1563  loss 0.16030  lr 9.63e-05
ep  19  it   800/1563  loss 0.16058  lr 9.62e-05
ep  19  it   850/1563  loss 0.16050  lr 9.62e-05
ep  19  it   900/1563  loss 0.16055  lr 9.62e-05
ep  19  it   950/1563  loss 0.16057  lr 9.62e-05
ep  19  it  1000/1563  loss 0.16046  lr 9.62e-05
ep  19  it  1050/1563  loss 0.16067  lr 9.62e-05
ep  19  it  1100/1563  loss 0.16074  lr 9.62e-05
ep  19  it  1150/1563  loss 0.16072  lr 9.61e-05
ep  19  it  1200/1563  loss 0.16080  lr 9.61e-05
ep  19  it  1250/1563  loss 0.16089  lr 9.61e-05
ep  19  it  1300/1563  loss 0.16091  lr 9.61e-05
ep  19  it  1350/1563  loss 0.16095  lr 9.61e-05
ep  19  it  1400/1563  loss 0.16099  lr 9.61e-05
ep  19  it  1450/1563  loss 0.16103  lr 9.61e-05
ep  19  it  1500/1563  loss 0.16087  lr 9.61e-05
ep  19  it  1550/1563  loss 0.16075  lr 9.60e-05
[sample] wrote /scratch/maths/btech/mt1230785/col775_a2_hpc/col775_a2/samples/ldm_train/ldm_ep019.png (100 steps, guidance=4.0)
[epoch 19] train_loss=0.16073  val_loss=0.16377  lr=9.60e-05  time=2.8 min
ep  20  it    50/1563  loss 0.16161  lr 9.60e-05
ep  20  it   100/1563  loss 0.16226  lr 9.60e-05
ep  20  it   150/1563  loss 0.16305  lr 9.60e-05
ep  20  it   200/1563  loss 0.16101  lr 9.60e-05
ep  20  it   250/1563  loss 0.16223  lr 9.60e-05
ep  20  it   300/1563  loss 0.16217  lr 9.60e-05
ep  20  it   350/1563  loss 0.16186  lr 9.59e-05
ep  20  it   400/1563  loss 0.16235  lr 9.59e-05
ep  20  it   450/1563  loss 0.16159  lr 9.59e-05
ep  20  it   500/1563  loss 0.16143  lr 9.59e-05
ep  20  it   550/1563  loss 0.16135  lr 9.59e-05
ep  20  it   600/1563  loss 0.16130  lr 9.59e-05
ep  20  it   650/1563  loss 0.16103  lr 9.59e-05
ep  20  it   700/1563  loss 0.16081  lr 9.59e-05
ep  20  it   750/1563  loss 0.16059  lr 9.58e-05
ep  20  it   800/1563  loss 0.16056  lr 9.58e-05
ep  20  it   850/1563  loss 0.16043  lr 9.58e-05
ep  20  it   900/1563  loss 0.16047  lr 9.58e-05
ep  20  it   950/1563  loss 0.16066  lr 9.58e-05
ep  20  it  1000/1563  loss 0.16066  lr 9.58e-05
ep  20  it  1050/1563  loss 0.16052  lr 9.58e-05
ep  20  it  1100/1563  loss 0.16026  lr 9.57e-05
ep  20  it  1150/1563  loss 0.16008  lr 9.57e-05
ep  20  it  1200/1563  loss 0.16002  lr 9.57e-05
ep  20  it  1250/1563  loss 0.16006  lr 9.57e-05
ep  20  it  1300/1563  loss 0.16008  lr 9.57e-05
ep  20  it  1350/1563  loss 0.16018  lr 9.57e-05
ep  20  it  1400/1563  loss 0.16033  lr 9.57e-05
ep  20  it  1450/1563  loss 0.16020  lr 9.57e-05
ep  20  it  1500/1563  loss 0.16022  lr 9.56e-05
ep  20  it  1550/1563  loss 0.16029  lr 9.56e-05
[epoch 20] train_loss=0.16033  val_loss=0.16202  lr=9.56e-05  time=3.2 min
ep  21  it    50/1563  loss 0.15487  lr 9.56e-05
ep  21  it   100/1563  loss 0.15800  lr 9.56e-05
ep  21  it   150/1563  loss 0.16069  lr 9.56e-05
ep  21  it   200/1563  loss 0.16008  lr 9.56e-05
ep  21  it   250/1563  loss 0.15932  lr 9.56e-05
ep  21  it   300/1563  loss 0.15904  lr 9.55e-05
ep  21  it   350/1563  loss 0.15934  lr 9.55e-05
ep  21  it   400/1563  loss 0.15909  lr 9.55e-05
ep  21  it   450/1563  loss 0.15920  lr 9.55e-05
ep  21  it   500/1563  loss 0.15908  lr 9.55e-05
ep  21  it   550/1563  loss 0.15904  lr 9.55e-05
ep  21  it   600/1563  loss 0.15933  lr 9.55e-05
ep  21  it   650/1563  loss 0.15924  lr 9.54e-05
ep  21  it   700/1563  loss 0.15926  lr 9.54e-05
ep  21  it   750/1563  loss 0.15909  lr 9.54e-05
ep  21  it   800/1563  loss 0.15930  lr 9.54e-05
ep  21  it   850/1563  loss 0.15917  lr 9.54e-05
ep  21  it   900/1563  loss 0.15923  lr 9.54e-05
ep  21  it   950/1563  loss 0.15926  lr 9.54e-05
ep  21  it  1000/1563  loss 0.15928  lr 9.53e-05
ep  21  it  1050/1563  loss 0.15935  lr 9.53e-05
ep  21  it  1100/1563  loss 0.15917  lr 9.53e-05
ep  21  it  1150/1563  loss 0.15890  lr 9.53e-05
ep  21  it  1200/1563  loss 0.15919  lr 9.53e-05
ep  21  it  1250/1563  loss 0.15904  lr 9.53e-05
ep  21  it  1300/1563  loss 0.15922  lr 9.53e-05
ep  21  it  1350/1563  loss 0.15905  lr 9.52e-05
ep  21  it  1400/1563  loss 0.15917  lr 9.52e-05
ep  21  it  1450/1563  loss 0.15938  lr 9.52e-05
ep  21  it  1500/1563  loss 0.15922  lr 9.52e-05
ep  21  it  1550/1563  loss 0.15918  lr 9.52e-05
[epoch 21] train_loss=0.15917  val_loss=0.16076  lr=9.52e-05  time=3.2 min
ep  22  it    50/1563  loss 0.15877  lr 9.52e-05
ep  22  it   100/1563  loss 0.16008  lr 9.51e-05
ep  22  it   150/1563  loss 0.15915  lr 9.51e-05
ep  22  it   200/1563  loss 0.15903  lr 9.51e-05
ep  22  it   250/1563  loss 0.15850  lr 9.51e-05
ep  22  it   300/1563  loss 0.15822  lr 9.51e-05
ep  22  it   350/1563  loss 0.15774  lr 9.51e-05
ep  22  it   400/1563  loss 0.15729  lr 9.51e-05
ep  22  it   450/1563  loss 0.15673  lr 9.50e-05
ep  22  it   500/1563  loss 0.15702  lr 9.50e-05
ep  22  it   550/1563  loss 0.15734  lr 9.50e-05
ep  22  it   600/1563  loss 0.15713  lr 9.50e-05
ep  22  it   650/1563  loss 0.15683  lr 9.50e-05
ep  22  it   700/1563  loss 0.15702  lr 9.50e-05
ep  22  it   750/1563  loss 0.15716  lr 9.50e-05
ep  22  it   800/1563  loss 0.15713  lr 9.49e-05
ep  22  it   850/1563  loss 0.15722  lr 9.49e-05
ep  22  it   900/1563  loss 0.15720  lr 9.49e-05
ep  22  it   950/1563  loss 0.15700  lr 9.49e-05
ep  22  it  1000/1563  loss 0.15695  lr 9.49e-05
ep  22  it  1050/1563  loss 0.15709  lr 9.49e-05
ep  22  it  1100/1563  loss 0.15707  lr 9.49e-05
ep  22  it  1150/1563  loss 0.15687  lr 9.48e-05
ep  22  it  1200/1563  loss 0.15695  lr 9.48e-05
ep  22  it  1250/1563  loss 0.15697  lr 9.48e-05
ep  22  it  1300/1563  loss 0.15690  lr 9.48e-05
ep  22  it  1350/1563  loss 0.15697  lr 9.48e-05
ep  22  it  1400/1563  loss 0.15707  lr 9.48e-05
ep  22  it  1450/1563  loss 0.15715  lr 9.48e-05
ep  22  it  1500/1563  loss 0.15715  lr 9.47e-05
ep  22  it  1550/1563  loss 0.15712  lr 9.47e-05
[epoch 22] train_loss=0.15713  val_loss=0.16043  lr=9.47e-05  time=3.2 min
ep  23  it    50/1563  loss 0.15898  lr 9.47e-05
ep  23  it   100/1563  loss 0.15873  lr 9.47e-05
ep  23  it   150/1563  loss 0.15621  lr 9.47e-05
ep  23  it   200/1563  loss 0.15580  lr 9.47e-05
ep  23  it   250/1563  loss 0.15661  lr 9.46e-05
ep  23  it   300/1563  loss 0.15573  lr 9.46e-05
ep  23  it   350/1563  loss 0.15579  lr 9.46e-05
ep  23  it   400/1563  loss 0.15596  lr 9.46e-05
ep  23  it   450/1563  loss 0.15581  lr 9.46e-05
ep  23  it   500/1563  loss 0.15634  lr 9.46e-05
ep  23  it   550/1563  loss 0.15663  lr 9.45e-05
ep  23  it   600/1563  loss 0.15702  lr 9.45e-05
ep  23  it   650/1563  loss 0.15749  lr 9.45e-05
ep  23  it   700/1563  loss 0.15713  lr 9.45e-05
ep  23  it   750/1563  loss 0.15703  lr 9.45e-05
ep  23  it   800/1563  loss 0.15729  lr 9.45e-05
ep  23  it   850/1563  loss 0.15727  lr 9.45e-05
ep  23  it   900/1563  loss 0.15709  lr 9.44e-05
ep  23  it   950/1563  loss 0.15700  lr 9.44e-05
ep  23  it  1000/1563  loss 0.15721  lr 9.44e-05
ep  23  it  1050/1563  loss 0.15699  lr 9.44e-05
ep  23  it  1100/1563  loss 0.15698  lr 9.44e-05
ep  23  it  1150/1563  loss 0.15665  lr 9.44e-05
ep  23  it  1200/1563  loss 0.15686  lr 9.43e-05
ep  23  it  1250/1563  loss 0.15682  lr 9.43e-05
ep  23  it  1300/1563  loss 0.15710  lr 9.43e-05
ep  23  it  1350/1563  loss 0.15715  lr 9.43e-05
ep  23  it  1400/1563  loss 0.15708  lr 9.43e-05
ep  23  it  1450/1563  loss 0.15712  lr 9.43e-05
ep  23  it  1500/1563  loss 0.15714  lr 9.43e-05
ep  23  it  1550/1563  loss 0.15727  lr 9.42e-05
[epoch 23] train_loss=0.15726  val_loss=0.15956  lr=9.42e-05  time=3.6 min
ep  24  it    50/1563  loss 0.16020  lr 9.42e-05
ep  24  it   100/1563  loss 0.16110  lr 9.42e-05
ep  24  it   150/1563  loss 0.16128  lr 9.42e-05
ep  24  it   200/1563  loss 0.15979  lr 9.42e-05
ep  24  it   250/1563  loss 0.15887  lr 9.42e-05
ep  24  it   300/1563  loss 0.15880  lr 9.41e-05
ep  24  it   350/1563  loss 0.15752  lr 9.41e-05
ep  24  it   400/1563  loss 0.15662  lr 9.41e-05
ep  24  it   450/1563  loss 0.15669  lr 9.41e-05
ep  24  it   500/1563  loss 0.15642  lr 9.41e-05
ep  24  it   550/1563  loss 0.15619  lr 9.41e-05
ep  24  it   600/1563  loss 0.15561  lr 9.40e-05
ep  24  it   650/1563  loss 0.15567  lr 9.40e-05
ep  24  it   700/1563  loss 0.15585  lr 9.40e-05
ep  24  it   750/1563  loss 0.15619  lr 9.40e-05
ep  24  it   800/1563  loss 0.15607  lr 9.40e-05
ep  24  it   850/1563  loss 0.15592  lr 9.40e-05
ep  24  it   900/1563  loss 0.15598  lr 9.39e-05
ep  24  it   950/1563  loss 0.15606  lr 9.39e-05
ep  24  it  1000/1563  loss 0.15604  lr 9.39e-05
ep  24  it  1050/1563  loss 0.15572  lr 9.39e-05
ep  24  it  1100/1563  loss 0.15602  lr 9.39e-05
ep  24  it  1150/1563  loss 0.15609  lr 9.39e-05
ep  24  it  1200/1563  loss 0.15633  lr 9.39e-05
ep  24  it  1250/1563  loss 0.15630  lr 9.38e-05
ep  24  it  1300/1563  loss 0.15637  lr 9.38e-05
ep  24  it  1350/1563  loss 0.15647  lr 9.38e-05
ep  24  it  1400/1563  loss 0.15659  lr 9.38e-05
ep  24  it  1450/1563  loss 0.15679  lr 9.38e-05
ep  24  it  1500/1563  loss 0.15680  lr 9.38e-05
ep  24  it  1550/1563  loss 0.15677  lr 9.37e-05
[epoch 24] train_loss=0.15670  val_loss=0.15858  lr=9.37e-05  time=2.7 min
ep  25  it    50/1563  loss 0.15021  lr 9.37e-05
ep  25  it   100/1563  loss 0.15458  lr 9.37e-05
ep  25  it   150/1563  loss 0.15353  lr 9.37e-05
ep  25  it   200/1563  loss 0.15330  lr 9.37e-05
ep  25  it   250/1563  loss 0.15357  lr 9.37e-05
ep  25  it   300/1563  loss 0.15335  lr 9.36e-05
ep  25  it   350/1563  loss 0.15414  lr 9.36e-05
ep  25  it   400/1563  loss 0.15426  lr 9.36e-05
ep  25  it   450/1563  loss 0.15452  lr 9.36e-05
ep  25  it   500/1563  loss 0.15490  lr 9.36e-05
ep  25  it   550/1563  loss 0.15478  lr 9.36e-05
ep  25  it   600/1563  loss 0.15474  lr 9.35e-05
ep  25  it   650/1563  loss 0.15483  lr 9.35e-05
ep  25  it   700/1563  loss 0.15430  lr 9.35e-05
ep  25  it   750/1563  loss 0.15460  lr 9.35e-05
ep  25  it   800/1563  loss 0.15453  lr 9.35e-05
ep  25  it   850/1563  loss 0.15465  lr 9.35e-05
ep  25  it   900/1563  loss 0.15461  lr 9.34e-05
ep  25  it   950/1563  loss 0.15454  lr 9.34e-05
ep  25  it  1000/1563  loss 0.15464  lr 9.34e-05
ep  25  it  1050/1563  loss 0.15476  lr 9.34e-05
ep  25  it  1100/1563  loss 0.15483  lr 9.34e-05
ep  25  it  1150/1563  loss 0.15491  lr 9.34e-05
ep  25  it  1200/1563  loss 0.15515  lr 9.33e-05
ep  25  it  1250/1563  loss 0.15522  lr 9.33e-05
ep  25  it  1300/1563  loss 0.15511  lr 9.33e-05
ep  25  it  1350/1563  loss 0.15515  lr 9.33e-05
ep  25  it  1400/1563  loss 0.15499  lr 9.33e-05
ep  25  it  1450/1563  loss 0.15508  lr 9.33e-05
ep  25  it  1500/1563  loss 0.15511  lr 9.32e-05
ep  25  it  1550/1563  loss 0.15517  lr 9.32e-05
[epoch 25] train_loss=0.15518  val_loss=0.15789  lr=9.32e-05  time=2.7 min
ep  26  it    50/1563  loss 0.15250  lr 9.32e-05
ep  26  it   100/1563  loss 0.15429  lr 9.32e-05
ep  26  it   150/1563  loss 0.15529  lr 9.32e-05
ep  26  it   200/1563  loss 0.15452  lr 9.31e-05
ep  26  it   250/1563  loss 0.15420  lr 9.31e-05
ep  26  it   300/1563  loss 0.15458  lr 9.31e-05
ep  26  it   350/1563  loss 0.15378  lr 9.31e-05
ep  26  it   400/1563  loss 0.15375  lr 9.31e-05
ep  26  it   450/1563  loss 0.15441  lr 9.31e-05
ep  26  it   500/1563  loss 0.15435  lr 9.30e-05
ep  26  it   550/1563  loss 0.15419  lr 9.30e-05
ep  26  it   600/1563  loss 0.15387  lr 9.30e-05
ep  26  it   650/1563  loss 0.15357  lr 9.30e-05
ep  26  it   700/1563  loss 0.15359  lr 9.30e-05
ep  26  it   750/1563  loss 0.15384  lr 9.30e-05
ep  26  it   800/1563  loss 0.15368  lr 9.29e-05
ep  26  it   850/1563  loss 0.15392  lr 9.29e-05
ep  26  it   900/1563  loss 0.15392  lr 9.29e-05
ep  26  it   950/1563  loss 0.15409  lr 9.29e-05
ep  26  it  1000/1563  loss 0.15378  lr 9.29e-05
ep  26  it  1050/1563  loss 0.15404  lr 9.29e-05
ep  26  it  1100/1563  loss 0.15378  lr 9.28e-05
ep  26  it  1150/1563  loss 0.15369  lr 9.28e-05
ep  26  it  1200/1563  loss 0.15400  lr 9.28e-05
ep  26  it  1250/1563  loss 0.15414  lr 9.28e-05
ep  26  it  1300/1563  loss 0.15421  lr 9.28e-05
ep  26  it  1350/1563  loss 0.15417  lr 9.27e-05
ep  26  it  1400/1563  loss 0.15419  lr 9.27e-05
ep  26  it  1450/1563  loss 0.15415  lr 9.27e-05
ep  26  it  1500/1563  loss 0.15414  lr 9.27e-05
ep  26  it  1550/1563  loss 0.15399  lr 9.27e-05
[epoch 26] train_loss=0.15408  val_loss=0.15726  lr=9.27e-05  time=2.7 min
ep  27  it    50/1563  loss 0.15372  lr 9.27e-05
ep  27  it   100/1563  loss 0.15399  lr 9.26e-05
ep  27  it   150/1563  loss 0.15436  lr 9.26e-05
ep  27  it   200/1563  loss 0.15440  lr 9.26e-05
ep  27  it   250/1563  loss 0.15341  lr 9.26e-05
ep  27  it   300/1563  loss 0.15341  lr 9.26e-05
ep  27  it   350/1563  loss 0.15371  lr 9.25e-05
ep  27  it   400/1563  loss 0.15346  lr 9.25e-05
ep  27  it   450/1563  loss 0.15399  lr 9.25e-05
ep  27  it   500/1563  loss 0.15403  lr 9.25e-05
ep  27  it   550/1563  loss 0.15427  lr 9.25e-05
ep  27  it   600/1563  loss 0.15439  lr 9.25e-05
ep  27  it   650/1563  loss 0.15386  lr 9.24e-05
ep  27  it   700/1563  loss 0.15360  lr 9.24e-05
ep  27  it   750/1563  loss 0.15374  lr 9.24e-05
ep  27  it   800/1563  loss 0.15347  lr 9.24e-05
ep  27  it   850/1563  loss 0.15347  lr 9.24e-05
ep  27  it   900/1563  loss 0.15350  lr 9.24e-05
ep  27  it   950/1563  loss 0.15339  lr 9.23e-05
ep  27  it  1000/1563  loss 0.15331  lr 9.23e-05
ep  27  it  1050/1563  loss 0.15345  lr 9.23e-05
ep  27  it  1100/1563  loss 0.15363  lr 9.23e-05
ep  27  it  1150/1563  loss 0.15370  lr 9.23e-05
ep  27  it  1200/1563  loss 0.15371  lr 9.22e-05
ep  27  it  1250/1563  loss 0.15370  lr 9.22e-05
ep  27  it  1300/1563  loss 0.15370  lr 9.22e-05
ep  27  it  1350/1563  loss 0.15372  lr 9.22e-05
ep  27  it  1400/1563  loss 0.15377  lr 9.22e-05
ep  27  it  1450/1563  loss 0.15376  lr 9.22e-05
ep  27  it  1500/1563  loss 0.15387  lr 9.21e-05
ep  27  it  1550/1563  loss 0.15399  lr 9.21e-05
[epoch 27] train_loss=0.15403  val_loss=0.15673  lr=9.21e-05  time=2.7 min
ep  28  it    50/1563  loss 0.15655  lr 9.21e-05
ep  28  it   100/1563  loss 0.15374  lr 9.21e-05
ep  28  it   150/1563  loss 0.15388  lr 9.21e-05
ep  28  it   200/1563  loss 0.15311  lr 9.20e-05
ep  28  it   250/1563  loss 0.15311  lr 9.20e-05
ep  28  it   300/1563  loss 0.15207  lr 9.20e-05
ep  28  it   350/1563  loss 0.15229  lr 9.20e-05
ep  28  it   400/1563  loss 0.15283  lr 9.20e-05
ep  28  it   450/1563  loss 0.15284  lr 9.20e-05
ep  28  it   500/1563  loss 0.15306  lr 9.19e-05
ep  28  it   550/1563  loss 0.15376  lr 9.19e-05
ep  28  it   600/1563  loss 0.15370  lr 9.19e-05
ep  28  it   650/1563  loss 0.15340  lr 9.19e-05
ep  28  it   700/1563  loss 0.15344  lr 9.19e-05
ep  28  it   750/1563  loss 0.15284  lr 9.18e-05
ep  28  it   800/1563  loss 0.15276  lr 9.18e-05
ep  28  it   850/1563  loss 0.15245  lr 9.18e-05
ep  28  it   900/1563  loss 0.15232  lr 9.18e-05
ep  28  it   950/1563  loss 0.15256  lr 9.18e-05
ep  28  it  1000/1563  loss 0.15252  lr 9.17e-05
ep  28  it  1050/1563  loss 0.15233  lr 9.17e-05
ep  28  it  1100/1563  loss 0.15227  lr 9.17e-05
ep  28  it  1150/1563  loss 0.15240  lr 9.17e-05
ep  28  it  1200/1563  loss 0.15254  lr 9.17e-05
ep  28  it  1250/1563  loss 0.15249  lr 9.17e-05
ep  28  it  1300/1563  loss 0.15253  lr 9.16e-05
ep  28  it  1350/1563  loss 0.15264  lr 9.16e-05
ep  28  it  1400/1563  loss 0.15250  lr 9.16e-05
ep  28  it  1450/1563  loss 0.15270  lr 9.16e-05
ep  28  it  1500/1563  loss 0.15260  lr 9.16e-05
ep  28  it  1550/1563  loss 0.15277  lr 9.15e-05
[epoch 28] train_loss=0.15278  val_loss=0.15593  lr=9.15e-05  time=2.8 min
ep  29  it    50/1563  loss 0.15630  lr 9.15e-05
ep  29  it   100/1563  loss 0.15297  lr 9.15e-05
ep  29  it   150/1563  loss 0.15075  lr 9.15e-05
ep  29  it   200/1563  loss 0.15161  lr 9.15e-05
ep  29  it   250/1563  loss 0.15096  lr 9.14e-05
ep  29  it   300/1563  loss 0.15125  lr 9.14e-05
ep  29  it   350/1563  loss 0.15074  lr 9.14e-05
ep  29  it   400/1563  loss 0.15070  lr 9.14e-05
ep  29  it   450/1563  loss 0.15022  lr 9.14e-05
ep  29  it   500/1563  loss 0.15039  lr 9.13e-05
ep  29  it   550/1563  loss 0.15075  lr 9.13e-05
ep  29  it   600/1563  loss 0.15058  lr 9.13e-05
ep  29  it   650/1563  loss 0.15075  lr 9.13e-05
ep  29  it   700/1563  loss 0.15080  lr 9.13e-05
ep  29  it   750/1563  loss 0.15053  lr 9.13e-05
ep  29  it   800/1563  loss 0.15078  lr 9.12e-05
ep  29  it   850/1563  loss 0.15089  lr 9.12e-05
ep  29  it   900/1563  loss 0.15098  lr 9.12e-05
ep  29  it   950/1563  loss 0.15102  lr 9.12e-05
ep  29  it  1000/1563  loss 0.15125  lr 9.12e-05
ep  29  it  1050/1563  loss 0.15127  lr 9.11e-05
ep  29  it  1100/1563  loss 0.15134  lr 9.11e-05
ep  29  it  1150/1563  loss 0.15132  lr 9.11e-05
ep  29  it  1200/1563  loss 0.15164  lr 9.11e-05
ep  29  it  1250/1563  loss 0.15173  lr 9.11e-05
ep  29  it  1300/1563  loss 0.15184  lr 9.10e-05
ep  29  it  1350/1563  loss 0.15184  lr 9.10e-05
ep  29  it  1400/1563  loss 0.15177  lr 9.10e-05
ep  29  it  1450/1563  loss 0.15190  lr 9.10e-05
ep  29  it  1500/1563  loss 0.15196  lr 9.10e-05
ep  29  it  1550/1563  loss 0.15189  lr 9.09e-05
[sample] wrote /scratch/maths/btech/mt1230785/col775_a2_hpc/col775_a2/samples/ldm_train/ldm_ep029.png (100 steps, guidance=4.0)
[epoch 29] train_loss=0.15193  val_loss=0.15520  lr=9.09e-05  time=2.8 min
ep  30  it    50/1563  loss 0.15465  lr 9.09e-05
ep  30  it   100/1563  loss 0.15512  lr 9.09e-05
ep  30  it   150/1563  loss 0.15407  lr 9.09e-05
ep  30  it   200/1563  loss 0.15370  lr 9.09e-05
ep  30  it   250/1563  loss 0.15291  lr 9.08e-05
ep  30  it   300/1563  loss 0.15258  lr 9.08e-05
ep  30  it   350/1563  loss 0.15220  lr 9.08e-05
ep  30  it   400/1563  loss 0.15245  lr 9.08e-05
ep  30  it   450/1563  loss 0.15227  lr 9.08e-05
ep  30  it   500/1563  loss 0.15209  lr 9.07e-05
ep  30  it   550/1563  loss 0.15182  lr 9.07e-05
ep  30  it   600/1563  loss 0.15203  lr 9.07e-05
ep  30  it   650/1563  loss 0.15148  lr 9.07e-05
ep  30  it   700/1563  loss 0.15151  lr 9.07e-05
ep  30  it   750/1563  loss 0.15116  lr 9.06e-05
ep  30  it   800/1563  loss 0.15099  lr 9.06e-05
ep  30  it   850/1563  loss 0.15067  lr 9.06e-05
ep  30  it   900/1563  loss 0.15094  lr 9.06e-05
ep  30  it   950/1563  loss 0.15102  lr 9.06e-05
ep  30  it  1000/1563  loss 0.15096  lr 9.05e-05
ep  30  it  1050/1563  loss 0.15104  lr 9.05e-05
ep  30  it  1100/1563  loss 0.15095  lr 9.05e-05
ep  30  it  1150/1563  loss 0.15077  lr 9.05e-05
ep  30  it  1200/1563  loss 0.15072  lr 9.05e-05
ep  30  it  1250/1563  loss 0.15087  lr 9.05e-05
ep  30  it  1300/1563  loss 0.15080  lr 9.04e-05
ep  30  it  1350/1563  loss 0.15083  lr 9.04e-05
ep  30  it  1400/1563  loss 0.15091  lr 9.04e-05
ep  30  it  1450/1563  loss 0.15100  lr 9.04e-05
ep  30  it  1500/1563  loss 0.15115  lr 9.04e-05
ep  30  it  1550/1563  loss 0.15107  lr 9.03e-05
[epoch 30] train_loss=0.15108  val_loss=0.15459  lr=9.03e-05  time=2.7 min
ep  31  it    50/1563  loss 0.15589  lr 9.03e-05
ep  31  it   100/1563  loss 0.15044  lr 9.03e-05
ep  31  it   150/1563  loss 0.15012  lr 9.03e-05
ep  31  it   200/1563  loss 0.15075  lr 9.02e-05
ep  31  it   250/1563  loss 0.14981  lr 9.02e-05
ep  31  it   300/1563  loss 0.15013  lr 9.02e-05
ep  31  it   350/1563  loss 0.15030  lr 9.02e-05
ep  31  it   400/1563  loss 0.15002  lr 9.02e-05
ep  31  it   450/1563  loss 0.15017  lr 9.01e-05
ep  31  it   500/1563  loss 0.14978  lr 9.01e-05
ep  31  it   550/1563  loss 0.14936  lr 9.01e-05
ep  31  it   600/1563  loss 0.14945  lr 9.01e-05
ep  31  it   650/1563  loss 0.14977  lr 9.01e-05
ep  31  it   700/1563  loss 0.14985  lr 9.00e-05
ep  31  it   750/1563  loss 0.15012  lr 9.00e-05
ep  31  it   800/1563  loss 0.14997  lr 9.00e-05
ep  31  it   850/1563  loss 0.15013  lr 9.00e-05
ep  31  it   900/1563  loss 0.15035  lr 9.00e-05
ep  31  it   950/1563  loss 0.15016  lr 8.99e-05
ep  31  it  1000/1563  loss 0.14986  lr 8.99e-05
ep  31  it  1050/1563  loss 0.15002  lr 8.99e-05
ep  31  it  1100/1563  loss 0.14992  lr 8.99e-05
ep  31  it  1150/1563  loss 0.14988  lr 8.99e-05
ep  31  it  1200/1563  loss 0.15006  lr 8.98e-05
ep  31  it  1250/1563  loss 0.15024  lr 8.98e-05
ep  31  it  1300/1563  loss 0.15023  lr 8.98e-05
ep  31  it  1350/1563  loss 0.15018  lr 8.98e-05
ep  31  it  1400/1563  loss 0.15023  lr 8.98e-05
ep  31  it  1450/1563  loss 0.15012  lr 8.97e-05
ep  31  it  1500/1563  loss 0.15008  lr 8.97e-05
ep  31  it  1550/1563  loss 0.15013  lr 8.97e-05
[epoch 31] train_loss=0.15022  val_loss=0.15386  lr=8.97e-05  time=2.8 min
ep  32  it    50/1563  loss 0.15233  lr 8.97e-05
ep  32  it   100/1563  loss 0.15408  lr 8.97e-05
ep  32  it   150/1563  loss 0.15197  lr 8.96e-05
ep  32  it   200/1563  loss 0.15140  lr 8.96e-05
ep  32  it   250/1563  loss 0.15093  lr 8.96e-05
ep  32  it   300/1563  loss 0.15196  lr 8.96e-05
ep  32  it   350/1563  loss 0.15050  lr 8.96e-05
ep  32  it   400/1563  loss 0.15022  lr 8.95e-05
ep  32  it   450/1563  loss 0.14987  lr 8.95e-05
ep  32  it   500/1563  loss 0.14999  lr 8.95e-05
ep  32  it   550/1563  loss 0.15017  lr 8.95e-05
ep  32  it   600/1563  loss 0.15037  lr 8.94e-05
ep  32  it   650/1563  loss 0.15084  lr 8.94e-05
ep  32  it   700/1563  loss 0.15091  lr 8.94e-05
ep  32  it   750/1563  loss 0.15073  lr 8.94e-05
ep  32  it   800/1563  loss 0.15054  lr 8.94e-05
ep  32  it   850/1563  loss 0.15057  lr 8.93e-05
ep  32  it   900/1563  loss 0.15054  lr 8.93e-05
ep  32  it   950/1563  loss 0.15034  lr 8.93e-05
ep  32  it  1000/1563  loss 0.15045  lr 8.93e-05
ep  32  it  1050/1563  loss 0.15020  lr 8.93e-05
ep  32  it  1100/1563  loss 0.15025  lr 8.92e-05
ep  32  it  1150/1563  loss 0.15033  lr 8.92e-05
ep  32  it  1200/1563  loss 0.15033  lr 8.92e-05
ep  32  it  1250/1563  loss 0.15036  lr 8.92e-05
ep  32  it  1300/1563  loss 0.15044  lr 8.92e-05
ep  32  it  1350/1563  loss 0.15028  lr 8.91e-05
ep  32  it  1400/1563  loss 0.15028  lr 8.91e-05
ep  32  it  1450/1563  loss 0.15015  lr 8.91e-05
ep  32  it  1500/1563  loss 0.15014  lr 8.91e-05
ep  32  it  1550/1563  loss 0.15011  lr 8.91e-05
[epoch 32] train_loss=0.15017  val_loss=0.15346  lr=8.90e-05  time=2.7 min
ep  33  it    50/1563  loss 0.14669  lr 8.90e-05
ep  33  it   100/1563  loss 0.14732  lr 8.90e-05
ep  33  it   150/1563  loss 0.14777  lr 8.90e-05
ep  33  it   200/1563  loss 0.14791  lr 8.90e-05
ep  33  it   250/1563  loss 0.14713  lr 8.89e-05
ep  33  it   300/1563  loss 0.14767  lr 8.89e-05
ep  33  it   350/1563  loss 0.14799  lr 8.89e-05
ep  33  it   400/1563  loss 0.14820  lr 8.89e-05
ep  33  it   450/1563  loss 0.14846  lr 8.89e-05
ep  33  it   500/1563  loss 0.14852  lr 8.88e-05
ep  33  it   550/1563  loss 0.14885  lr 8.88e-05
ep  33  it   600/1563  loss 0.14844  lr 8.88e-05
ep  33  it   650/1563  loss 0.14873  lr 8.88e-05
ep  33  it   700/1563  loss 0.14855  lr 8.87e-05
ep  33  it   750/1563  loss 0.14857  lr 8.87e-05
ep  33  it   800/1563  loss 0.14868  lr 8.87e-05
ep  33  it   850/1563  loss 0.14817  lr 8.87e-05
ep  33  it   900/1563  loss 0.14820  lr 8.87e-05
ep  33  it   950/1563  loss 0.14847  lr 8.86e-05
ep  33  it  1000/1563  loss 0.14851  lr 8.86e-05
ep  33  it  1050/1563  loss 0.14846  lr 8.86e-05
ep  33  it  1100/1563  loss 0.14898  lr 8.86e-05
ep  33  it  1150/1563  loss 0.14895  lr 8.86e-05
ep  33  it  1200/1563  loss 0.14881  lr 8.85e-05
ep  33  it  1250/1563  loss 0.14866  lr 8.85e-05
ep  33  it  1300/1563  loss 0.14884  lr 8.85e-05
ep  33  it  1350/1563  loss 0.14881  lr 8.85e-05
ep  33  it  1400/1563  loss 0.14872  lr 8.84e-05
ep  33  it  1450/1563  loss 0.14866  lr 8.84e-05
ep  33  it  1500/1563  loss 0.14882  lr 8.84e-05
ep  33  it  1550/1563  loss 0.14880  lr 8.84e-05
[epoch 33] train_loss=0.14881  val_loss=0.15267  lr=8.84e-05  time=2.8 min
ep  34  it    50/1563  loss 0.14910  lr 8.84e-05
ep  34  it   100/1563  loss 0.14995  lr 8.83e-05
ep  34  it   150/1563  loss 0.15058  lr 8.83e-05
ep  34  it   200/1563  loss 0.14936  lr 8.83e-05
ep  34  it   250/1563  loss 0.14923  lr 8.83e-05
ep  34  it   300/1563  loss 0.14931  lr 8.82e-05
ep  34  it   350/1563  loss 0.14992  lr 8.82e-05
ep  34  it   400/1563  loss 0.14997  lr 8.82e-05
ep  34  it   450/1563  loss 0.14982  lr 8.82e-05
ep  34  it   500/1563  loss 0.14972  lr 8.82e-05
ep  34  it   550/1563  loss 0.15012  lr 8.81e-05
ep  34  it   600/1563  loss 0.15025  lr 8.81e-05
ep  34  it   650/1563  loss 0.15036  lr 8.81e-05
ep  34  it   700/1563  loss 0.15029  lr 8.81e-05
ep  34  it   750/1563  loss 0.15057  lr 8.81e-05
ep  34  it   800/1563  loss 0.15014  lr 8.80e-05
ep  34  it   850/1563  loss 0.14988  lr 8.80e-05
ep  34  it   900/1563  loss 0.14980  lr 8.80e-05
ep  34  it   950/1563  loss 0.15002  lr 8.80e-05
ep  34  it  1000/1563  loss 0.15020  lr 8.79e-05
ep  34  it  1050/1563  loss 0.15010  lr 8.79e-05
ep  34  it  1100/1563  loss 0.15018  lr 8.79e-05
ep  34  it  1150/1563  loss 0.15008  lr 8.79e-05
ep  34  it  1200/1563  loss 0.15014  lr 8.79e-05
ep  34  it  1250/1563  loss 0.15001  lr 8.78e-05
ep  34  it  1300/1563  loss 0.15000  lr 8.78e-05
ep  34  it  1350/1563  loss 0.14990  lr 8.78e-05
ep  34  it  1400/1563  loss 0.14995  lr 8.78e-05
ep  34  it  1450/1563  loss 0.15003  lr 8.77e-05
ep  34  it  1500/1563  loss 0.15014  lr 8.77e-05
ep  34  it  1550/1563  loss 0.15018  lr 8.77e-05
[epoch 34] train_loss=0.15016  val_loss=0.15204  lr=8.77e-05  time=2.7 min
ep  35  it    50/1563  loss 0.14324  lr 8.77e-05
ep  35  it   100/1563  loss 0.14718  lr 8.76e-05
ep  35  it   150/1563  loss 0.14734  lr 8.76e-05
ep  35  it   200/1563  loss 0.14733  lr 8.76e-05
ep  35  it   250/1563  loss 0.14777  lr 8.76e-05
ep  35  it   300/1563  loss 0.14687  lr 8.76e-05
ep  35  it   350/1563  loss 0.14724  lr 8.75e-05
ep  35  it   400/1563  loss 0.14789  lr 8.75e-05
ep  35  it   450/1563  loss 0.14839  lr 8.75e-05
ep  35  it   500/1563  loss 0.14834  lr 8.75e-05
ep  35  it   550/1563  loss 0.14843  lr 8.74e-05
ep  35  it   600/1563  loss 0.14875  lr 8.74e-05
ep  35  it   650/1563  loss 0.14879  lr 8.74e-05
ep  35  it   700/1563  loss 0.14891  lr 8.74e-05
ep  35  it   750/1563  loss 0.14890  lr 8.74e-05
ep  35  it   800/1563  loss 0.14857  lr 8.73e-05
ep  35  it   850/1563  loss 0.14857  lr 8.73e-05
ep  35  it   900/1563  loss 0.14867  lr 8.73e-05
ep  35  it   950/1563  loss 0.14874  lr 8.73e-05
ep  35  it  1000/1563  loss 0.14862  lr 8.72e-05
ep  35  it  1050/1563  loss 0.14858  lr 8.72e-05
ep  35  it  1100/1563  loss 0.14848  lr 8.72e-05
ep  35  it  1150/1563  loss 0.14854  lr 8.72e-05
ep  35  it  1200/1563  loss 0.14870  lr 8.72e-05
ep  35  it  1250/1563  loss 0.14873  lr 8.71e-05
ep  35  it  1300/1563  loss 0.14879  lr 8.71e-05
ep  35  it  1350/1563  loss 0.14880  lr 8.71e-05
ep  35  it  1400/1563  loss 0.14878  lr 8.71e-05
ep  35  it  1450/1563  loss 0.14851  lr 8.70e-05
ep  35  it  1500/1563  loss 0.14873  lr 8.70e-05
ep  35  it  1550/1563  loss 0.14880  lr 8.70e-05
[epoch 35] train_loss=0.14887  val_loss=0.15175  lr=8.70e-05  time=2.7 min
ep  36  it    50/1563  loss 0.15210  lr 8.70e-05
ep  36  it   100/1563  loss 0.14849  lr 8.69e-05
ep  36  it   150/1563  loss 0.14857  lr 8.69e-05
ep  36  it   200/1563  loss 0.14649  lr 8.69e-05
ep  36  it   250/1563  loss 0.14653  lr 8.69e-05
ep  36  it   300/1563  loss 0.14705  lr 8.69e-05
ep  36  it   350/1563  loss 0.14704  lr 8.68e-05
ep  36  it   400/1563  loss 0.14771  lr 8.68e-05
ep  36  it   450/1563  loss 0.14816  lr 8.68e-05
ep  36  it   500/1563  loss 0.14809  lr 8.68e-05
ep  36  it   550/1563  loss 0.14892  lr 8.67e-05
ep  36  it   600/1563  loss 0.14887  lr 8.67e-05
ep  36  it   650/1563  loss 0.14891  lr 8.67e-05
ep  36  it   700/1563  loss 0.14870  lr 8.67e-05
ep  36  it   750/1563  loss 0.14872  lr 8.66e-05
ep  36  it   800/1563  loss 0.14869  lr 8.66e-05
ep  36  it   850/1563  loss 0.14879  lr 8.66e-05
ep  36  it   900/1563  loss 0.14880  lr 8.66e-05
ep  36  it   950/1563  loss 0.14859  lr 8.66e-05
ep  36  it  1000/1563  loss 0.14869  lr 8.65e-05
ep  36  it  1050/1563  loss 0.14862  lr 8.65e-05
ep  36  it  1100/1563  loss 0.14845  lr 8.65e-05
ep  36  it  1150/1563  loss 0.14843  lr 8.65e-05
ep  36  it  1200/1563  loss 0.14856  lr 8.64e-05
ep  36  it  1250/1563  loss 0.14857  lr 8.64e-05
ep  36  it  1300/1563  loss 0.14832  lr 8.64e-05
ep  36  it  1350/1563  loss 0.14827  lr 8.64e-05
ep  36  it  1400/1563  loss 0.14844  lr 8.64e-05
ep  36  it  1450/1563  loss 0.14865  lr 8.63e-05
ep  36  it  1500/1563  loss 0.14864  lr 8.63e-05
ep  36  it  1550/1563  loss 0.14851  lr 8.63e-05
[epoch 36] train_loss=0.14857  val_loss=0.15148  lr=8.63e-05  time=2.7 min
ep  37  it    50/1563  loss 0.14781  lr 8.63e-05
ep  37  it   100/1563  loss 0.14675  lr 8.62e-05
ep  37  it   150/1563  loss 0.14750  lr 8.62e-05
ep  37  it   200/1563  loss 0.14817  lr 8.62e-05
ep  37  it   250/1563  loss 0.14780  lr 8.62e-05
ep  37  it   300/1563  loss 0.14798  lr 8.61e-05
ep  37  it   350/1563  loss 0.14783  lr 8.61e-05
ep  37  it   400/1563  loss 0.14773  lr 8.61e-05
ep  37  it   450/1563  loss 0.14775  lr 8.61e-05
ep  37  it   500/1563  loss 0.14818  lr 8.60e-05
ep  37  it   550/1563  loss 0.14828  lr 8.60e-05
ep  37  it   600/1563  loss 0.14808  lr 8.60e-05
ep  37  it   650/1563  loss 0.14792  lr 8.60e-05
ep  37  it   700/1563  loss 0.14789  lr 8.59e-05
ep  37  it   750/1563  loss 0.14802  lr 8.59e-05
ep  37  it   800/1563  loss 0.14806  lr 8.59e-05
ep  37  it   850/1563  loss 0.14804  lr 8.59e-05
ep  37  it   900/1563  loss 0.14811  lr 8.59e-05
ep  37  it   950/1563  loss 0.14822  lr 8.58e-05
ep  37  it  1000/1563  loss 0.14822  lr 8.58e-05
ep  37  it  1050/1563  loss 0.14806  lr 8.58e-05
ep  37  it  1100/1563  loss 0.14799  lr 8.58e-05
ep  37  it  1150/1563  loss 0.14782  lr 8.57e-05
ep  37  it  1200/1563  loss 0.14782  lr 8.57e-05
ep  37  it  1250/1563  loss 0.14784  lr 8.57e-05
ep  37  it  1300/1563  loss 0.14798  lr 8.57e-05
ep  37  it  1350/1563  loss 0.14807  lr 8.56e-05
ep  37  it  1400/1563  loss 0.14818  lr 8.56e-05
ep  37  it  1450/1563  loss 0.14822  lr 8.56e-05
ep  37  it  1500/1563  loss 0.14807  lr 8.56e-05
ep  37  it  1550/1563  loss 0.14795  lr 8.55e-05
[epoch 37] train_loss=0.14794  val_loss=0.15080  lr=8.55e-05  time=2.7 min
ep  38  it    50/1563  loss 0.14830  lr 8.55e-05
ep  38  it   100/1563  loss 0.14837  lr 8.55e-05
ep  38  it   150/1563  loss 0.14711  lr 8.55e-05
ep  38  it   200/1563  loss 0.14742  lr 8.54e-05
ep  38  it   250/1563  loss 0.14600  lr 8.54e-05
ep  38  it   300/1563  loss 0.14583  lr 8.54e-05
ep  38  it   350/1563  loss 0.14549  lr 8.54e-05
ep  38  it   400/1563  loss 0.14537  lr 8.54e-05
ep  38  it   450/1563  loss 0.14554  lr 8.53e-05
ep  38  it   500/1563  loss 0.14548  lr 8.53e-05
ep  38  it   550/1563  loss 0.14579  lr 8.53e-05
ep  38  it   600/1563  loss 0.14652  lr 8.53e-05
ep  38  it   650/1563  loss 0.14619  lr 8.52e-05
ep  38  it   700/1563  loss 0.14637  lr 8.52e-05
ep  38  it   750/1563  loss 0.14719  lr 8.52e-05
ep  38  it   800/1563  loss 0.14720  lr 8.52e-05
ep  38  it   850/1563  loss 0.14713  lr 8.51e-05
ep  38  it   900/1563  loss 0.14707  lr 8.51e-05
ep  38  it   950/1563  loss 0.14732  lr 8.51e-05
ep  38  it  1000/1563  loss 0.14726  lr 8.51e-05
ep  38  it  1050/1563  loss 0.14710  lr 8.50e-05
ep  38  it  1100/1563  loss 0.14729  lr 8.50e-05
ep  38  it  1150/1563  loss 0.14735  lr 8.50e-05
ep  38  it  1200/1563  loss 0.14729  lr 8.50e-05
ep  38  it  1250/1563  loss 0.14726  lr 8.49e-05
ep  38  it  1300/1563  loss 0.14723  lr 8.49e-05
ep  38  it  1350/1563  loss 0.14733  lr 8.49e-05
ep  38  it  1400/1563  loss 0.14728  lr 8.49e-05
ep  38  it  1450/1563  loss 0.14741  lr 8.48e-05
ep  38  it  1500/1563  loss 0.14743  lr 8.48e-05
ep  38  it  1550/1563  loss 0.14741  lr 8.48e-05
[epoch 38] train_loss=0.14747  val_loss=0.15010  lr=8.48e-05  time=2.7 min
ep  39  it    50/1563  loss 0.14288  lr 8.48e-05
ep  39  it   100/1563  loss 0.14521  lr 8.47e-05
ep  39  it   150/1563  loss 0.14634  lr 8.47e-05
ep  39  it   200/1563  loss 0.14613  lr 8.47e-05
ep  39  it   250/1563  loss 0.14644  lr 8.47e-05
ep  39  it   300/1563  loss 0.14625  lr 8.46e-05
ep  39  it   350/1563  loss 0.14641  lr 8.46e-05
ep  39  it   400/1563  loss 0.14465  lr 8.46e-05
ep  39  it   450/1563  loss 0.14519  lr 8.46e-05
ep  39  it   500/1563  loss 0.14568  lr 8.45e-05
ep  39  it   550/1563  loss 0.14540  lr 8.45e-05
ep  39  it   600/1563  loss 0.14549  lr 8.45e-05
ep  39  it   650/1563  loss 0.14533  lr 8.45e-05
ep  39  it   700/1563  loss 0.14583  lr 8.45e-05
ep  39  it   750/1563  loss 0.14557  lr 8.44e-05
ep  39  it   800/1563  loss 0.14555  lr 8.44e-05
ep  39  it   850/1563  loss 0.14535  lr 8.44e-05
ep  39  it   900/1563  loss 0.14549  lr 8.44e-05
ep  39  it   950/1563  loss 0.14538  lr 8.43e-05
ep  39  it  1000/1563  loss 0.14546  lr 8.43e-05
ep  39  it  1050/1563  loss 0.14545  lr 8.43e-05
ep  39  it  1100/1563  loss 0.14556  lr 8.43e-05
ep  39  it  1150/1563  loss 0.14576  lr 8.42e-05
ep  39  it  1200/1563  loss 0.14587  lr 8.42e-05
ep  39  it  1250/1563  loss 0.14583  lr 8.42e-05
ep  39  it  1300/1563  loss 0.14563  lr 8.42e-05
ep  39  it  1350/1563  loss 0.14574  lr 8.41e-05
ep  39  it  1400/1563  loss 0.14593  lr 8.41e-05
ep  39  it  1450/1563  loss 0.14603  lr 8.41e-05
ep  39  it  1500/1563  loss 0.14606  lr 8.41e-05
ep  39  it  1550/1563  loss 0.14614  lr 8.40e-05
[sample] wrote /scratch/maths/btech/mt1230785/col775_a2_hpc/col775_a2/samples/ldm_train/ldm_ep039.png (100 steps, guidance=4.0)
[epoch 39] train_loss=0.14619  val_loss=0.14945  lr=8.40e-05  time=2.8 min
ep  40  it    50/1563  loss 0.14479  lr 8.40e-05
ep  40  it   100/1563  loss 0.14243  lr 8.40e-05
ep  40  it   150/1563  loss 0.14094  lr 8.40e-05
ep  40  it   200/1563  loss 0.14332  lr 8.39e-05
ep  40  it   250/1563  loss 0.14458  lr 8.39e-05
ep  40  it   300/1563  loss 0.14490  lr 8.39e-05
ep  40  it   350/1563  loss 0.14457  lr 8.39e-05
ep  40  it   400/1563  loss 0.14459  lr 8.38e-05
ep  40  it   450/1563  loss 0.14487  lr 8.38e-05
ep  40  it   500/1563  loss 0.14466  lr 8.38e-05
ep  40  it   550/1563  loss 0.14455  lr 8.38e-05
ep  40  it   600/1563  loss 0.14459  lr 8.37e-05
ep  40  it   650/1563  loss 0.14448  lr 8.37e-05
ep  40  it   700/1563  loss 0.14445  lr 8.37e-05
ep  40  it   750/1563  loss 0.14451  lr 8.37e-05
ep  40  it   800/1563  loss 0.14475  lr 8.36e-05
ep  40  it   850/1563  loss 0.14479  lr 8.36e-05
ep  40  it   900/1563  loss 0.14499  lr 8.36e-05
ep  40  it   950/1563  loss 0.14506  lr 8.36e-05
ep  40  it  1000/1563  loss 0.14527  lr 8.35e-05
ep  40  it  1050/1563  loss 0.14520  lr 8.35e-05
ep  40  it  1100/1563  loss 0.14519  lr 8.35e-05
ep  40  it  1150/1563  loss 0.14529  lr 8.35e-05
ep  40  it  1200/1563  loss 0.14531  lr 8.34e-05
ep  40  it  1250/1563  loss 0.14549  lr 8.34e-05
ep  40  it  1300/1563  loss 0.14540  lr 8.34e-05
ep  40  it  1350/1563  loss 0.14534  lr 8.34e-05
ep  40  it  1400/1563  loss 0.14555  lr 8.33e-05
ep  40  it  1450/1563  loss 0.14571  lr 8.33e-05
ep  40  it  1500/1563  loss 0.14581  lr 8.33e-05
ep  40  it  1550/1563  loss 0.14590  lr 8.33e-05
[epoch 40] train_loss=0.14591  val_loss=0.14900  lr=8.32e-05  time=2.7 min
ep  41  it    50/1563  loss 0.14507  lr 8.32e-05
ep  41  it   100/1563  loss 0.14533  lr 8.32e-05
ep  41  it   150/1563  loss 0.14584  lr 8.32e-05
ep  41  it   200/1563  loss 0.14479  lr 8.31e-05
ep  41  it   250/1563  loss 0.14536  lr 8.31e-05
ep  41  it   300/1563  loss 0.14435  lr 8.31e-05
ep  41  it   350/1563  loss 0.14406  lr 8.31e-05
ep  41  it   400/1563  loss 0.14476  lr 8.30e-05
ep  41  it   450/1563  loss 0.14429  lr 8.30e-05
ep  41  it   500/1563  loss 0.14489  lr 8.30e-05
ep  41  it   550/1563  loss 0.14501  lr 8.30e-05
ep  41  it   600/1563  loss 0.14457  lr 8.29e-05
ep  41  it   650/1563  loss 0.14470  lr 8.29e-05
ep  41  it   700/1563  loss 0.14466  lr 8.29e-05
ep  41  it   750/1563  loss 0.14503  lr 8.29e-05
ep  41  it   800/1563  loss 0.14490  lr 8.28e-05
ep  41  it   850/1563  loss 0.14489  lr 8.28e-05
ep  41  it   900/1563  loss 0.14520  lr 8.28e-05
ep  41  it   950/1563  loss 0.14533  lr 8.28e-05
ep  41  it  1000/1563  loss 0.14553  lr 8.27e-05
ep  41  it  1050/1563  loss 0.14561  lr 8.27e-05
ep  41  it  1100/1563  loss 0.14560  lr 8.27e-05
ep  41  it  1150/1563  loss 0.14554  lr 8.27e-05
ep  41  it  1200/1563  loss 0.14553  lr 8.26e-05
ep  41  it  1250/1563  loss 0.14546  lr 8.26e-05
ep  41  it  1300/1563  loss 0.14524  lr 8.26e-05
ep  41  it  1350/1563  loss 0.14529  lr 8.26e-05
ep  41  it  1400/1563  loss 0.14527  lr 8.25e-05
ep  41  it  1450/1563  loss 0.14511  lr 8.25e-05
ep  41  it  1500/1563  loss 0.14517  lr 8.25e-05
ep  41  it  1550/1563  loss 0.14496  lr 8.25e-05
[epoch 41] train_loss=0.14500  val_loss=0.14910  lr=8.25e-05  time=2.7 min
ep  42  it    50/1563  loss 0.14698  lr 8.24e-05
ep  42  it   100/1563  loss 0.14351  lr 8.24e-05
ep  42  it   150/1563  loss 0.14468  lr 8.24e-05
ep  42  it   200/1563  loss 0.14378  lr 8.23e-05
ep  42  it   250/1563  loss 0.14405  lr 8.23e-05
ep  42  it   300/1563  loss 0.14473  lr 8.23e-05
ep  42  it   350/1563  loss 0.14556  lr 8.23e-05
ep  42  it   400/1563  loss 0.14542  lr 8.22e-05
ep  42  it   450/1563  loss 0.14564  lr 8.22e-05
ep  42  it   500/1563  loss 0.14538  lr 8.22e-05
ep  42  it   550/1563  loss 0.14522  lr 8.22e-05
ep  42  it   600/1563  loss 0.14560  lr 8.21e-05
ep  42  it   650/1563  loss 0.14640  lr 8.21e-05
ep  42  it   700/1563  loss 0.14642  lr 8.21e-05
ep  42  it   750/1563  loss 0.14659  lr 8.21e-05
ep  42  it   800/1563  loss 0.14676  lr 8.20e-05
ep  42  it   850/1563  loss 0.14664  lr 8.20e-05
ep  42  it   900/1563  loss 0.14643  lr 8.20e-05
ep  42  it   950/1563  loss 0.14621  lr 8.20e-05
ep  42  it  1000/1563  loss 0.14622  lr 8.19e-05
ep  42  it  1050/1563  loss 0.14625  lr 8.19e-05
ep  42  it  1100/1563  loss 0.14610  lr 8.19e-05
ep  42  it  1150/1563  loss 0.14585  lr 8.19e-05
ep  42  it  1200/1563  loss 0.14577  lr 8.18e-05
ep  42  it  1250/1563  loss 0.14588  lr 8.18e-05
ep  42  it  1300/1563  loss 0.14574  lr 8.18e-05
ep  42  it  1350/1563  loss 0.14567  lr 8.18e-05
ep  42  it  1400/1563  loss 0.14574  lr 8.17e-05
ep  42  it  1450/1563  loss 0.14567  lr 8.17e-05
ep  42  it  1500/1563  loss 0.14551  lr 8.17e-05
ep  42  it  1550/1563  loss 0.14561  lr 8.16e-05
[epoch 42] train_loss=0.14558  val_loss=0.14861  lr=8.16e-05  time=2.7 min
ep  43  it    50/1563  loss 0.14761  lr 8.16e-05
ep  43  it   100/1563  loss 0.14619  lr 8.16e-05
ep  43  it   150/1563  loss 0.14473  lr 8.16e-05
ep  43  it   200/1563  loss 0.14421  lr 8.15e-05
ep  43  it   250/1563  loss 0.14489  lr 8.15e-05
ep  43  it   300/1563  loss 0.14468  lr 8.15e-05
ep  43  it   350/1563  loss 0.14427  lr 8.15e-05
ep  43  it   400/1563  loss 0.14385  lr 8.14e-05
ep  43  it   450/1563  loss 0.14441  lr 8.14e-05
ep  43  it   500/1563  loss 0.14460  lr 8.14e-05
ep  43  it   550/1563  loss 0.14498  lr 8.14e-05
ep  43  it   600/1563  loss 0.14487  lr 8.13e-05
ep  43  it   650/1563  loss 0.14491  lr 8.13e-05
ep  43  it   700/1563  loss 0.14477  lr 8.13e-05
ep  43  it   750/1563  loss 0.14478  lr 8.12e-05
ep  43  it   800/1563  loss 0.14465  lr 8.12e-05
ep  43  it   850/1563  loss 0.14459  lr 8.12e-05
ep  43  it   900/1563  loss 0.14467  lr 8.12e-05
ep  43  it   950/1563  loss 0.14467  lr 8.11e-05
ep  43  it  1000/1563  loss 0.14469  lr 8.11e-05
ep  43  it  1050/1563  loss 0.14457  lr 8.11e-05
ep  43  it  1100/1563  loss 0.14453  lr 8.11e-05
ep  43  it  1150/1563  loss 0.14476  lr 8.10e-05
ep  43  it  1200/1563  loss 0.14481  lr 8.10e-05
ep  43  it  1250/1563  loss 0.14494  lr 8.10e-05
ep  43  it  1300/1563  loss 0.14512  lr 8.10e-05
ep  43  it  1350/1563  loss 0.14513  lr 8.09e-05
ep  43  it  1400/1563  loss 0.14520  lr 8.09e-05
ep  43  it  1450/1563  loss 0.14519  lr 8.09e-05
ep  43  it  1500/1563  loss 0.14515  lr 8.09e-05
ep  43  it  1550/1563  loss 0.14516  lr 8.08e-05
[epoch 43] train_loss=0.14515  val_loss=0.14792  lr=8.08e-05  time=2.8 min
ep  44  it    50/1563  loss 0.14695  lr 8.08e-05
ep  44  it   100/1563  loss 0.14553  lr 8.08e-05
ep  44  it   150/1563  loss 0.14604  lr 8.07e-05
ep  44  it   200/1563  loss 0.14631  lr 8.07e-05
ep  44  it   250/1563  loss 0.14613  lr 8.07e-05
ep  44  it   300/1563  loss 0.14535  lr 8.07e-05
ep  44  it   350/1563  loss 0.14537  lr 8.06e-05
ep  44  it   400/1563  loss 0.14575  lr 8.06e-05
ep  44  it   450/1563  loss 0.14591  lr 8.06e-05
ep  44  it   500/1563  loss 0.14542  lr 8.06e-05
ep  44  it   550/1563  loss 0.14547  lr 8.05e-05
ep  44  it   600/1563  loss 0.14522  lr 8.05e-05
ep  44  it   650/1563  loss 0.14488  lr 8.05e-05
ep  44  it   700/1563  loss 0.14478  lr 8.04e-05
ep  44  it   750/1563  loss 0.14476  lr 8.04e-05
ep  44  it   800/1563  loss 0.14436  lr 8.04e-05
ep  44  it   850/1563  loss 0.14418  lr 8.04e-05
ep  44  it   900/1563  loss 0.14392  lr 8.03e-05
ep  44  it   950/1563  loss 0.14410  lr 8.03e-05
ep  44  it  1000/1563  loss 0.14398  lr 8.03e-05
ep  44  it  1050/1563  loss 0.14384  lr 8.03e-05
ep  44  it  1100/1563  loss 0.14406  lr 8.02e-05
ep  44  it  1150/1563  loss 0.14406  lr 8.02e-05
ep  44  it  1200/1563  loss 0.14393  lr 8.02e-05
ep  44  it  1250/1563  loss 0.14418  lr 8.02e-05
ep  44  it  1300/1563  loss 0.14417  lr 8.01e-05
ep  44  it  1350/1563  loss 0.14431  lr 8.01e-05
ep  44  it  1400/1563  loss 0.14438  lr 8.01e-05
ep  44  it  1450/1563  loss 0.14430  lr 8.00e-05
ep  44  it  1500/1563  loss 0.14435  lr 8.00e-05
ep  44  it  1550/1563  loss 0.14432  lr 8.00e-05
[epoch 44] train_loss=0.14430  val_loss=0.14760  lr=8.00e-05  time=2.7 min
ep  45  it    50/1563  loss 0.14394  lr 8.00e-05
ep  45  it   100/1563  loss 0.14285  lr 7.99e-05
ep  45  it   150/1563  loss 0.14383  lr 7.99e-05
ep  45  it   200/1563  loss 0.14392  lr 7.99e-05
ep  45  it   250/1563  loss 0.14308  lr 7.98e-05
ep  45  it   300/1563  loss 0.14332  lr 7.98e-05
ep  45  it   350/1563  loss 0.14326  lr 7.98e-05
ep  45  it   400/1563  loss 0.14384  lr 7.98e-05
ep  45  it   450/1563  loss 0.14382  lr 7.97e-05
ep  45  it   500/1563  loss 0.14401  lr 7.97e-05
ep  45  it   550/1563  loss 0.14413  lr 7.97e-05
ep  45  it   600/1563  loss 0.14416  lr 7.97e-05
ep  45  it   650/1563  loss 0.14387  lr 7.96e-05
ep  45  it   700/1563  loss 0.14382  lr 7.96e-05
ep  45  it   750/1563  loss 0.14421  lr 7.96e-05
ep  45  it   800/1563  loss 0.14418  lr 7.95e-05
ep  45  it   850/1563  loss 0.14425  lr 7.95e-05
ep  45  it   900/1563  loss 0.14422  lr 7.95e-05
ep  45  it   950/1563  loss 0.14443  lr 7.95e-05
ep  45  it  1000/1563  loss 0.14450  lr 7.94e-05
ep  45  it  1050/1563  loss 0.14435  lr 7.94e-05
ep  45  it  1100/1563  loss 0.14434  lr 7.94e-05
ep  45  it  1150/1563  loss 0.14432  lr 7.94e-05
ep  45  it  1200/1563  loss 0.14427  lr 7.93e-05
ep  45  it  1250/1563  loss 0.14417  lr 7.93e-05
ep  45  it  1300/1563  loss 0.14417  lr 7.93e-05
ep  45  it  1350/1563  loss 0.14414  lr 7.92e-05
ep  45  it  1400/1563  loss 0.14422  lr 7.92e-05
ep  45  it  1450/1563  loss 0.14420  lr 7.92e-05
ep  45  it  1500/1563  loss 0.14431  lr 7.92e-05
ep  45  it  1550/1563  loss 0.14439  lr 7.91e-05
[epoch 45] train_loss=0.14441  val_loss=0.14774  lr=7.91e-05  time=2.7 min
ep  46  it    50/1563  loss 0.14644  lr 7.91e-05
ep  46  it   100/1563  loss 0.14298  lr 7.91e-05
ep  46  it   150/1563  loss 0.14144  lr 7.91e-05
ep  46  it   200/1563  loss 0.14171  lr 7.90e-05
ep  46  it   250/1563  loss 0.14157  lr 7.90e-05
ep  46  it   300/1563  loss 0.14220  lr 7.90e-05
ep  46  it   350/1563  loss 0.14203  lr 7.89e-05
ep  46  it   400/1563  loss 0.14268  lr 7.89e-05
ep  46  it   450/1563  loss 0.14208  lr 7.89e-05
ep  46  it   500/1563  loss 0.14208  lr 7.89e-05
ep  46  it   550/1563  loss 0.14241  lr 7.88e-05
ep  46  it   600/1563  loss 0.14230  lr 7.88e-05
ep  46  it   650/1563  loss 0.14226  lr 7.88e-05
ep  46  it   700/1563  loss 0.14250  lr 7.87e-05
ep  46  it   750/1563  loss 0.14262  lr 7.87e-05
ep  46  it   800/1563  loss 0.14275  lr 7.87e-05
ep  46  it   850/1563  loss 0.14305  lr 7.87e-05
ep  46  it   900/1563  loss 0.14336  lr 7.86e-05
ep  46  it   950/1563  loss 0.14327  lr 7.86e-05
ep  46  it  1000/1563  loss 0.14321  lr 7.86e-05
ep  46  it  1050/1563  loss 0.14331  lr 7.86e-05
ep  46  it  1100/1563  loss 0.14329  lr 7.85e-05
ep  46  it  1150/1563  loss 0.14316  lr 7.85e-05
ep  46  it  1200/1563  loss 0.14316  lr 7.85e-05
ep  46  it  1250/1563  loss 0.14294  lr 7.84e-05
ep  46  it  1300/1563  loss 0.14291  lr 7.84e-05
ep  46  it  1350/1563  loss 0.14294  lr 7.84e-05
ep  46  it  1400/1563  loss 0.14300  lr 7.84e-05
ep  46  it  1450/1563  loss 0.14297  lr 7.83e-05
ep  46  it  1500/1563  loss 0.14316  lr 7.83e-05
ep  46  it  1550/1563  loss 0.14309  lr 7.83e-05
[epoch 46] train_loss=0.14317  val_loss=0.14695  lr=7.83e-05  time=2.7 min
ep  47  it    50/1563  loss 0.13838  lr 7.82e-05
ep  47  it   100/1563  loss 0.14209  lr 7.82e-05
ep  47  it   150/1563  loss 0.14100  lr 7.82e-05
ep  47  it   200/1563  loss 0.14217  lr 7.82e-05
ep  47  it   250/1563  loss 0.14331  lr 7.81e-05
ep  47  it   300/1563  loss 0.14279  lr 7.81e-05
ep  47  it   350/1563  loss 0.14246  lr 7.81e-05
ep  47  it   400/1563  loss 0.14255  lr 7.80e-05
ep  47  it   450/1563  loss 0.14256  lr 7.80e-05
ep  47  it   500/1563  loss 0.14245  lr 7.80e-05
ep  47  it   550/1563  loss 0.14243  lr 7.80e-05
ep  47  it   600/1563  loss 0.14246  lr 7.79e-05
ep  47  it   650/1563  loss 0.14228  lr 7.79e-05
ep  47  it   700/1563  loss 0.14223  lr 7.79e-05
ep  47  it   750/1563  loss 0.14196  lr 7.79e-05
ep  47  it   800/1563  loss 0.14195  lr 7.78e-05
ep  47  it   850/1563  loss 0.14187  lr 7.78e-05
ep  47  it   900/1563  loss 0.14181  lr 7.78e-05
ep  47  it   950/1563  loss 0.14191  lr 7.77e-05
ep  47  it  1000/1563  loss 0.14192  lr 7.77e-05
ep  47  it  1050/1563  loss 0.14189  lr 7.77e-05
ep  47  it  1100/1563  loss 0.14199  lr 7.77e-05
ep  47  it  1150/1563  loss 0.14201  lr 7.76e-05
ep  47  it  1200/1563  loss 0.14186  lr 7.76e-05
ep  47  it  1250/1563  loss 0.14198  lr 7.76e-05
ep  47  it  1300/1563  loss 0.14202  lr 7.75e-05
ep  47  it  1350/1563  loss 0.14214  lr 7.75e-05
ep  47  it  1400/1563  loss 0.14203  lr 7.75e-05
ep  47  it  1450/1563  loss 0.14211  lr 7.75e-05
ep  47  it  1500/1563  loss 0.14223  lr 7.74e-05
ep  47  it  1550/1563  loss 0.14227  lr 7.74e-05
[epoch 47] train_loss=0.14226  val_loss=0.14662  lr=7.74e-05  time=2.8 min
ep  48  it    50/1563  loss 0.14665  lr 7.74e-05
ep  48  it   100/1563  loss 0.14411  lr 7.73e-05
ep  48  it   150/1563  loss 0.14241  lr 7.73e-05
ep  48  it   200/1563  loss 0.14318  lr 7.73e-05
ep  48  it   250/1563  loss 0.14311  lr 7.73e-05
ep  48  it   300/1563  loss 0.14329  lr 7.72e-05
ep  48  it   350/1563  loss 0.14319  lr 7.72e-05
ep  48  it   400/1563  loss 0.14277  lr 7.72e-05
ep  48  it   450/1563  loss 0.14330  lr 7.71e-05
ep  48  it   500/1563  loss 0.14350  lr 7.71e-05
ep  48  it   550/1563  loss 0.14409  lr 7.71e-05
ep  48  it   600/1563  loss 0.14425  lr 7.71e-05
ep  48  it   650/1563  loss 0.14410  lr 7.70e-05
ep  48  it   700/1563  loss 0.14436  lr 7.70e-05
ep  48  it   750/1563  loss 0.14394  lr 7.70e-05
ep  48  it   800/1563  loss 0.14417  lr 7.69e-05
ep  48  it   850/1563  loss 0.14386  lr 7.69e-05
ep  48  it   900/1563  loss 0.14390  lr 7.69e-05
ep  48  it   950/1563  loss 0.14400  lr 7.69e-05
ep  48  it  1000/1563  loss 0.14386  lr 7.68e-05
ep  48  it  1050/1563  loss 0.14381  lr 7.68e-05
ep  48  it  1100/1563  loss 0.14379  lr 7.68e-05
ep  48  it  1150/1563  loss 0.14354  lr 7.67e-05
ep  48  it  1200/1563  loss 0.14369  lr 7.67e-05
ep  48  it  1250/1563  loss 0.14373  lr 7.67e-05
ep  48  it  1300/1563  loss 0.14362  lr 7.67e-05
ep  48  it  1350/1563  loss 0.14339  lr 7.66e-05
ep  48  it  1400/1563  loss 0.14315  lr 7.66e-05
ep  48  it  1450/1563  loss 0.14311  lr 7.66e-05
ep  48  it  1500/1563  loss 0.14304  lr 7.65e-05
ep  48  it  1550/1563  loss 0.14312  lr 7.65e-05
[epoch 48] train_loss=0.14322  val_loss=0.14615  lr=7.65e-05  time=2.7 min
ep  49  it    50/1563  loss 0.14115  lr 7.65e-05
ep  49  it   100/1563  loss 0.14124  lr 7.64e-05
ep  49  it   150/1563  loss 0.14110  lr 7.64e-05
ep  49  it   200/1563  loss 0.14130  lr 7.64e-05
ep  49  it   250/1563  loss 0.14102  lr 7.64e-05
ep  49  it   300/1563  loss 0.14168  lr 7.63e-05
ep  49  it   350/1563  loss 0.14141  lr 7.63e-05
ep  49  it   400/1563  loss 0.14131  lr 7.63e-05
ep  49  it   450/1563  loss 0.14168  lr 7.62e-05
ep  49  it   500/1563  loss 0.14156  lr 7.62e-05
ep  49  it   550/1563  loss 0.14163  lr 7.62e-05
ep  49  it   600/1563  loss 0.14168  lr 7.62e-05
ep  49  it   650/1563  loss 0.14213  lr 7.61e-05
ep  49  it   700/1563  loss 0.14246  lr 7.61e-05
ep  49  it   750/1563  loss 0.14253  lr 7.61e-05
ep  49  it   800/1563  loss 0.14277  lr 7.60e-05
ep  49  it   850/1563  loss 0.14272  lr 7.60e-05
ep  49  it   900/1563  loss 0.14264  lr 7.60e-05
ep  49  it   950/1563  loss 0.14249  lr 7.60e-05
ep  49  it  1000/1563  loss 0.14247  lr 7.59e-05
ep  49  it  1050/1563  loss 0.14241  lr 7.59e-05
ep  49  it  1100/1563  loss 0.14236  lr 7.59e-05
ep  49  it  1150/1563  loss 0.14233  lr 7.58e-05
ep  49  it  1200/1563  loss 0.14239  lr 7.58e-05
ep  49  it  1250/1563  loss 0.14242  lr 7.58e-05
ep  49  it  1300/1563  loss 0.14257  lr 7.58e-05
ep  49  it  1350/1563  loss 0.14239  lr 7.57e-05
ep  49  it  1400/1563  loss 0.14251  lr 7.57e-05
ep  49  it  1450/1563  loss 0.14241  lr 7.57e-05
ep  49  it  1500/1563  loss 0.14211  lr 7.56e-05
ep  49  it  1550/1563  loss 0.14206  lr 7.56e-05
[sample] wrote /scratch/maths/btech/mt1230785/col775_a2_hpc/col775_a2/samples/ldm_train/ldm_ep049.png (100 steps, guidance=4.0)
[epoch 49] train_loss=0.14206  val_loss=0.14582  lr=7.56e-05  time=2.8 min
ep  50  it    50/1563  loss 0.14196  lr 7.56e-05
ep  50  it   100/1563  loss 0.14263  lr 7.55e-05
ep  50  it   150/1563  loss 0.14225  lr 7.55e-05
ep  50  it   200/1563  loss 0.14097  lr 7.55e-05
ep  50  it   250/1563  loss 0.14153  lr 7.55e-05
ep  50  it   300/1563  loss 0.14237  lr 7.54e-05
ep  50  it   350/1563  loss 0.14244  lr 7.54e-05
ep  50  it   400/1563  loss 0.14258  lr 7.54e-05
ep  50  it   450/1563  loss 0.14253  lr 7.53e-05
ep  50  it   500/1563  loss 0.14231  lr 7.53e-05
ep  50  it   550/1563  loss 0.14252  lr 7.53e-05
ep  50  it   600/1563  loss 0.14266  lr 7.53e-05
ep  50  it   650/1563  loss 0.14287  lr 7.52e-05
ep  50  it   700/1563  loss 0.14256  lr 7.52e-05
ep  50  it   750/1563  loss 0.14241  lr 7.52e-05
ep  50  it   800/1563  loss 0.14230  lr 7.51e-05
ep  50  it   850/1563  loss 0.14230  lr 7.51e-05
ep  50  it   900/1563  loss 0.14186  lr 7.51e-05
ep  50  it   950/1563  loss 0.14186  lr 7.51e-05
ep  50  it  1000/1563  loss 0.14216  lr 7.50e-05
ep  50  it  1050/1563  loss 0.14210  lr 7.50e-05
ep  50  it  1100/1563  loss 0.14212  lr 7.50e-05
ep  50  it  1150/1563  loss 0.14223  lr 7.49e-05
ep  50  it  1200/1563  loss 0.14213  lr 7.49e-05
ep  50  it  1250/1563  loss 0.14194  lr 7.49e-05
ep  50  it  1300/1563  loss 0.14193  lr 7.48e-05
ep  50  it  1350/1563  loss 0.14175  lr 7.48e-05
ep  50  it  1400/1563  loss 0.14181  lr 7.48e-05
ep  50  it  1450/1563  loss 0.14162  lr 7.48e-05
ep  50  it  1500/1563  loss 0.14159  lr 7.47e-05
ep  50  it  1550/1563  loss 0.14166  lr 7.47e-05
[epoch 50] train_loss=0.14167  val_loss=0.14551  lr=7.47e-05  time=2.7 min
ep  51  it    50/1563  loss 0.14306  lr 7.47e-05
ep  51  it   100/1563  loss 0.14117  lr 7.46e-05
ep  51  it   150/1563  loss 0.14164  lr 7.46e-05
ep  51  it   200/1563  loss 0.14128  lr 7.46e-05
ep  51  it   250/1563  loss 0.14130  lr 7.45e-05
ep  51  it   300/1563  loss 0.14117  lr 7.45e-05
ep  51  it   350/1563  loss 0.14256  lr 7.45e-05
ep  51  it   400/1563  loss 0.14234  lr 7.45e-05
ep  51  it   450/1563  loss 0.14230  lr 7.44e-05
ep  51  it   500/1563  loss 0.14235  lr 7.44e-05
ep  51  it   550/1563  loss 0.14240  lr 7.44e-05
ep  51  it   600/1563  loss 0.14252  lr 7.43e-05
ep  51  it   650/1563  loss 0.14226  lr 7.43e-05
ep  51  it   700/1563  loss 0.14238  lr 7.43e-05
ep  51  it   750/1563  loss 0.14244  lr 7.43e-05
ep  51  it   800/1563  loss 0.14248  lr 7.42e-05
ep  51  it   850/1563  loss 0.14252  lr 7.42e-05
ep  51  it   900/1563  loss 0.14250  lr 7.42e-05
ep  51  it   950/1563  loss 0.14250  lr 7.41e-05
ep  51  it  1000/1563  loss 0.14249  lr 7.41e-05
ep  51  it  1050/1563  loss 0.14256  lr 7.41e-05
ep  51  it  1100/1563  loss 0.14246  lr 7.40e-05
ep  51  it  1150/1563  loss 0.14243  lr 7.40e-05
ep  51  it  1200/1563  loss 0.14242  lr 7.40e-05
ep  51  it  1250/1563  loss 0.14235  lr 7.40e-05
ep  51  it  1300/1563  loss 0.14240  lr 7.39e-05
ep  51  it  1350/1563  loss 0.14220  lr 7.39e-05
ep  51  it  1400/1563  loss 0.14232  lr 7.39e-05
ep  51  it  1450/1563  loss 0.14231  lr 7.38e-05
ep  51  it  1500/1563  loss 0.14220  lr 7.38e-05
ep  51  it  1550/1563  loss 0.14219  lr 7.38e-05
[epoch 51] train_loss=0.14218  val_loss=0.14531  lr=7.38e-05  time=2.7 min
ep  52  it    50/1563  loss 0.14239  lr 7.37e-05
ep  52  it   100/1563  loss 0.14201  lr 7.37e-05
ep  52  it   150/1563  loss 0.14047  lr 7.37e-05
ep  52  it   200/1563  loss 0.13889  lr 7.37e-05
ep  52  it   250/1563  loss 0.13976  lr 7.36e-05
ep  52  it   300/1563  loss 0.13978  lr 7.36e-05
ep  52  it   350/1563  loss 0.14021  lr 7.36e-05
ep  52  it   400/1563  loss 0.14053  lr 7.35e-05
ep  52  it   450/1563  loss 0.14066  lr 7.35e-05
ep  52  it   500/1563  loss 0.14069  lr 7.35e-05
ep  52  it   550/1563  loss 0.14097  lr 7.34e-05
ep  52  it   600/1563  loss 0.14098  lr 7.34e-05
ep  52  it   650/1563  loss 0.14079  lr 7.34e-05
ep  52  it   700/1563  loss 0.14087  lr 7.34e-05
ep  52  it   750/1563  loss 0.14089  lr 7.33e-05
ep  52  it   800/1563  loss 0.14075  lr 7.33e-05
ep  52  it   850/1563  loss 0.14065  lr 7.33e-05
ep  52  it   900/1563  loss 0.14064  lr 7.32e-05
ep  52  it   950/1563  loss 0.14072  lr 7.32e-05
ep  52  it  1000/1563  loss 0.14085  lr 7.32e-05
ep  52  it  1050/1563  loss 0.14132  lr 7.31e-05
ep  52  it  1100/1563  loss 0.14135  lr 7.31e-05
ep  52  it  1150/1563  loss 0.14122  lr 7.31e-05
ep  52  it  1200/1563  loss 0.14111  lr 7.31e-05
ep  52  it  1250/1563  loss 0.14100  lr 7.30e-05
ep  52  it  1300/1563  loss 0.14104  lr 7.30e-05
ep  52  it  1350/1563  loss 0.14099  lr 7.30e-05
ep  52  it  1400/1563  loss 0.14096  lr 7.29e-05
ep  52  it  1450/1563  loss 0.14100  lr 7.29e-05
ep  52  it  1500/1563  loss 0.14091  lr 7.29e-05
ep  52  it  1550/1563  loss 0.14104  lr 7.28e-05
[epoch 52] train_loss=0.14103  val_loss=0.14532  lr=7.28e-05  time=2.7 min
ep  53  it    50/1563  loss 0.13861  lr 7.28e-05
ep  53  it   100/1563  loss 0.14239  lr 7.28e-05
ep  53  it   150/1563  loss 0.14308  lr 7.28e-05
ep  53  it   200/1563  loss 0.14359  lr 7.27e-05
ep  53  it   250/1563  loss 0.14345  lr 7.27e-05
ep  53  it   300/1563  loss 0.14330  lr 7.27e-05
ep  53  it   350/1563  loss 0.14260  lr 7.26e-05
ep  53  it   400/1563  loss 0.14195  lr 7.26e-05
ep  53  it   450/1563  loss 0.14184  lr 7.26e-05
ep  53  it   500/1563  loss 0.14243  lr 7.25e-05
ep  53  it   550/1563  loss 0.14192  lr 7.25e-05
ep  53  it   600/1563  loss 0.14150  lr 7.25e-05
ep  53  it   650/1563  loss 0.14179  lr 7.24e-05
ep  53  it   700/1563  loss 0.14163  lr 7.24e-05
ep  53  it   750/1563  loss 0.14181  lr 7.24e-05
ep  53  it   800/1563  loss 0.14165  lr 7.24e-05
ep  53  it   850/1563  loss 0.14136  lr 7.23e-05
ep  53  it   900/1563  loss 0.14128  lr 7.23e-05
ep  53  it   950/1563  loss 0.14150  lr 7.23e-05
ep  53  it  1000/1563  loss 0.14141  lr 7.22e-05
ep  53  it  1050/1563  loss 0.14137  lr 7.22e-05
ep  53  it  1100/1563  loss 0.14111  lr 7.22e-05
ep  53  it  1150/1563  loss 0.14110  lr 7.21e-05
ep  53  it  1200/1563  loss 0.14111  lr 7.21e-05
ep  53  it  1250/1563  loss 0.14122  lr 7.21e-05
ep  53  it  1300/1563  loss 0.14128  lr 7.21e-05
ep  53  it  1350/1563  loss 0.14114  lr 7.20e-05
ep  53  it  1400/1563  loss 0.14113  lr 7.20e-05
ep  53  it  1450/1563  loss 0.14127  lr 7.20e-05
ep  53  it  1500/1563  loss 0.14145  lr 7.19e-05
ep  53  it  1550/1563  loss 0.14137  lr 7.19e-05
[epoch 53] train_loss=0.14134  val_loss=0.14488  lr=7.19e-05  time=2.7 min
ep  54  it    50/1563  loss 0.13827  lr 7.19e-05
ep  54  it   100/1563  loss 0.13993  lr 7.18e-05
ep  54  it   150/1563  loss 0.14091  lr 7.18e-05
ep  54  it   200/1563  loss 0.14105  lr 7.18e-05
ep  54  it   250/1563  loss 0.14184  lr 7.17e-05
ep  54  it   300/1563  loss 0.14146  lr 7.17e-05
ep  54  it   350/1563  loss 0.14136  lr 7.17e-05
ep  54  it   400/1563  loss 0.14141  lr 7.17e-05
ep  54  it   450/1563  loss 0.14157  lr 7.16e-05
ep  54  it   500/1563  loss 0.14137  lr 7.16e-05
ep  54  it   550/1563  loss 0.14118  lr 7.16e-05
ep  54  it   600/1563  loss 0.14097  lr 7.15e-05
ep  54  it   650/1563  loss 0.14157  lr 7.15e-05
ep  54  it   700/1563  loss 0.14182  lr 7.15e-05
ep  54  it   750/1563  loss 0.14180  lr 7.14e-05
ep  54  it   800/1563  loss 0.14137  lr 7.14e-05
ep  54  it   850/1563  loss 0.14144  lr 7.14e-05
ep  54  it   900/1563  loss 0.14157  lr 7.14e-05
ep  54  it   950/1563  loss 0.14144  lr 7.13e-05
ep  54  it  1000/1563  loss 0.14158  lr 7.13e-05
ep  54  it  1050/1563  loss 0.14167  lr 7.13e-05
ep  54  it  1100/1563  loss 0.14157  lr 7.12e-05
ep  54  it  1150/1563  loss 0.14141  lr 7.12e-05
ep  54  it  1200/1563  loss 0.14149  lr 7.12e-05
ep  54  it  1250/1563  loss 0.14131  lr 7.11e-05
ep  54  it  1300/1563  loss 0.14118  lr 7.11e-05
ep  54  it  1350/1563  loss 0.14120  lr 7.11e-05
ep  54  it  1400/1563  loss 0.14129  lr 7.10e-05
ep  54  it  1450/1563  loss 0.14126  lr 7.10e-05
ep  54  it  1500/1563  loss 0.14131  lr 7.10e-05
ep  54  it  1550/1563  loss 0.14111  lr 7.10e-05
[epoch 54] train_loss=0.14110  val_loss=0.14425  lr=7.09e-05  time=2.8 min
ep  55  it    50/1563  loss 0.14112  lr 7.09e-05
ep  55  it   100/1563  loss 0.14003  lr 7.09e-05
ep  55  it   150/1563  loss 0.14049  lr 7.09e-05
ep  55  it   200/1563  loss 0.14023  lr 7.08e-05
ep  55  it   250/1563  loss 0.13990  lr 7.08e-05
ep  55  it   300/1563  loss 0.13980  lr 7.08e-05
ep  55  it   350/1563  loss 0.13943  lr 7.07e-05
ep  55  it   400/1563  loss 0.14005  lr 7.07e-05
ep  55  it   450/1563  loss 0.14014  lr 7.07e-05
ep  55  it   500/1563  loss 0.14019  lr 7.06e-05
ep  55  it   550/1563  loss 0.14038  lr 7.06e-05
ep  55  it   600/1563  loss 0.14061  lr 7.06e-05
ep  55  it   650/1563  loss 0.14054  lr 7.05e-05
ep  55  it   700/1563  loss 0.14050  lr 7.05e-05
ep  55  it   750/1563  loss 0.14020  lr 7.05e-05
ep  55  it   800/1563  loss 0.14003  lr 7.05e-05
ep  55  it   850/1563  loss 0.14019  lr 7.04e-05
ep  55  it   900/1563  loss 0.14032  lr 7.04e-05
ep  55  it   950/1563  loss 0.14046  lr 7.04e-05
ep  55  it  1000/1563  loss 0.14046  lr 7.03e-05
ep  55  it  1050/1563  loss 0.14034  lr 7.03e-05
ep  55  it  1100/1563  loss 0.14036  lr 7.03e-05
ep  55  it  1150/1563  loss 0.14026  lr 7.02e-05
ep  55  it  1200/1563  loss 0.14017  lr 7.02e-05
ep  55  it  1250/1563  loss 0.14027  lr 7.02e-05
ep  55  it  1300/1563  loss 0.14013  lr 7.01e-05
ep  55  it  1350/1563  loss 0.14009  lr 7.01e-05
ep  55  it  1400/1563  loss 0.13996  lr 7.01e-05
ep  55  it  1450/1563  loss 0.14005  lr 7.01e-05
ep  55  it  1500/1563  loss 0.14009  lr 7.00e-05
ep  55  it  1550/1563  loss 0.13999  lr 7.00e-05
[epoch 55] train_loss=0.13997  val_loss=0.14422  lr=7.00e-05  time=2.7 min
ep  56  it    50/1563  loss 0.14221  lr 7.00e-05
ep  56  it   100/1563  loss 0.14191  lr 6.99e-05
ep  56  it   150/1563  loss 0.14188  lr 6.99e-05
ep  56  it   200/1563  loss 0.14049  lr 6.99e-05
ep  56  it   250/1563  loss 0.14026  lr 6.98e-05
ep  56  it   300/1563  loss 0.13976  lr 6.98e-05
ep  56  it   350/1563  loss 0.13945  lr 6.98e-05
ep  56  it   400/1563  loss 0.13901  lr 6.97e-05
ep  56  it   450/1563  loss 0.13958  lr 6.97e-05
ep  56  it   500/1563  loss 0.13930  lr 6.97e-05
ep  56  it   550/1563  loss 0.13903  lr 6.96e-05
ep  56  it   600/1563  loss 0.13876  lr 6.96e-05
ep  56  it   650/1563  loss 0.13880  lr 6.96e-05
ep  56  it   700/1563  loss 0.13867  lr 6.95e-05
ep  56  it   750/1563  loss 0.13865  lr 6.95e-05
ep  56  it   800/1563  loss 0.13881  lr 6.95e-05
ep  56  it   850/1563  loss 0.13885  lr 6.95e-05
ep  56  it   900/1563  loss 0.13898  lr 6.94e-05
ep  56  it   950/1563  loss 0.13887  lr 6.94e-05
ep  56  it  1000/1563  loss 0.13879  lr 6.94e-05
ep  56  it  1050/1563  loss 0.13905  lr 6.93e-05
ep  56  it  1100/1563  loss 0.13897  lr 6.93e-05
ep  56  it  1150/1563  loss 0.13913  lr 6.93e-05
ep  56  it  1200/1563  loss 0.13918  lr 6.92e-05
ep  56  it  1250/1563  loss 0.13933  lr 6.92e-05
ep  56  it  1300/1563  loss 0.13925  lr 6.92e-05
ep  56  it  1350/1563  loss 0.13945  lr 6.91e-05
ep  56  it  1400/1563  loss 0.13932  lr 6.91e-05
ep  56  it  1450/1563  loss 0.13945  lr 6.91e-05
ep  56  it  1500/1563  loss 0.13952  lr 6.91e-05
ep  56  it  1550/1563  loss 0.13970  lr 6.90e-05
[epoch 56] train_loss=0.13963  val_loss=0.14378  lr=6.90e-05  time=2.7 min
ep  57  it    50/1563  loss 0.13573  lr 6.90e-05
ep  57  it   100/1563  loss 0.13899  lr 6.89e-05
ep  57  it   150/1563  loss 0.13856  lr 6.89e-05
ep  57  it   200/1563  loss 0.13770  lr 6.89e-05
ep  57  it   250/1563  loss 0.13850  lr 6.89e-05
ep  57  it   300/1563  loss 0.13880  lr 6.88e-05
ep  57  it   350/1563  loss 0.13884  lr 6.88e-05
ep  57  it   400/1563  loss 0.13877  lr 6.88e-05
ep  57  it   450/1563  loss 0.13878  lr 6.87e-05
ep  57  it   500/1563  loss 0.13910  lr 6.87e-05
ep  57  it   550/1563  loss 0.13920  lr 6.87e-05
ep  57  it   600/1563  loss 0.13941  lr 6.86e-05
ep  57  it   650/1563  loss 0.13929  lr 6.86e-05
ep  57  it   700/1563  loss 0.13923  lr 6.86e-05
ep  57  it   750/1563  loss 0.13942  lr 6.85e-05
ep  57  it   800/1563  loss 0.13896  lr 6.85e-05
ep  57  it   850/1563  loss 0.13926  lr 6.85e-05
ep  57  it   900/1563  loss 0.13958  lr 6.84e-05
ep  57  it   950/1563  loss 0.13946  lr 6.84e-05
ep  57  it  1000/1563  loss 0.13948  lr 6.84e-05
ep  57  it  1050/1563  loss 0.13958  lr 6.84e-05
ep  57  it  1100/1563  loss 0.13963  lr 6.83e-05
ep  57  it  1150/1563  loss 0.13949  lr 6.83e-05
ep  57  it  1200/1563  loss 0.13943  lr 6.83e-05
ep  57  it  1250/1563  loss 0.13929  lr 6.82e-05
ep  57  it  1300/1563  loss 0.13942  lr 6.82e-05
ep  57  it  1350/1563  loss 0.13943  lr 6.82e-05
ep  57  it  1400/1563  loss 0.13936  lr 6.81e-05
ep  57  it  1450/1563  loss 0.13942  lr 6.81e-05
ep  57  it  1500/1563  loss 0.13954  lr 6.81e-05
ep  57  it  1550/1563  loss 0.13954  lr 6.80e-05
[epoch 57] train_loss=0.13964  val_loss=0.14362  lr=6.80e-05  time=2.8 min
ep  58  it    50/1563  loss 0.13863  lr 6.80e-05
ep  58  it   100/1563  loss 0.14063  lr 6.80e-05
ep  58  it   150/1563  loss 0.14000  lr 6.79e-05
ep  58  it   200/1563  loss 0.13947  lr 6.79e-05
ep  58  it   250/1563  loss 0.14045  lr 6.79e-05
ep  58  it   300/1563  loss 0.13942  lr 6.78e-05
ep  58  it   350/1563  loss 0.13900  lr 6.78e-05
ep  58  it   400/1563  loss 0.13985  lr 6.78e-05
ep  58  it   450/1563  loss 0.13950  lr 6.77e-05
ep  58  it   500/1563  loss 0.13875  lr 6.77e-05
ep  58  it   550/1563  loss 0.13876  lr 6.77e-05
ep  58  it   600/1563  loss 0.13894  lr 6.77e-05
ep  58  it   650/1563  loss 0.13902  lr 6.76e-05
ep  58  it   700/1563  loss 0.13924  lr 6.76e-05
ep  58  it   750/1563  loss 0.13914  lr 6.76e-05
ep  58  it   800/1563  loss 0.13949  lr 6.75e-05
ep  58  it   850/1563  loss 0.13964  lr 6.75e-05
ep  58  it   900/1563  loss 0.13934  lr 6.75e-05
ep  58  it   950/1563  loss 0.13924  lr 6.74e-05
ep  58  it  1000/1563  loss 0.13945  lr 6.74e-05
ep  58  it  1050/1563  loss 0.13961  lr 6.74e-05
ep  58  it  1100/1563  loss 0.13989  lr 6.73e-05
ep  58  it  1150/1563  loss 0.13982  lr 6.73e-05
ep  58  it  1200/1563  loss 0.13969  lr 6.73e-05
ep  58  it  1250/1563  loss 0.13954  lr 6.72e-05
ep  58  it  1300/1563  loss 0.13959  lr 6.72e-05
ep  58  it  1350/1563  loss 0.13970  lr 6.72e-05
ep  58  it  1400/1563  loss 0.13977  lr 6.71e-05
ep  58  it  1450/1563  loss 0.14001  lr 6.71e-05
ep  58  it  1500/1563  loss 0.13997  lr 6.71e-05
ep  58  it  1550/1563  loss 0.13998  lr 6.71e-05
[epoch 58] train_loss=0.13999  val_loss=0.14319  lr=6.70e-05  time=2.7 min
ep  59  it    50/1563  loss 0.13921  lr 6.70e-05
ep  59  it   100/1563  loss 0.14145  lr 6.70e-05
ep  59  it   150/1563  loss 0.13905  lr 6.70e-05
ep  59  it   200/1563  loss 0.13768  lr 6.69e-05
ep  59  it   250/1563  loss 0.13939  lr 6.69e-05
ep  59  it   300/1563  loss 0.13843  lr 6.69e-05
ep  59  it   350/1563  loss 0.13868  lr 6.68e-05
ep  59  it   400/1563  loss 0.13875  lr 6.68e-05
ep  59  it   450/1563  loss 0.13872  lr 6.68e-05
ep  59  it   500/1563  loss 0.13860  lr 6.67e-05
ep  59  it   550/1563  loss 0.13898  lr 6.67e-05
ep  59  it   600/1563  loss 0.13825  lr 6.67e-05
ep  59  it   650/1563  loss 0.13815  lr 6.66e-05
ep  59  it   700/1563  loss 0.13782  lr 6.66e-05
ep  59  it   750/1563  loss 0.13783  lr 6.66e-05
ep  59  it   800/1563  loss 0.13810  lr 6.65e-05
ep  59  it   850/1563  loss 0.13837  lr 6.65e-05
ep  59  it   900/1563  loss 0.13833  lr 6.65e-05
ep  59  it   950/1563  loss 0.13870  lr 6.64e-05
ep  59  it  1000/1563  loss 0.13867  lr 6.64e-05
ep  59  it  1050/1563  loss 0.13890  lr 6.64e-05
ep  59  it  1100/1563  loss 0.13899  lr 6.63e-05
ep  59  it  1150/1563  loss 0.13895  lr 6.63e-05
ep  59  it  1200/1563  loss 0.13895  lr 6.63e-05
ep  59  it  1250/1563  loss 0.13886  lr 6.63e-05
ep  59  it  1300/1563  loss 0.13899  lr 6.62e-05
ep  59  it  1350/1563  loss 0.13923  lr 6.62e-05
ep  59  it  1400/1563  loss 0.13912  lr 6.62e-05
ep  59  it  1450/1563  loss 0.13922  lr 6.61e-05
ep  59  it  1500/1563  loss 0.13927  lr 6.61e-05
ep  59  it  1550/1563  loss 0.13928  lr 6.61e-05
[sample] wrote /scratch/maths/btech/mt1230785/col775_a2_hpc/col775_a2/samples/ldm_train/ldm_ep059.png (100 steps, guidance=4.0)
[epoch 59] train_loss=0.13933  val_loss=0.14316  lr=6.61e-05  time=2.8 min
ep  60  it    50/1563  loss 0.13608  lr 6.60e-05
ep  60  it   100/1563  loss 0.13817  lr 6.60e-05
ep  60  it   150/1563  loss 0.13803  lr 6.60e-05
ep  60  it   200/1563  loss 0.13900  lr 6.59e-05
ep  60  it   250/1563  loss 0.13825  lr 6.59e-05
ep  60  it   300/1563  loss 0.13825  lr 6.59e-05
ep  60  it   350/1563  loss 0.13907  lr 6.58e-05
ep  60  it   400/1563  loss 0.13882  lr 6.58e-05
ep  60  it   450/1563  loss 0.13948  lr 6.58e-05
ep  60  it   500/1563  loss 0.14009  lr 6.57e-05
ep  60  it   550/1563  loss 0.13980  lr 6.57e-05
ep  60  it   600/1563  loss 0.13949  lr 6.57e-05
ep  60  it   650/1563  loss 0.13961  lr 6.56e-05
ep  60  it   700/1563  loss 0.13943  lr 6.56e-05
ep  60  it   750/1563  loss 0.13918  lr 6.56e-05
ep  60  it   800/1563  loss 0.13915  lr 6.55e-05
ep  60  it   850/1563  loss 0.13907  lr 6.55e-05
ep  60  it   900/1563  loss 0.13886  lr 6.55e-05
ep  60  it   950/1563  loss 0.13899  lr 6.54e-05
ep  60  it  1000/1563  loss 0.13900  lr 6.54e-05
ep  60  it  1050/1563  loss 0.13904  lr 6.54e-05
ep  60  it  1100/1563  loss 0.13924  lr 6.53e-05
ep  60  it  1150/1563  loss 0.13912  lr 6.53e-05
ep  60  it  1200/1563  loss 0.13919  lr 6.53e-05
ep  60  it  1250/1563  loss 0.13944  lr 6.53e-05
ep  60  it  1300/1563  loss 0.13945  lr 6.52e-05
ep  60  it  1350/1563  loss 0.13929  lr 6.52e-05
ep  60  it  1400/1563  loss 0.13950  lr 6.52e-05
ep  60  it  1450/1563  loss 0.13971  lr 6.51e-05
ep  60  it  1500/1563  loss 0.13978  lr 6.51e-05
ep  60  it  1550/1563  loss 0.13959  lr 6.51e-05
[epoch 60] train_loss=0.13960  val_loss=0.14306  lr=6.50e-05  time=2.7 min
ep  61  it    50/1563  loss 0.13814  lr 6.50e-05
ep  61  it   100/1563  loss 0.13852  lr 6.50e-05
ep  61  it   150/1563  loss 0.13867  lr 6.50e-05
ep  61  it   200/1563  loss 0.13917  lr 6.49e-05
ep  61  it   250/1563  loss 0.13965  lr 6.49e-05
ep  61  it   300/1563  loss 0.14030  lr 6.49e-05
ep  61  it   350/1563  loss 0.14011  lr 6.48e-05
ep  61  it   400/1563  loss 0.13938  lr 6.48e-05
ep  61  it   450/1563  loss 0.13960  lr 6.48e-05
ep  61  it   500/1563  loss 0.13980  lr 6.47e-05
ep  61  it   550/1563  loss 0.13959  lr 6.47e-05
ep  61  it   600/1563  loss 0.13922  lr 6.47e-05
ep  61  it   650/1563  loss 0.13908  lr 6.46e-05
ep  61  it   700/1563  loss 0.13893  lr 6.46e-05
ep  61  it   750/1563  loss 0.13890  lr 6.46e-05
ep  61  it   800/1563  loss 0.13892  lr 6.45e-05
ep  61  it   850/1563  loss 0.13889  lr 6.45e-05
ep  61  it   900/1563  loss 0.13908  lr 6.45e-05
ep  61  it   950/1563  loss 0.13928  lr 6.44e-05
ep  61  it  1000/1563  loss 0.13940  lr 6.44e-05
ep  61  it  1050/1563  loss 0.13949  lr 6.44e-05
ep  61  it  1100/1563  loss 0.13945  lr 6.43e-05
ep  61  it  1150/1563  loss 0.13954  lr 6.43e-05
ep  61  it  1200/1563  loss 0.13950  lr 6.43e-05
ep  61  it  1250/1563  loss 0.13939  lr 6.42e-05
ep  61  it  1300/1563  loss 0.13953  lr 6.42e-05
ep  61  it  1350/1563  loss 0.13976  lr 6.42e-05
ep  61  it  1400/1563  loss 0.13963  lr 6.41e-05
ep  61  it  1450/1563  loss 0.13956  lr 6.41e-05
ep  61  it  1500/1563  loss 0.13961  lr 6.41e-05
ep  61  it  1550/1563  loss 0.13952  lr 6.40e-05
[epoch 61] train_loss=0.13951  val_loss=0.14260  lr=6.40e-05  time=2.7 min
ep  62  it    50/1563  loss 0.14187  lr 6.40e-05
ep  62  it   100/1563  loss 0.14062  lr 6.40e-05
ep  62  it   150/1563  loss 0.13938  lr 6.39e-05
ep  62  it   200/1563  loss 0.14031  lr 6.39e-05
ep  62  it   250/1563  loss 0.14148  lr 6.39e-05
ep  62  it   300/1563  loss 0.14138  lr 6.38e-05
ep  62  it   350/1563  loss 0.14137  lr 6.38e-05
ep  62  it   400/1563  loss 0.14062  lr 6.38e-05
ep  62  it   450/1563  loss 0.14079  lr 6.37e-05
ep  62  it   500/1563  loss 0.14094  lr 6.37e-05
ep  62  it   550/1563  loss 0.14061  lr 6.37e-05
ep  62  it   600/1563  loss 0.14052  lr 6.37e-05
ep  62  it   650/1563  loss 0.14020  lr 6.36e-05
ep  62  it   700/1563  loss 0.14034  lr 6.36e-05
ep  62  it   750/1563  loss 0.14015  lr 6.36e-05
ep  62  it   800/1563  loss 0.14019  lr 6.35e-05
ep  62  it   850/1563  loss 0.14001  lr 6.35e-05
ep  62  it   900/1563  loss 0.13997  lr 6.35e-05
ep  62  it   950/1563  loss 0.13993  lr 6.34e-05
ep  62  it  1000/1563  loss 0.13943  lr 6.34e-05
ep  62  it  1050/1563  loss 0.13937  lr 6.34e-05
ep  62  it  1100/1563  loss 0.13911  lr 6.33e-05
ep  62  it  1150/1563  loss 0.13908  lr 6.33e-05
ep  62  it  1200/1563  loss 0.13900  lr 6.33e-05
ep  62  it  1250/1563  loss 0.13918  lr 6.32e-05
ep  62  it  1300/1563  loss 0.13900  lr 6.32e-05
ep  62  it  1350/1563  loss 0.13915  lr 6.32e-05
ep  62  it  1400/1563  loss 0.13923  lr 6.31e-05
ep  62  it  1450/1563  loss 0.13931  lr 6.31e-05
ep  62  it  1500/1563  loss 0.13933  lr 6.31e-05
ep  62  it  1550/1563  loss 0.13913  lr 6.30e-05
[epoch 62] train_loss=0.13910  val_loss=0.14246  lr=6.30e-05  time=2.7 min
ep  63  it    50/1563  loss 0.13942  lr 6.30e-05
ep  63  it   100/1563  loss 0.13878  lr 6.30e-05
ep  63  it   150/1563  loss 0.13866  lr 6.29e-05
ep  63  it   200/1563  loss 0.13755  lr 6.29e-05
ep  63  it   250/1563  loss 0.13652  lr 6.29e-05
ep  63  it   300/1563  loss 0.13765  lr 6.28e-05
ep  63  it   350/1563  loss 0.13702  lr 6.28e-05
ep  63  it   400/1563  loss 0.13659  lr 6.28e-05
ep  63  it   450/1563  loss 0.13637  lr 6.27e-05
ep  63  it   500/1563  loss 0.13694  lr 6.27e-05
ep  63  it   550/1563  loss 0.13694  lr 6.27e-05
ep  63  it   600/1563  loss 0.13701  lr 6.26e-05
ep  63  it   650/1563  loss 0.13731  lr 6.26e-05
ep  63  it   700/1563  loss 0.13722  lr 6.26e-05
ep  63  it   750/1563  loss 0.13723  lr 6.25e-05
ep  63  it   800/1563  loss 0.13707  lr 6.25e-05
ep  63  it   850/1563  loss 0.13719  lr 6.25e-05
ep  63  it   900/1563  loss 0.13729  lr 6.24e-05
ep  63  it   950/1563  loss 0.13704  lr 6.24e-05
ep  63  it  1000/1563  loss 0.13725  lr 6.24e-05
ep  63  it  1050/1563  loss 0.13714  lr 6.23e-05
ep  63  it  1100/1563  loss 0.13720  lr 6.23e-05
ep  63  it  1150/1563  loss 0.13719  lr 6.23e-05
ep  63  it  1200/1563  loss 0.13714  lr 6.22e-05
ep  63  it  1250/1563  loss 0.13729  lr 6.22e-05
ep  63  it  1300/1563  loss 0.13725  lr 6.22e-05
ep  63  it  1350/1563  loss 0.13717  lr 6.21e-05
ep  63  it  1400/1563  loss 0.13719  lr 6.21e-05
ep  63  it  1450/1563  loss 0.13718  lr 6.21e-05
ep  63  it  1500/1563  loss 0.13702  lr 6.20e-05
ep  63  it  1550/1563  loss 0.13708  lr 6.20e-05
[epoch 63] train_loss=0.13714  val_loss=0.14231  lr=6.20e-05  time=2.7 min
ep  64  it    50/1563  loss 0.13284  lr 6.20e-05
ep  64  it   100/1563  loss 0.13570  lr 6.19e-05
ep  64  it   150/1563  loss 0.13671  lr 6.19e-05
ep  64  it   200/1563  loss 0.13696  lr 6.19e-05
ep  64  it   250/1563  loss 0.13757  lr 6.18e-05
ep  64  it   300/1563  loss 0.13833  lr 6.18e-05
ep  64  it   350/1563  loss 0.13829  lr 6.18e-05
ep  64  it   400/1563  loss 0.13785  lr 6.17e-05
ep  64  it   450/1563  loss 0.13793  lr 6.17e-05
ep  64  it   500/1563  loss 0.13804  lr 6.17e-05
ep  64  it   550/1563  loss 0.13820  lr 6.16e-05
ep  64  it   600/1563  loss 0.13824  lr 6.16e-05
ep  64  it   650/1563  loss 0.13840  lr 6.16e-05
ep  64  it   700/1563  loss 0.13818  lr 6.15e-05
ep  64  it   750/1563  loss 0.13809  lr 6.15e-05
ep  64  it   800/1563  loss 0.13804  lr 6.15e-05
ep  64  it   850/1563  loss 0.13815  lr 6.14e-05
ep  64  it   900/1563  loss 0.13823  lr 6.14e-05
ep  64  it   950/1563  loss 0.13818  lr 6.14e-05
ep  64  it  1000/1563  loss 0.13816  lr 6.13e-05
ep  64  it  1050/1563  loss 0.13828  lr 6.13e-05
ep  64  it  1100/1563  loss 0.13808  lr 6.13e-05
ep  64  it  1150/1563  loss 0.13807  lr 6.13e-05
ep  64  it  1200/1563  loss 0.13797  lr 6.12e-05
ep  64  it  1250/1563  loss 0.13800  lr 6.12e-05
ep  64  it  1300/1563  loss 0.13797  lr 6.12e-05
ep  64  it  1350/1563  loss 0.13808  lr 6.11e-05
ep  64  it  1400/1563  loss 0.13809  lr 6.11e-05
ep  64  it  1450/1563  loss 0.13808  lr 6.11e-05
ep  64  it  1500/1563  loss 0.13815  lr 6.10e-05
ep  64  it  1550/1563  loss 0.13820  lr 6.10e-05
[epoch 64] train_loss=0.13828  val_loss=0.14192  lr=6.10e-05  time=2.7 min
ep  65  it    50/1563  loss 0.14342  lr 6.09e-05
ep  65  it   100/1563  loss 0.14213  lr 6.09e-05
ep  65  it   150/1563  loss 0.14216  lr 6.09e-05
ep  65  it   200/1563  loss 0.13945  lr 6.08e-05
ep  65  it   250/1563  loss 0.13828  lr 6.08e-05
ep  65  it   300/1563  loss 0.13735  lr 6.08e-05
ep  65  it   350/1563  loss 0.13791  lr 6.07e-05
ep  65  it   400/1563  loss 0.13792  lr 6.07e-05
ep  65  it   450/1563  loss 0.13786  lr 6.07e-05
ep  65  it   500/1563  loss 0.13767  lr 6.06e-05
ep  65  it   550/1563  loss 0.13768  lr 6.06e-05
ep  65  it   600/1563  loss 0.13742  lr 6.06e-05
ep  65  it   650/1563  loss 0.13764  lr 6.06e-05
ep  65  it   700/1563  loss 0.13773  lr 6.05e-05
ep  65  it   750/1563  loss 0.13754  lr 6.05e-05
ep  65  it   800/1563  loss 0.13757  lr 6.05e-05
ep  65  it   850/1563  loss 0.13765  lr 6.04e-05
ep  65  it   900/1563  loss 0.13763  lr 6.04e-05
ep  65  it   950/1563  loss 0.13745  lr 6.04e-05
ep  65  it  1000/1563  loss 0.13733  lr 6.03e-05
ep  65  it  1050/1563  loss 0.13734  lr 6.03e-05
ep  65  it  1100/1563  loss 0.13734  lr 6.03e-05
ep  65  it  1150/1563  loss 0.13735  lr 6.02e-05
ep  65  it  1200/1563  loss 0.13726  lr 6.02e-05
ep  65  it  1250/1563  loss 0.13716  lr 6.02e-05
ep  65  it  1300/1563  loss 0.13677  lr 6.01e-05
ep  65  it  1350/1563  loss 0.13675  lr 6.01e-05
ep  65  it  1400/1563  loss 0.13688  lr 6.01e-05
ep  65  it  1450/1563  loss 0.13683  lr 6.00e-05
ep  65  it  1500/1563  loss 0.13691  lr 6.00e-05
ep  65  it  1550/1563  loss 0.13691  lr 6.00e-05
[epoch 65] train_loss=0.13698  val_loss=0.14168  lr=5.99e-05  time=2.7 min
ep  66  it    50/1563  loss 0.13763  lr 5.99e-05
ep  66  it   100/1563  loss 0.13772  lr 5.99e-05
ep  66  it   150/1563  loss 0.13832  lr 5.98e-05
ep  66  it   200/1563  loss 0.13841  lr 5.98e-05
ep  66  it   250/1563  loss 0.13804  lr 5.98e-05
ep  66  it   300/1563  loss 0.13752  lr 5.97e-05
ep  66  it   350/1563  loss 0.13768  lr 5.97e-05
ep  66  it   400/1563  loss 0.13728  lr 5.97e-05
ep  66  it   450/1563  loss 0.13765  lr 5.97e-05
ep  66  it   500/1563  loss 0.13796  lr 5.96e-05
ep  66  it   550/1563  loss 0.13774  lr 5.96e-05
ep  66  it   600/1563  loss 0.13772  lr 5.96e-05
ep  66  it   650/1563  loss 0.13745  lr 5.95e-05
ep  66  it   700/1563  loss 0.13753  lr 5.95e-05
ep  66  it   750/1563  loss 0.13784  lr 5.95e-05
ep  66  it   800/1563  loss 0.13796  lr 5.94e-05
ep  66  it   850/1563  loss 0.13799  lr 5.94e-05
ep  66  it   900/1563  loss 0.13780  lr 5.94e-05
ep  66  it   950/1563  loss 0.13773  lr 5.93e-05
ep  66  it  1000/1563  loss 0.13751  lr 5.93e-05
ep  66  it  1050/1563  loss 0.13744  lr 5.93e-05
ep  66  it  1100/1563  loss 0.13740  lr 5.92e-05
ep  66  it  1150/1563  loss 0.13750  lr 5.92e-05
ep  66  it  1200/1563  loss 0.13759  lr 5.92e-05
ep  66  it  1250/1563  loss 0.13782  lr 5.91e-05
ep  66  it  1300/1563  loss 0.13785  lr 5.91e-05
ep  66  it  1350/1563  loss 0.13779  lr 5.91e-05
ep  66  it  1400/1563  loss 0.13762  lr 5.90e-05
ep  66  it  1450/1563  loss 0.13759  lr 5.90e-05
ep  66  it  1500/1563  loss 0.13746  lr 5.90e-05
ep  66  it  1550/1563  loss 0.13745  lr 5.89e-05
[epoch 66] train_loss=0.13740  val_loss=0.14149  lr=5.89e-05  time=2.8 min
ep  67  it    50/1563  loss 0.13244  lr 5.89e-05
ep  67  it   100/1563  loss 0.13338  lr 5.88e-05
ep  67  it   150/1563  loss 0.13557  lr 5.88e-05
ep  67  it   200/1563  loss 0.13608  lr 5.88e-05
ep  67  it   250/1563  loss 0.13641  lr 5.87e-05
ep  67  it   300/1563  loss 0.13741  lr 5.87e-05
ep  67  it   350/1563  loss 0.13782  lr 5.87e-05
ep  67  it   400/1563  loss 0.13790  lr 5.86e-05
ep  67  it   450/1563  loss 0.13850  lr 5.86e-05
ep  67  it   500/1563  loss 0.13794  lr 5.86e-05
ep  67  it   550/1563  loss 0.13844  lr 5.85e-05
ep  67  it   600/1563  loss 0.13870  lr 5.85e-05
ep  67  it   650/1563  loss 0.13854  lr 5.85e-05
ep  67  it   700/1563  loss 0.13847  lr 5.84e-05
ep  67  it   750/1563  loss 0.13830  lr 5.84e-05
ep  67  it   800/1563  loss 0.13821  lr 5.84e-05
ep  67  it   850/1563  loss 0.13818  lr 5.83e-05
ep  67  it   900/1563  loss 0.13793  lr 5.83e-05
ep  67  it   950/1563  loss 0.13808  lr 5.83e-05
ep  67  it  1000/1563  loss 0.13836  lr 5.82e-05
ep  67  it  1050/1563  loss 0.13804  lr 5.82e-05
ep  67  it  1100/1563  loss 0.13813  lr 5.82e-05
ep  67  it  1150/1563  loss 0.13830  lr 5.81e-05
ep  67  it  1200/1563  loss 0.13842  lr 5.81e-05
ep  67  it  1250/1563  loss 0.13822  lr 5.81e-05
ep  67  it  1300/1563  loss 0.13832  lr 5.80e-05
ep  67  it  1350/1563  loss 0.13836  lr 5.80e-05
ep  67  it  1400/1563  loss 0.13822  lr 5.80e-05
ep  67  it  1450/1563  loss 0.13810  lr 5.79e-05
ep  67  it  1500/1563  loss 0.13790  lr 5.79e-05
ep  67  it  1550/1563  loss 0.13787  lr 5.79e-05
[epoch 67] train_loss=0.13785  val_loss=0.14110  lr=5.79e-05  time=2.7 min
ep  68  it    50/1563  loss 0.13941  lr 5.78e-05
ep  68  it   100/1563  loss 0.13867  lr 5.78e-05
ep  68  it   150/1563  loss 0.13853  lr 5.78e-05
ep  68  it   200/1563  loss 0.13688  lr 5.77e-05
ep  68  it   250/1563  loss 0.13697  lr 5.77e-05
ep  68  it   300/1563  loss 0.13723  lr 5.77e-05
ep  68  it   350/1563  loss 0.13679  lr 5.76e-05
ep  68  it   400/1563  loss 0.13622  lr 5.76e-05
ep  68  it   450/1563  loss 0.13626  lr 5.76e-05
ep  68  it   500/1563  loss 0.13656  lr 5.75e-05
ep  68  it   550/1563  loss 0.13678  lr 5.75e-05
ep  68  it   600/1563  loss 0.13722  lr 5.75e-05
ep  68  it   650/1563  loss 0.13705  lr 5.74e-05
ep  68  it   700/1563  loss 0.13708  lr 5.74e-05
ep  68  it   750/1563  loss 0.13711  lr 5.74e-05
ep  68  it   800/1563  loss 0.13702  lr 5.73e-05
ep  68  it   850/1563  loss 0.13718  lr 5.73e-05
ep  68  it   900/1563  loss 0.13713  lr 5.73e-05
ep  68  it   950/1563  loss 0.13701  lr 5.72e-05
ep  68  it  1000/1563  loss 0.13686  lr 5.72e-05
ep  68  it  1050/1563  loss 0.13664  lr 5.72e-05
ep  68  it  1100/1563  loss 0.13646  lr 5.71e-05
ep  68  it  1150/1563  loss 0.13670  lr 5.71e-05
ep  68  it  1200/1563  loss 0.13657  lr 5.71e-05
ep  68  it  1250/1563  loss 0.13638  lr 5.70e-05
ep  68  it  1300/1563  loss 0.13627  lr 5.70e-05
ep  68  it  1350/1563  loss 0.13633  lr 5.70e-05
ep  68  it  1400/1563  loss 0.13614  lr 5.69e-05
ep  68  it  1450/1563  loss 0.13607  lr 5.69e-05
ep  68  it  1500/1563  loss 0.13628  lr 5.69e-05
ep  68  it  1550/1563  loss 0.13637  lr 5.68e-05
[epoch 68] train_loss=0.13638  val_loss=0.14095  lr=5.68e-05  time=2.7 min
ep  69  it    50/1563  loss 0.13600  lr 5.68e-05
ep  69  it   100/1563  loss 0.13685  lr 5.68e-05
ep  69  it   150/1563  loss 0.13626  lr 5.67e-05
ep  69  it   200/1563  loss 0.13636  lr 5.67e-05
ep  69  it   250/1563  loss 0.13661  lr 5.67e-05
ep  69  it   300/1563  loss 0.13656  lr 5.66e-05
ep  69  it   350/1563  loss 0.13690  lr 5.66e-05
ep  69  it   400/1563  loss 0.13743  lr 5.66e-05
ep  69  it   450/1563  loss 0.13757  lr 5.65e-05
ep  69  it   500/1563  loss 0.13759  lr 5.65e-05
ep  69  it   550/1563  loss 0.13755  lr 5.65e-05
ep  69  it   600/1563  loss 0.13730  lr 5.64e-05
ep  69  it   650/1563  loss 0.13748  lr 5.64e-05
ep  69  it   700/1563  loss 0.13790  lr 5.64e-05
ep  69  it   750/1563  loss 0.13752  lr 5.63e-05
ep  69  it   800/1563  loss 0.13756  lr 5.63e-05
ep  69  it   850/1563  loss 0.13773  lr 5.63e-05
ep  69  it   900/1563  loss 0.13759  lr 5.62e-05
ep  69  it   950/1563  loss 0.13778  lr 5.62e-05
ep  69  it  1000/1563  loss 0.13759  lr 5.62e-05
ep  69  it  1050/1563  loss 0.13753  lr 5.61e-05
ep  69  it  1100/1563  loss 0.13755  lr 5.61e-05
ep  69  it  1150/1563  loss 0.13749  lr 5.61e-05
ep  69  it  1200/1563  loss 0.13732  lr 5.60e-05
ep  69  it  1250/1563  loss 0.13726  lr 5.60e-05
ep  69  it  1300/1563  loss 0.13720  lr 5.60e-05
ep  69  it  1350/1563  loss 0.13721  lr 5.59e-05
ep  69  it  1400/1563  loss 0.13719  lr 5.59e-05
ep  69  it  1450/1563  loss 0.13725  lr 5.59e-05
ep  69  it  1500/1563  loss 0.13717  lr 5.58e-05
ep  69  it  1550/1563  loss 0.13715  lr 5.58e-05
[sample] wrote /scratch/maths/btech/mt1230785/col775_a2_hpc/col775_a2/samples/ldm_train/ldm_ep069.png (100 steps, guidance=4.0)
[epoch 69] train_loss=0.13707  val_loss=0.14087  lr=5.58e-05  time=2.8 min
ep  70  it    50/1563  loss 0.13122  lr 5.58e-05
ep  70  it   100/1563  loss 0.13326  lr 5.57e-05
ep  70  it   150/1563  loss 0.13516  lr 5.57e-05
ep  70  it   200/1563  loss 0.13643  lr 5.57e-05
ep  70  it   250/1563  loss 0.13605  lr 5.56e-05
ep  70  it   300/1563  loss 0.13698  lr 5.56e-05
ep  70  it   350/1563  loss 0.13703  lr 5.56e-05
ep  70  it   400/1563  loss 0.13643  lr 5.55e-05
ep  70  it   450/1563  loss 0.13643  lr 5.55e-05
ep  70  it   500/1563  loss 0.13624  lr 5.55e-05
ep  70  it   550/1563  loss 0.13585  lr 5.54e-05
ep  70  it   600/1563  loss 0.13624  lr 5.54e-05
ep  70  it   650/1563  loss 0.13622  lr 5.53e-05
ep  70  it   700/1563  loss 0.13641  lr 5.53e-05
ep  70  it   750/1563  loss 0.13667  lr 5.53e-05
ep  70  it   800/1563  loss 0.13680  lr 5.52e-05
ep  70  it   850/1563  loss 0.13668  lr 5.52e-05
ep  70  it   900/1563  loss 0.13688  lr 5.52e-05
ep  70  it   950/1563  loss 0.13685  lr 5.51e-05
ep  70  it  1000/1563  loss 0.13676  lr 5.51e-05
ep  70  it  1050/1563  loss 0.13676  lr 5.51e-05
ep  70  it  1100/1563  loss 0.13657  lr 5.50e-05
ep  70  it  1150/1563  loss 0.13637  lr 5.50e-05
ep  70  it  1200/1563  loss 0.13634  lr 5.50e-05
ep  70  it  1250/1563  loss 0.13624  lr 5.49e-05
ep  70  it  1300/1563  loss 0.13624  lr 5.49e-05
ep  70  it  1350/1563  loss 0.13640  lr 5.49e-05
ep  70  it  1400/1563  loss 0.13652  lr 5.48e-05
ep  70  it  1450/1563  loss 0.13655  lr 5.48e-05
ep  70  it  1500/1563  loss 0.13632  lr 5.48e-05
ep  70  it  1550/1563  loss 0.13644  lr 5.47e-05
[epoch 70] train_loss=0.13650  val_loss=0.14047  lr=5.47e-05  time=2.7 min
ep  71  it    50/1563  loss 0.13353  lr 5.47e-05
ep  71  it   100/1563  loss 0.13439  lr 5.47e-05
ep  71  it   150/1563  loss 0.13371  lr 5.46e-05
ep  71  it   200/1563  loss 0.13331  lr 5.46e-05
ep  71  it   250/1563  loss 0.13447  lr 5.46e-05
ep  71  it   300/1563  loss 0.13477  lr 5.45e-05
ep  71  it   350/1563  loss 0.13545  lr 5.45e-05
ep  71  it   400/1563  loss 0.13597  lr 5.45e-05
ep  71  it   450/1563  loss 0.13533  lr 5.44e-05
ep  71  it   500/1563  loss 0.13506  lr 5.44e-05
ep  71  it   550/1563  loss 0.13467  lr 5.44e-05
ep  71  it   600/1563  loss 0.13501  lr 5.43e-05
ep  71  it   650/1563  loss 0.13497  lr 5.43e-05
ep  71  it   700/1563  loss 0.13527  lr 5.43e-05
ep  71  it   750/1563  loss 0.13534  lr 5.42e-05
ep  71  it   800/1563  loss 0.13546  lr 5.42e-05
ep  71  it   850/1563  loss 0.13564  lr 5.42e-05
ep  71  it   900/1563  loss 0.13555  lr 5.41e-05
ep  71  it   950/1563  loss 0.13576  lr 5.41e-05
ep  71  it  1000/1563  loss 0.13574  lr 5.41e-05
ep  71  it  1050/1563  loss 0.13578  lr 5.40e-05
ep  71  it  1100/1563  loss 0.13587  lr 5.40e-05
ep  71  it  1150/1563  loss 0.13580  lr 5.40e-05
ep  71  it  1200/1563  loss 0.13560  lr 5.39e-05
ep  71  it  1250/1563  loss 0.13566  lr 5.39e-05
ep  71  it  1300/1563  loss 0.13556  lr 5.39e-05
ep  71  it  1350/1563  loss 0.13538  lr 5.38e-05
ep  71  it  1400/1563  loss 0.13553  lr 5.38e-05
ep  71  it  1450/1563  loss 0.13568  lr 5.38e-05
ep  71  it  1500/1563  loss 0.13582  lr 5.37e-05
ep  71  it  1550/1563  loss 0.13588  lr 5.37e-05
[epoch 71] train_loss=0.13585  val_loss=0.14036  lr=5.37e-05  time=2.7 min
ep  72  it    50/1563  loss 0.13543  lr 5.37e-05
ep  72  it   100/1563  loss 0.13248  lr 5.36e-05
ep  72  it   150/1563  loss 0.13375  lr 5.36e-05
ep  72  it   200/1563  loss 0.13330  lr 5.36e-05
ep  72  it   250/1563  loss 0.13333  lr 5.35e-05
ep  72  it   300/1563  loss 0.13316  lr 5.35e-05
ep  72  it   350/1563  loss 0.13374  lr 5.35e-05
ep  72  it   400/1563  loss 0.13432  lr 5.34e-05
ep  72  it   450/1563  loss 0.13456  lr 5.34e-05
ep  72  it   500/1563  loss 0.13450  lr 5.34e-05
ep  72  it   550/1563  loss 0.13435  lr 5.33e-05
ep  72  it   600/1563  loss 0.13467  lr 5.33e-05
ep  72  it   650/1563  loss 0.13472  lr 5.32e-05
ep  72  it   700/1563  loss 0.13472  lr 5.32e-05
ep  72  it   750/1563  loss 0.13455  lr 5.32e-05
ep  72  it   800/1563  loss 0.13450  lr 5.31e-05
ep  72  it   850/1563  loss 0.13461  lr 5.31e-05
ep  72  it   900/1563  loss 0.13478  lr 5.31e-05
ep  72  it   950/1563  loss 0.13498  lr 5.30e-05
ep  72  it  1000/1563  loss 0.13511  lr 5.30e-05
ep  72  it  1050/1563  loss 0.13544  lr 5.30e-05
ep  72  it  1100/1563  loss 0.13543  lr 5.29e-05
ep  72  it  1150/1563  loss 0.13537  lr 5.29e-05
ep  72  it  1200/1563  loss 0.13516  lr 5.29e-05
ep  72  it  1250/1563  loss 0.13532  lr 5.28e-05
ep  72  it  1300/1563  loss 0.13532  lr 5.28e-05
ep  72  it  1350/1563  loss 0.13525  lr 5.28e-05
ep  72  it  1400/1563  loss 0.13534  lr 5.27e-05
ep  72  it  1450/1563  loss 0.13521  lr 5.27e-05
ep  72  it  1500/1563  loss 0.13524  lr 5.27e-05
ep  72  it  1550/1563  loss 0.13517  lr 5.26e-05
[epoch 72] train_loss=0.13528  val_loss=0.14039  lr=5.26e-05  time=2.9 min
ep  73  it    50/1563  loss 0.13485  lr 5.26e-05
ep  73  it   100/1563  loss 0.13550  lr 5.26e-05
ep  73  it   150/1563  loss 0.13451  lr 5.25e-05
ep  73  it   200/1563  loss 0.13560  lr 5.25e-05
ep  73  it   250/1563  loss 0.13571  lr 5.25e-05
ep  73  it   300/1563  loss 0.13568  lr 5.24e-05
ep  73  it   350/1563  loss 0.13544  lr 5.24e-05
ep  73  it   400/1563  loss 0.13539  lr 5.24e-05
ep  73  it   450/1563  loss 0.13554  lr 5.23e-05
ep  73  it   500/1563  loss 0.13556  lr 5.23e-05
ep  73  it   550/1563  loss 0.13559  lr 5.23e-05
ep  73  it   600/1563  loss 0.13567  lr 5.22e-05
ep  73  it   650/1563  loss 0.13586  lr 5.22e-05
ep  73  it   700/1563  loss 0.13615  lr 5.22e-05
ep  73  it   750/1563  loss 0.13584  lr 5.21e-05
ep  73  it   800/1563  loss 0.13637  lr 5.21e-05
ep  73  it   850/1563  loss 0.13624  lr 5.21e-05
ep  73  it   900/1563  loss 0.13606  lr 5.20e-05
ep  73  it   950/1563  loss 0.13590  lr 5.20e-05
ep  73  it  1000/1563  loss 0.13564  lr 5.20e-05
ep  73  it  1050/1563  loss 0.13574  lr 5.19e-05
ep  73  it  1100/1563  loss 0.13557  lr 5.19e-05
ep  73  it  1150/1563  loss 0.13540  lr 5.19e-05
ep  73  it  1200/1563  loss 0.13555  lr 5.18e-05
ep  73  it  1250/1563  loss 0.13566  lr 5.18e-05
ep  73  it  1300/1563  loss 0.13572  lr 5.18e-05
ep  73  it  1350/1563  loss 0.13565  lr 5.17e-05
ep  73  it  1400/1563  loss 0.13568  lr 5.17e-05
ep  73  it  1450/1563  loss 0.13558  lr 5.17e-05
ep  73  it  1500/1563  loss 0.13564  lr 5.16e-05
ep  73  it  1550/1563  loss 0.13563  lr 5.16e-05
[epoch 73] train_loss=0.13564  val_loss=0.13980  lr=5.16e-05  time=2.7 min
ep  74  it    50/1563  loss 0.13861  lr 5.15e-05
ep  74  it   100/1563  loss 0.13721  lr 5.15e-05
ep  74  it   150/1563  loss 0.13813  lr 5.15e-05
ep  74  it   200/1563  loss 0.13699  lr 5.14e-05
ep  74  it   250/1563  loss 0.13699  lr 5.14e-05
ep  74  it   300/1563  loss 0.13649  lr 5.14e-05
ep  74  it   350/1563  loss 0.13646  lr 5.13e-05
ep  74  it   400/1563  loss 0.13639  lr 5.13e-05
ep  74  it   450/1563  loss 0.13569  lr 5.13e-05
ep  74  it   500/1563  loss 0.13553  lr 5.12e-05
ep  74  it   550/1563  loss 0.13543  lr 5.12e-05
ep  74  it   600/1563  loss 0.13519  lr 5.12e-05
ep  74  it   650/1563  loss 0.13479  lr 5.11e-05
ep  74  it   700/1563  loss 0.13459  lr 5.11e-05
ep  74  it   750/1563  loss 0.13471  lr 5.11e-05
ep  74  it   800/1563  loss 0.13469  lr 5.10e-05
ep  74  it   850/1563  loss 0.13461  lr 5.10e-05
ep  74  it   900/1563  loss 0.13468  lr 5.10e-05
ep  74  it   950/1563  loss 0.13456  lr 5.09e-05
ep  74  it  1000/1563  loss 0.13471  lr 5.09e-05
ep  74  it  1050/1563  loss 0.13491  lr 5.09e-05
ep  74  it  1100/1563  loss 0.13501  lr 5.08e-05
ep  74  it  1150/1563  loss 0.13506  lr 5.08e-05
ep  74  it  1200/1563  loss 0.13499  lr 5.08e-05
ep  74  it  1250/1563  loss 0.13500  lr 5.07e-05
ep  74  it  1300/1563  loss 0.13509  lr 5.07e-05
ep  74  it  1350/1563  loss 0.13511  lr 5.07e-05
ep  74  it  1400/1563  loss 0.13520  lr 5.06e-05
ep  74  it  1450/1563  loss 0.13538  lr 5.06e-05
ep  74  it  1500/1563  loss 0.13528  lr 5.06e-05
ep  74  it  1550/1563  loss 0.13531  lr 5.05e-05
[epoch 74] train_loss=0.13518  val_loss=0.14002  lr=5.05e-05  time=2.7 min
ep  75  it    50/1563  loss 0.13630  lr 5.05e-05
ep  75  it   100/1563  loss 0.13655  lr 5.05e-05
ep  75  it   150/1563  loss 0.13767  lr 5.04e-05
ep  75  it   200/1563  loss 0.13665  lr 5.04e-05
ep  75  it   250/1563  loss 0.13672  lr 5.04e-05
ep  75  it   300/1563  loss 0.13545  lr 5.03e-05
ep  75  it   350/1563  loss 0.13546  lr 5.03e-05
ep  75  it   400/1563  loss 0.13572  lr 5.03e-05
ep  75  it   450/1563  loss 0.13618  lr 5.02e-05
ep  75  it   500/1563  loss 0.13600  lr 5.02e-05
ep  75  it   550/1563  loss 0.13571  lr 5.02e-05
ep  75  it   600/1563  loss 0.13584  lr 5.01e-05
ep  75  it   650/1563  loss 0.13555  lr 5.01e-05
ep  75  it   700/1563  loss 0.13576  lr 5.01e-05
ep  75  it   750/1563  loss 0.13560  lr 5.00e-05
ep  75  it   800/1563  loss 0.13568  lr 5.00e-05
ep  75  it   850/1563  loss 0.13560  lr 5.00e-05
ep  75  it   900/1563  loss 0.13531  lr 4.99e-05
ep  75  it   950/1563  loss 0.13528  lr 4.99e-05
ep  75  it  1000/1563  loss 0.13528  lr 4.99e-05
ep  75  it  1050/1563  loss 0.13550  lr 4.98e-05
ep  75  it  1100/1563  loss 0.13564  lr 4.98e-05
ep  75  it  1150/1563  loss 0.13567  lr 4.98e-05
ep  75  it  1200/1563  loss 0.13588  lr 4.97e-05
ep  75  it  1250/1563  loss 0.13569  lr 4.97e-05
ep  75  it  1300/1563  loss 0.13563  lr 4.97e-05
ep  75  it  1350/1563  loss 0.13557  lr 4.96e-05
ep  75  it  1400/1563  loss 0.13550  lr 4.96e-05
ep  75  it  1450/1563  loss 0.13553  lr 4.95e-05
ep  75  it  1500/1563  loss 0.13551  lr 4.95e-05
ep  75  it  1550/1563  loss 0.13544  lr 4.95e-05
[epoch 75] train_loss=0.13542  val_loss=0.13934  lr=4.95e-05  time=2.7 min
ep  76  it    50/1563  loss 0.13076  lr 4.94e-05
ep  76  it   100/1563  loss 0.13453  lr 4.94e-05
ep  76  it   150/1563  loss 0.13544  lr 4.94e-05
ep  76  it   200/1563  loss 0.13560  lr 4.93e-05
ep  76  it   250/1563  loss 0.13565  lr 4.93e-05
ep  76  it   300/1563  loss 0.13477  lr 4.93e-05
ep  76  it   350/1563  loss 0.13511  lr 4.92e-05
ep  76  it   400/1563  loss 0.13482  lr 4.92e-05
ep  76  it   450/1563  loss 0.13524  lr 4.92e-05
ep  76  it   500/1563  loss 0.13532  lr 4.91e-05
ep  76  it   550/1563  loss 0.13522  lr 4.91e-05
ep  76  it   600/1563  loss 0.13531  lr 4.91e-05
ep  76  it   650/1563  loss 0.13553  lr 4.90e-05
ep  76  it   700/1563  loss 0.13553  lr 4.90e-05
ep  76  it   750/1563  loss 0.13581  lr 4.90e-05
ep  76  it   800/1563  loss 0.13599  lr 4.89e-05
ep  76  it   850/1563  loss 0.13583  lr 4.89e-05
ep  76  it   900/1563  loss 0.13600  lr 4.89e-05
ep  76  it   950/1563  loss 0.13605  lr 4.88e-05
ep  76  it  1000/1563  loss 0.13607  lr 4.88e-05
ep  76  it  1050/1563  loss 0.13598  lr 4.88e-05
ep  76  it  1100/1563  loss 0.13598  lr 4.87e-05
ep  76  it  1150/1563  loss 0.13579  lr 4.87e-05
ep  76  it  1200/1563  loss 0.13561  lr 4.87e-05
ep  76  it  1250/1563  loss 0.13577  lr 4.86e-05
ep  76  it  1300/1563  loss 0.13557  lr 4.86e-05
ep  76  it  1350/1563  loss 0.13566  lr 4.86e-05
ep  76  it  1400/1563  loss 0.13576  lr 4.85e-05
ep  76  it  1450/1563  loss 0.13580  lr 4.85e-05
ep  76  it  1500/1563  loss 0.13558  lr 4.85e-05
ep  76  it  1550/1563  loss 0.13564  lr 4.84e-05
[epoch 76] train_loss=0.13569  val_loss=0.13930  lr=4.84e-05  time=2.7 min
ep  77  it    50/1563  loss 0.13625  lr 4.84e-05
ep  77  it   100/1563  loss 0.13784  lr 4.84e-05
ep  77  it   150/1563  loss 0.13743  lr 4.83e-05
ep  77  it   200/1563  loss 0.13800  lr 4.83e-05
ep  77  it   250/1563  loss 0.13815  lr 4.83e-05
ep  77  it   300/1563  loss 0.13830  lr 4.82e-05
ep  77  it   350/1563  loss 0.13848  lr 4.82e-05
ep  77  it   400/1563  loss 0.13813  lr 4.81e-05
ep  77  it   450/1563  loss 0.13734  lr 4.81e-05
ep  77  it   500/1563  loss 0.13722  lr 4.81e-05
ep  77  it   550/1563  loss 0.13699  lr 4.80e-05
ep  77  it   600/1563  loss 0.13680  lr 4.80e-05
ep  77  it   650/1563  loss 0.13656  lr 4.80e-05
ep  77  it   700/1563  loss 0.13600  lr 4.79e-05
ep  77  it   750/1563  loss 0.13563  lr 4.79e-05
ep  77  it   800/1563  loss 0.13519  lr 4.79e-05
ep  77  it   850/1563  loss 0.13503  lr 4.78e-05
ep  77  it   900/1563  loss 0.13512  lr 4.78e-05
ep  77  it   950/1563  loss 0.13511  lr 4.78e-05
ep  77  it  1000/1563  loss 0.13530  lr 4.77e-05
ep  77  it  1050/1563  loss 0.13513  lr 4.77e-05
ep  77  it  1100/1563  loss 0.13508  lr 4.77e-05
ep  77  it  1150/1563  loss 0.13501  lr 4.76e-05
ep  77  it  1200/1563  loss 0.13504  lr 4.76e-05
ep  77  it  1250/1563  loss 0.13496  lr 4.76e-05
ep  77  it  1300/1563  loss 0.13485  lr 4.75e-05
ep  77  it  1350/1563  loss 0.13472  lr 4.75e-05
ep  77  it  1400/1563  loss 0.13496  lr 4.75e-05
ep  77  it  1450/1563  loss 0.13485  lr 4.74e-05
ep  77  it  1500/1563  loss 0.13475  lr 4.74e-05
ep  77  it  1550/1563  loss 0.13469  lr 4.74e-05
[epoch 77] train_loss=0.13467  val_loss=0.13927  lr=4.74e-05  time=2.7 min
ep  78  it    50/1563  loss 0.13570  lr 4.73e-05
ep  78  it   100/1563  loss 0.13400  lr 4.73e-05
ep  78  it   150/1563  loss 0.13243  lr 4.73e-05
ep  78  it   200/1563  loss 0.13304  lr 4.72e-05
ep  78  it   250/1563  loss 0.13405  lr 4.72e-05
ep  78  it   300/1563  loss 0.13346  lr 4.72e-05
ep  78  it   350/1563  loss 0.13290  lr 4.71e-05
ep  78  it   400/1563  loss 0.13380  lr 4.71e-05
ep  78  it   450/1563  loss 0.13381  lr 4.71e-05
ep  78  it   500/1563  loss 0.13410  lr 4.70e-05
ep  78  it   550/1563  loss 0.13422  lr 4.70e-05
ep  78  it   600/1563  loss 0.13440  lr 4.70e-05
ep  78  it   650/1563  loss 0.13439  lr 4.69e-05
ep  78  it   700/1563  loss 0.13449  lr 4.69e-05
ep  78  it   750/1563  loss 0.13451  lr 4.69e-05
ep  78  it   800/1563  loss 0.13452  lr 4.68e-05
ep  78  it   850/1563  loss 0.13464  lr 4.68e-05
ep  78  it   900/1563  loss 0.13483  lr 4.68e-05
ep  78  it   950/1563  loss 0.13470  lr 4.67e-05
ep  78  it  1000/1563  loss 0.13464  lr 4.67e-05
ep  78  it  1050/1563  loss 0.13487  lr 4.67e-05
ep  78  it  1100/1563  loss 0.13479  lr 4.66e-05
ep  78  it  1150/1563  loss 0.13470  lr 4.66e-05
ep  78  it  1200/1563  loss 0.13470  lr 4.66e-05
ep  78  it  1250/1563  loss 0.13495  lr 4.65e-05
ep  78  it  1300/1563  loss 0.13489  lr 4.65e-05
ep  78  it  1350/1563  loss 0.13482  lr 4.65e-05
ep  78  it  1400/1563  loss 0.13476  lr 4.64e-05
ep  78  it  1450/1563  loss 0.13475  lr 4.64e-05
ep  78  it  1500/1563  loss 0.13474  lr 4.64e-05
ep  78  it  1550/1563  loss 0.13458  lr 4.63e-05
[epoch 78] train_loss=0.13461  val_loss=0.13911  lr=4.63e-05  time=2.7 min
ep  79  it    50/1563  loss 0.13068  lr 4.63e-05
ep  79  it   100/1563  loss 0.13320  lr 4.62e-05
ep  79  it   150/1563  loss 0.13391  lr 4.62e-05
ep  79  it   200/1563  loss 0.13390  lr 4.62e-05
ep  79  it   250/1563  loss 0.13428  lr 4.61e-05
ep  79  it   300/1563  loss 0.13456  lr 4.61e-05
ep  79  it   350/1563  loss 0.13467  lr 4.61e-05
ep  79  it   400/1563  loss 0.13454  lr 4.60e-05
ep  79  it   450/1563  loss 0.13460  lr 4.60e-05
ep  79  it   500/1563  loss 0.13447  lr 4.60e-05
ep  79  it   550/1563  loss 0.13445  lr 4.59e-05
ep  79  it   600/1563  loss 0.13417  lr 4.59e-05
ep  79  it   650/1563  loss 0.13424  lr 4.59e-05
ep  79  it   700/1563  loss 0.13452  lr 4.58e-05
ep  79  it   750/1563  loss 0.13463  lr 4.58e-05
ep  79  it   800/1563  loss 0.13464  lr 4.58e-05
ep  79  it   850/1563  loss 0.13463  lr 4.57e-05
ep  79  it   900/1563  loss 0.13465  lr 4.57e-05
ep  79  it   950/1563  loss 0.13462  lr 4.57e-05
ep  79  it  1000/1563  loss 0.13471  lr 4.56e-05
ep  79  it  1050/1563  loss 0.13459  lr 4.56e-05
ep  79  it  1100/1563  loss 0.13460  lr 4.56e-05
ep  79  it  1150/1563  loss 0.13452  lr 4.55e-05
ep  79  it  1200/1563  loss 0.13447  lr 4.55e-05
ep  79  it  1250/1563  loss 0.13467  lr 4.55e-05
ep  79  it  1300/1563  loss 0.13470  lr 4.54e-05
ep  79  it  1350/1563  loss 0.13451  lr 4.54e-05
ep  79  it  1400/1563  loss 0.13460  lr 4.54e-05
ep  79  it  1450/1563  loss 0.13467  lr 4.53e-05
ep  79  it  1500/1563  loss 0.13490  lr 4.53e-05
ep  79  it  1550/1563  loss 0.13497  lr 4.53e-05
[sample] wrote /scratch/maths/btech/mt1230785/col775_a2_hpc/col775_a2/samples/ldm_train/ldm_ep079.png (100 steps, guidance=4.0)
[epoch 79] train_loss=0.13495  val_loss=0.13915  lr=4.53e-05  time=2.8 min
ep  80  it    50/1563  loss 0.13495  lr 4.52e-05
ep  80  it   100/1563  loss 0.13518  lr 4.52e-05
ep  80  it   150/1563  loss 0.13495  lr 4.52e-05
ep  80  it   200/1563  loss 0.13492  lr 4.51e-05
ep  80  it   250/1563  loss 0.13522  lr 4.51e-05
ep  80  it   300/1563  loss 0.13578  lr 4.51e-05
ep  80  it   350/1563  loss 0.13525  lr 4.50e-05
ep  80  it   400/1563  loss 0.13535  lr 4.50e-05
ep  80  it   450/1563  loss 0.13520  lr 4.50e-05
ep  80  it   500/1563  loss 0.13487  lr 4.49e-05
ep  80  it   550/1563  loss 0.13516  lr 4.49e-05
ep  80  it   600/1563  loss 0.13496  lr 4.49e-05
ep  80  it   650/1563  loss 0.13497  lr 4.48e-05
ep  80  it   700/1563  loss 0.13508  lr 4.48e-05
ep  80  it   750/1563  loss 0.13484  lr 4.48e-05
ep  80  it   800/1563  loss 0.13504  lr 4.47e-05
ep  80  it   850/1563  loss 0.13504  lr 4.47e-05
ep  80  it   900/1563  loss 0.13492  lr 4.47e-05
ep  80  it   950/1563  loss 0.13458  lr 4.46e-05
ep  80  it  1000/1563  loss 0.13434  lr 4.46e-05
ep  80  it  1050/1563  loss 0.13423  lr 4.46e-05
ep  80  it  1100/1563  loss 0.13410  lr 4.45e-05
ep  80  it  1150/1563  loss 0.13425  lr 4.45e-05
ep  80  it  1200/1563  loss 0.13415  lr 4.45e-05
ep  80  it  1250/1563  loss 0.13389  lr 4.44e-05
ep  80  it  1300/1563  loss 0.13380  lr 4.44e-05
ep  80  it  1350/1563  loss 0.13388  lr 4.44e-05
ep  80  it  1400/1563  loss 0.13394  lr 4.43e-05
ep  80  it  1450/1563  loss 0.13396  lr 4.43e-05
ep  80  it  1500/1563  loss 0.13395  lr 4.43e-05
ep  80  it  1550/1563  loss 0.13394  lr 4.42e-05
[epoch 80] train_loss=0.13388  val_loss=0.13872  lr=4.42e-05  time=2.7 min
ep  81  it    50/1563  loss 0.13585  lr 4.42e-05
ep  81  it   100/1563  loss 0.13479  lr 4.41e-05
ep  81  it   150/1563  loss 0.13554  lr 4.41e-05
ep  81  it   200/1563  loss 0.13452  lr 4.41e-05
ep  81  it   250/1563  loss 0.13434  lr 4.40e-05
ep  81  it   300/1563  loss 0.13470  lr 4.40e-05
ep  81  it   350/1563  loss 0.13464  lr 4.40e-05
ep  81  it   400/1563  loss 0.13421  lr 4.39e-05
ep  81  it   450/1563  loss 0.13467  lr 4.39e-05
ep  81  it   500/1563  loss 0.13470  lr 4.39e-05
ep  81  it   550/1563  loss 0.13400  lr 4.38e-05
ep  81  it   600/1563  loss 0.13404  lr 4.38e-05
ep  81  it   650/1563  loss 0.13396  lr 4.38e-05
ep  81  it   700/1563  loss 0.13433  lr 4.37e-05
ep  81  it   750/1563  loss 0.13462  lr 4.37e-05
ep  81  it   800/1563  loss 0.13478  lr 4.37e-05
ep  81  it   850/1563  loss 0.13484  lr 4.36e-05
ep  81  it   900/1563  loss 0.13494  lr 4.36e-05
ep  81  it   950/1563  loss 0.13510  lr 4.36e-05
ep  81  it  1000/1563  loss 0.13508  lr 4.35e-05
ep  81  it  1050/1563  loss 0.13497  lr 4.35e-05
ep  81  it  1100/1563  loss 0.13488  lr 4.35e-05
ep  81  it  1150/1563  loss 0.13481  lr 4.34e-05
ep  81  it  1200/1563  loss 0.13468  lr 4.34e-05
ep  81  it  1250/1563  loss 0.13450  lr 4.34e-05
ep  81  it  1300/1563  loss 0.13438  lr 4.33e-05
ep  81  it  1350/1563  loss 0.13449  lr 4.33e-05
ep  81  it  1400/1563  loss 0.13441  lr 4.33e-05
ep  81  it  1450/1563  loss 0.13443  lr 4.32e-05
ep  81  it  1500/1563  loss 0.13452  lr 4.32e-05
ep  81  it  1550/1563  loss 0.13451  lr 4.32e-05
[epoch 81] train_loss=0.13454  val_loss=0.13854  lr=4.32e-05  time=2.7 min
ep  82  it    50/1563  loss 0.13512  lr 4.31e-05
ep  82  it   100/1563  loss 0.13457  lr 4.31e-05
ep  82  it   150/1563  loss 0.13279  lr 4.31e-05
ep  82  it   200/1563  loss 0.13231  lr 4.30e-05
ep  82  it   250/1563  loss 0.13223  lr 4.30e-05
ep  82  it   300/1563  loss 0.13181  lr 4.30e-05
ep  82  it   350/1563  loss 0.13249  lr 4.29e-05
ep  82  it   400/1563  loss 0.13292  lr 4.29e-05
ep  82  it   450/1563  loss 0.13298  lr 4.29e-05
ep  82  it   500/1563  loss 0.13338  lr 4.28e-05
ep  82  it   550/1563  loss 0.13308  lr 4.28e-05
ep  82  it   600/1563  loss 0.13322  lr 4.28e-05
ep  82  it   650/1563  loss 0.13324  lr 4.27e-05
ep  82  it   700/1563  loss 0.13348  lr 4.27e-05
ep  82  it   750/1563  loss 0.13385  lr 4.27e-05
ep  82  it   800/1563  loss 0.13382  lr 4.26e-05
ep  82  it   850/1563  loss 0.13381  lr 4.26e-05
ep  82  it   900/1563  loss 0.13361  lr 4.26e-05
ep  82  it   950/1563  loss 0.13343  lr 4.25e-05
ep  82  it  1000/1563  loss 0.13335  lr 4.25e-05
ep  82  it  1050/1563  loss 0.13353  lr 4.25e-05
ep  82  it  1100/1563  loss 0.13341  lr 4.24e-05
ep  82  it  1150/1563  loss 0.13350  lr 4.24e-05
ep  82  it  1200/1563  loss 0.13348  lr 4.24e-05
ep  82  it  1250/1563  loss 0.13335  lr 4.23e-05
ep  82  it  1300/1563  loss 0.13358  lr 4.23e-05
ep  82  it  1350/1563  loss 0.13372  lr 4.23e-05
ep  82  it  1400/1563  loss 0.13368  lr 4.22e-05
ep  82  it  1450/1563  loss 0.13370  lr 4.22e-05
ep  82  it  1500/1563  loss 0.13372  lr 4.22e-05
ep  82  it  1550/1563  loss 0.13371  lr 4.21e-05
[epoch 82] train_loss=0.13366  val_loss=0.13841  lr=4.21e-05  time=2.7 min
ep  83  it    50/1563  loss 0.13052  lr 4.21e-05
ep  83  it   100/1563  loss 0.13236  lr 4.21e-05
ep  83  it   150/1563  loss 0.13135  lr 4.20e-05
ep  83  it   200/1563  loss 0.13152  lr 4.20e-05
ep  83  it   250/1563  loss 0.13060  lr 4.20e-05
ep  83  it   300/1563  loss 0.13141  lr 4.19e-05
ep  83  it   350/1563  loss 0.13103  lr 4.19e-05
ep  83  it   400/1563  loss 0.13159  lr 4.19e-05
ep  83  it   450/1563  loss 0.13135  lr 4.18e-05
ep  83  it   500/1563  loss 0.13133  lr 4.18e-05
ep  83  it   550/1563  loss 0.13136  lr 4.18e-05
ep  83  it   600/1563  loss 0.13128  lr 4.17e-05
ep  83  it   650/1563  loss 0.13154  lr 4.17e-05
ep  83  it   700/1563  loss 0.13182  lr 4.17e-05
ep  83  it   750/1563  loss 0.13202  lr 4.16e-05
ep  83  it   800/1563  loss 0.13255  lr 4.16e-05
ep  83  it   850/1563  loss 0.13264  lr 4.16e-05
ep  83  it   900/1563  loss 0.13250  lr 4.15e-05
ep  83  it   950/1563  loss 0.13264  lr 4.15e-05
ep  83  it  1000/1563  loss 0.13258  lr 4.15e-05
ep  83  it  1050/1563  loss 0.13237  lr 4.14e-05
ep  83  it  1100/1563  loss 0.13249  lr 4.14e-05
ep  83  it  1150/1563  loss 0.13266  lr 4.14e-05
ep  83  it  1200/1563  loss 0.13283  lr 4.13e-05
ep  83  it  1250/1563  loss 0.13284  lr 4.13e-05
ep  83  it  1300/1563  loss 0.13285  lr 4.13e-05
ep  83  it  1350/1563  loss 0.13282  lr 4.12e-05
ep  83  it  1400/1563  loss 0.13275  lr 4.12e-05
ep  83  it  1450/1563  loss 0.13267  lr 4.12e-05
ep  83  it  1500/1563  loss 0.13285  lr 4.11e-05
ep  83  it  1550/1563  loss 0.13282  lr 4.11e-05
[epoch 83] train_loss=0.13275  val_loss=0.13851  lr=4.11e-05  time=2.7 min
ep  84  it    50/1563  loss 0.13127  lr 4.11e-05
ep  84  it   100/1563  loss 0.13332  lr 4.10e-05
ep  84  it   150/1563  loss 0.13285  lr 4.10e-05
ep  84  it   200/1563  loss 0.13185  lr 4.10e-05
ep  84  it   250/1563  loss 0.13167  lr 4.09e-05
ep  84  it   300/1563  loss 0.13244  lr 4.09e-05
ep  84  it   350/1563  loss 0.13178  lr 4.09e-05
ep  84  it   400/1563  loss 0.13246  lr 4.08e-05
ep  84  it   450/1563  loss 0.13268  lr 4.08e-05
ep  84  it   500/1563  loss 0.13245  lr 4.08e-05
ep  84  it   550/1563  loss 0.13245  lr 4.07e-05
ep  84  it   600/1563  loss 0.13264  lr 4.07e-05
ep  84  it   650/1563  loss 0.13261  lr 4.07e-05
ep  84  it   700/1563  loss 0.13253  lr 4.06e-05
ep  84  it   750/1563  loss 0.13274  lr 4.06e-05
ep  84  it   800/1563  loss 0.13287  lr 4.06e-05
ep  84  it   850/1563  loss 0.13266  lr 4.05e-05
ep  84  it   900/1563  loss 0.13256  lr 4.05e-05
ep  84  it   950/1563  loss 0.13271  lr 4.05e-05
ep  84  it  1000/1563  loss 0.13268  lr 4.04e-05
ep  84  it  1050/1563  loss 0.13264  lr 4.04e-05
ep  84  it  1100/1563  loss 0.13266  lr 4.04e-05
ep  84  it  1150/1563  loss 0.13257  lr 4.03e-05
ep  84  it  1200/1563  loss 0.13252  lr 4.03e-05
ep  84  it  1250/1563  loss 0.13250  lr 4.03e-05
ep  84  it  1300/1563  loss 0.13245  lr 4.02e-05
ep  84  it  1350/1563  loss 0.13241  lr 4.02e-05
ep  84  it  1400/1563  loss 0.13245  lr 4.02e-05
ep  84  it  1450/1563  loss 0.13261  lr 4.01e-05
ep  84  it  1500/1563  loss 0.13263  lr 4.01e-05
ep  84  it  1550/1563  loss 0.13239  lr 4.01e-05
[epoch 84] train_loss=0.13240  val_loss=0.13807  lr=4.01e-05  time=2.7 min
ep  85  it    50/1563  loss 0.13403  lr 4.00e-05
ep  85  it   100/1563  loss 0.13252  lr 4.00e-05
ep  85  it   150/1563  loss 0.13258  lr 4.00e-05
ep  85  it   200/1563  loss 0.13257  lr 3.99e-05
ep  85  it   250/1563  loss 0.13283  lr 3.99e-05
ep  85  it   300/1563  loss 0.13213  lr 3.99e-05
ep  85  it   350/1563  loss 0.13221  lr 3.98e-05
ep  85  it   400/1563  loss 0.13244  lr 3.98e-05
ep  85  it   450/1563  loss 0.13270  lr 3.98e-05
ep  85  it   500/1563  loss 0.13321  lr 3.97e-05
ep  85  it   550/1563  loss 0.13330  lr 3.97e-05
ep  85  it   600/1563  loss 0.13315  lr 3.97e-05
ep  85  it   650/1563  loss 0.13278  lr 3.96e-05
ep  85  it   700/1563  loss 0.13310  lr 3.96e-05
ep  85  it   750/1563  loss 0.13283  lr 3.96e-05
ep  85  it   800/1563  loss 0.13254  lr 3.95e-05
ep  85  it   850/1563  loss 0.13286  lr 3.95e-05
ep  85  it   900/1563  loss 0.13311  lr 3.95e-05
ep  85  it   950/1563  loss 0.13316  lr 3.94e-05
ep  85  it  1000/1563  loss 0.13300  lr 3.94e-05
ep  85  it  1050/1563  loss 0.13304  lr 3.94e-05
ep  85  it  1100/1563  loss 0.13304  lr 3.93e-05
ep  85  it  1150/1563  loss 0.13305  lr 3.93e-05
ep  85  it  1200/1563  loss 0.13315  lr 3.93e-05
ep  85  it  1250/1563  loss 0.13293  lr 3.92e-05
ep  85  it  1300/1563  loss 0.13309  lr 3.92e-05
ep  85  it  1350/1563  loss 0.13310  lr 3.92e-05
ep  85  it  1400/1563  loss 0.13303  lr 3.91e-05
ep  85  it  1450/1563  loss 0.13295  lr 3.91e-05
ep  85  it  1500/1563  loss 0.13310  lr 3.91e-05
ep  85  it  1550/1563  loss 0.13303  lr 3.90e-05
[epoch 85] train_loss=0.13300  val_loss=0.13829  lr=3.90e-05  time=2.7 min
ep  86  it    50/1563  loss 0.13300  lr 3.90e-05
ep  86  it   100/1563  loss 0.13228  lr 3.90e-05
ep  86  it   150/1563  loss 0.13148  lr 3.89e-05
ep  86  it   200/1563  loss 0.13065  lr 3.89e-05
ep  86  it   250/1563  loss 0.13133  lr 3.89e-05
ep  86  it   300/1563  loss 0.13191  lr 3.88e-05
ep  86  it   350/1563  loss 0.13207  lr 3.88e-05
ep  86  it   400/1563  loss 0.13233  lr 3.88e-05
ep  86  it   450/1563  loss 0.13275  lr 3.87e-05
ep  86  it   500/1563  loss 0.13268  lr 3.87e-05
ep  86  it   550/1563  loss 0.13289  lr 3.87e-05
ep  86  it   600/1563  loss 0.13328  lr 3.86e-05
ep  86  it   650/1563  loss 0.13286  lr 3.86e-05
ep  86  it   700/1563  loss 0.13268  lr 3.86e-05
ep  86  it   750/1563  loss 0.13271  lr 3.85e-05
ep  86  it   800/1563  loss 0.13248  lr 3.85e-05
ep  86  it   850/1563  loss 0.13232  lr 3.85e-05
ep  86  it   900/1563  loss 0.13212  lr 3.84e-05
ep  86  it   950/1563  loss 0.13199  lr 3.84e-05
ep  86  it  1000/1563  loss 0.13184  lr 3.84e-05
ep  86  it  1050/1563  loss 0.13180  lr 3.83e-05
ep  86  it  1100/1563  loss 0.13193  lr 3.83e-05
ep  86  it  1150/1563  loss 0.13201  lr 3.83e-05
ep  86  it  1200/1563  loss 0.13218  lr 3.82e-05
ep  86  it  1250/1563  loss 0.13231  lr 3.82e-05
ep  86  it  1300/1563  loss 0.13233  lr 3.82e-05
ep  86  it  1350/1563  loss 0.13241  lr 3.81e-05
ep  86  it  1400/1563  loss 0.13232  lr 3.81e-05
ep  86  it  1450/1563  loss 0.13237  lr 3.81e-05
ep  86  it  1500/1563  loss 0.13247  lr 3.80e-05
ep  86  it  1550/1563  loss 0.13244  lr 3.80e-05
[epoch 86] train_loss=0.13246  val_loss=0.13781  lr=3.80e-05  time=2.7 min
ep  87  it    50/1563  loss 0.13255  lr 3.80e-05
ep  87  it   100/1563  loss 0.13355  lr 3.79e-05
ep  87  it   150/1563  loss 0.13396  lr 3.79e-05
ep  87  it   200/1563  loss 0.13486  lr 3.79e-05
ep  87  it   250/1563  loss 0.13347  lr 3.78e-05
ep  87  it   300/1563  loss 0.13347  lr 3.78e-05
ep  87  it   350/1563  loss 0.13293  lr 3.78e-05
ep  87  it   400/1563  loss 0.13328  lr 3.77e-05
ep  87  it   450/1563  loss 0.13311  lr 3.77e-05
ep  87  it   500/1563  loss 0.13291  lr 3.77e-05
ep  87  it   550/1563  loss 0.13366  lr 3.76e-05
ep  87  it   600/1563  loss 0.13326  lr 3.76e-05
ep  87  it   650/1563  loss 0.13323  lr 3.76e-05
ep  87  it   700/1563  loss 0.13340  lr 3.75e-05
ep  87  it   750/1563  loss 0.13336  lr 3.75e-05
ep  87  it   800/1563  loss 0.13309  lr 3.75e-05
ep  87  it   850/1563  loss 0.13276  lr 3.74e-05
ep  87  it   900/1563  loss 0.13313  lr 3.74e-05
ep  87  it   950/1563  loss 0.13291  lr 3.74e-05
ep  87  it  1000/1563  loss 0.13253  lr 3.73e-05
ep  87  it  1050/1563  loss 0.13253  lr 3.73e-05
ep  87  it  1100/1563  loss 0.13242  lr 3.73e-05
ep  87  it  1150/1563  loss 0.13240  lr 3.72e-05
ep  87  it  1200/1563  loss 0.13216  lr 3.72e-05
ep  87  it  1250/1563  loss 0.13207  lr 3.72e-05
ep  87  it  1300/1563  loss 0.13200  lr 3.71e-05
ep  87  it  1350/1563  loss 0.13205  lr 3.71e-05
ep  87  it  1400/1563  loss 0.13214  lr 3.71e-05
ep  87  it  1450/1563  loss 0.13211  lr 3.70e-05
ep  87  it  1500/1563  loss 0.13216  lr 3.70e-05
ep  87  it  1550/1563  loss 0.13219  lr 3.70e-05
[epoch 87] train_loss=0.13219  val_loss=0.13790  lr=3.70e-05  time=2.7 min
ep  88  it    50/1563  loss 0.13024  lr 3.69e-05
ep  88  it   100/1563  loss 0.13221  lr 3.69e-05
ep  88  it   150/1563  loss 0.13253  lr 3.69e-05
ep  88  it   200/1563  loss 0.13197  lr 3.68e-05
ep  88  it   250/1563  loss 0.13261  lr 3.68e-05
ep  88  it   300/1563  loss 0.13249  lr 3.68e-05
ep  88  it   350/1563  loss 0.13289  lr 3.67e-05
ep  88  it   400/1563  loss 0.13312  lr 3.67e-05
ep  88  it   450/1563  loss 0.13299  lr 3.67e-05
ep  88  it   500/1563  loss 0.13252  lr 3.66e-05
ep  88  it   550/1563  loss 0.13260  lr 3.66e-05
ep  88  it   600/1563  loss 0.13269  lr 3.66e-05
ep  88  it   650/1563  loss 0.13296  lr 3.66e-05
ep  88  it   700/1563  loss 0.13320  lr 3.65e-05
ep  88  it   750/1563  loss 0.13308  lr 3.65e-05
ep  88  it   800/1563  loss 0.13296  lr 3.65e-05
ep  88  it   850/1563  loss 0.13292  lr 3.64e-05
ep  88  it   900/1563  loss 0.13290  lr 3.64e-05
ep  88  it   950/1563  loss 0.13283  lr 3.64e-05
ep  88  it  1000/1563  loss 0.13271  lr 3.63e-05
ep  88  it  1050/1563  loss 0.13259  lr 3.63e-05
ep  88  it  1100/1563  loss 0.13269  lr 3.63e-05
ep  88  it  1150/1563  loss 0.13242  lr 3.62e-05
ep  88  it  1200/1563  loss 0.13245  lr 3.62e-05
ep  88  it  1250/1563  loss 0.13236  lr 3.62e-05
ep  88  it  1300/1563  loss 0.13230  lr 3.61e-05
ep  88  it  1350/1563  loss 0.13230  lr 3.61e-05
ep  88  it  1400/1563  loss 0.13225  lr 3.61e-05
ep  88  it  1450/1563  loss 0.13220  lr 3.60e-05
ep  88  it  1500/1563  loss 0.13215  lr 3.60e-05
ep  88  it  1550/1563  loss 0.13213  lr 3.60e-05
[epoch 88] train_loss=0.13210  val_loss=0.13774  lr=3.60e-05  time=2.7 min
ep  89  it    50/1563  loss 0.13719  lr 3.59e-05
ep  89  it   100/1563  loss 0.13590  lr 3.59e-05
ep  89  it   150/1563  loss 0.13612  lr 3.59e-05
ep  89  it   200/1563  loss 0.13381  lr 3.58e-05
ep  89  it   250/1563  loss 0.13333  lr 3.58e-05
ep  89  it   300/1563  loss 0.13322  lr 3.58e-05
ep  89  it   350/1563  loss 0.13198  lr 3.57e-05
ep  89  it   400/1563  loss 0.13161  lr 3.57e-05
ep  89  it   450/1563  loss 0.13175  lr 3.57e-05
ep  89  it   500/1563  loss 0.13116  lr 3.56e-05
ep  89  it   550/1563  loss 0.13123  lr 3.56e-05
ep  89  it   600/1563  loss 0.13085  lr 3.56e-05
ep  89  it   650/1563  loss 0.13127  lr 3.55e-05
ep  89  it   700/1563  loss 0.13076  lr 3.55e-05
ep  89  it   750/1563  loss 0.13070  lr 3.55e-05
ep  89  it   800/1563  loss 0.13047  lr 3.54e-05
ep  89  it   850/1563  loss 0.13093  lr 3.54e-05
ep  89  it   900/1563  loss 0.13092  lr 3.54e-05
ep  89  it   950/1563  loss 0.13119  lr 3.53e-05
ep  89  it  1000/1563  loss 0.13136  lr 3.53e-05
ep  89  it  1050/1563  loss 0.13136  lr 3.53e-05
ep  89  it  1100/1563  loss 0.13134  lr 3.52e-05
ep  89  it  1150/1563  loss 0.13104  lr 3.52e-05
ep  89  it  1200/1563  loss 0.13100  lr 3.52e-05
ep  89  it  1250/1563  loss 0.13089  lr 3.52e-05
ep  89  it  1300/1563  loss 0.13102  lr 3.51e-05
ep  89  it  1350/1563  loss 0.13118  lr 3.51e-05
ep  89  it  1400/1563  loss 0.13119  lr 3.51e-05
ep  89  it  1450/1563  loss 0.13103  lr 3.50e-05
ep  89  it  1500/1563  loss 0.13100  lr 3.50e-05
ep  89  it  1550/1563  loss 0.13127  lr 3.50e-05
[sample] wrote /scratch/maths/btech/mt1230785/col775_a2_hpc/col775_a2/samples/ldm_train/ldm_ep089.png (100 steps, guidance=4.0)
[epoch 89] train_loss=0.13117  val_loss=0.13755  lr=3.50e-05  time=2.8 min
ep  90  it    50/1563  loss 0.12971  lr 3.49e-05
ep  90  it   100/1563  loss 0.12968  lr 3.49e-05
ep  90  it   150/1563  loss 0.13118  lr 3.49e-05
ep  90  it   200/1563  loss 0.13114  lr 3.48e-05
ep  90  it   250/1563  loss 0.13068  lr 3.48e-05
ep  90  it   300/1563  loss 0.13105  lr 3.48e-05
ep  90  it   350/1563  loss 0.13167  lr 3.47e-05
ep  90  it   400/1563  loss 0.13151  lr 3.47e-05
ep  90  it   450/1563  loss 0.13145  lr 3.47e-05
ep  90  it   500/1563  loss 0.13159  lr 3.46e-05
ep  90  it   550/1563  loss 0.13183  lr 3.46e-05
ep  90  it   600/1563  loss 0.13171  lr 3.46e-05
ep  90  it   650/1563  loss 0.13190  lr 3.45e-05
ep  90  it   700/1563  loss 0.13203  lr 3.45e-05
ep  90  it   750/1563  loss 0.13187  lr 3.45e-05
ep  90  it   800/1563  loss 0.13203  lr 3.44e-05
ep  90  it   850/1563  loss 0.13219  lr 3.44e-05
ep  90  it   900/1563  loss 0.13220  lr 3.44e-05
ep  90  it   950/1563  loss 0.13213  lr 3.43e-05
ep  90  it  1000/1563  loss 0.13214  lr 3.43e-05
ep  90  it  1050/1563  loss 0.13220  lr 3.43e-05
ep  90  it  1100/1563  loss 0.13217  lr 3.42e-05
ep  90  it  1150/1563  loss 0.13213  lr 3.42e-05
ep  90  it  1200/1563  loss 0.13214  lr 3.42e-05
ep  90  it  1250/1563  loss 0.13210  lr 3.41e-05
ep  90  it  1300/1563  loss 0.13216  lr 3.41e-05
ep  90  it  1350/1563  loss 0.13213  lr 3.41e-05
ep  90  it  1400/1563  loss 0.13201  lr 3.41e-05
ep  90  it  1450/1563  loss 0.13211  lr 3.40e-05
ep  90  it  1500/1563  loss 0.13218  lr 3.40e-05
ep  90  it  1550/1563  loss 0.13214  lr 3.40e-05
[epoch 90] train_loss=0.13208  val_loss=0.13732  lr=3.39e-05  time=2.7 min
ep  91  it    50/1563  loss 0.13565  lr 3.39e-05
ep  91  it   100/1563  loss 0.13302  lr 3.39e-05
ep  91  it   150/1563  loss 0.13232  lr 3.39e-05
ep  91  it   200/1563  loss 0.13244  lr 3.38e-05
ep  91  it   250/1563  loss 0.13186  lr 3.38e-05
ep  91  it   300/1563  loss 0.13183  lr 3.38e-05
ep  91  it   350/1563  loss 0.13170  lr 3.37e-05
ep  91  it   400/1563  loss 0.13218  lr 3.37e-05
ep  91  it   450/1563  loss 0.13229  lr 3.37e-05
ep  91  it   500/1563  loss 0.13171  lr 3.36e-05
ep  91  it   550/1563  loss 0.13145  lr 3.36e-05
ep  91  it   600/1563  loss 0.13155  lr 3.36e-05
ep  91  it   650/1563  loss 0.13161  lr 3.35e-05
ep  91  it   700/1563  loss 0.13153  lr 3.35e-05
ep  91  it   750/1563  loss 0.13133  lr 3.35e-05
ep  91  it   800/1563  loss 0.13128  lr 3.34e-05
ep  91  it   850/1563  loss 0.13160  lr 3.34e-05
ep  91  it   900/1563  loss 0.13156  lr 3.34e-05
ep  91  it   950/1563  loss 0.13137  lr 3.33e-05
ep  91  it  1000/1563  loss 0.13153  lr 3.33e-05
ep  91  it  1050/1563  loss 0.13162  lr 3.33e-05
ep  91  it  1100/1563  loss 0.13171  lr 3.32e-05
ep  91  it  1150/1563  loss 0.13162  lr 3.32e-05
ep  91  it  1200/1563  loss 0.13166  lr 3.32e-05
ep  91  it  1250/1563  loss 0.13144  lr 3.32e-05
ep  91  it  1300/1563  loss 0.13141  lr 3.31e-05
ep  91  it  1350/1563  loss 0.13149  lr 3.31e-05
ep  91  it  1400/1563  loss 0.13128  lr 3.31e-05
ep  91  it  1450/1563  loss 0.13129  lr 3.30e-05
ep  91  it  1500/1563  loss 0.13138  lr 3.30e-05
ep  91  it  1550/1563  loss 0.13148  lr 3.30e-05
[epoch 91] train_loss=0.13146  val_loss=0.13728  lr=3.30e-05  time=2.7 min
ep  92  it    50/1563  loss 0.13194  lr 3.29e-05
ep  92  it   100/1563  loss 0.13001  lr 3.29e-05
ep  92  it   150/1563  loss 0.13005  lr 3.29e-05
ep  92  it   200/1563  loss 0.12973  lr 3.28e-05
ep  92  it   250/1563  loss 0.13073  lr 3.28e-05
ep  92  it   300/1563  loss 0.13101  lr 3.28e-05
ep  92  it   350/1563  loss 0.13098  lr 3.27e-05
ep  92  it   400/1563  loss 0.13101  lr 3.27e-05
ep  92  it   450/1563  loss 0.13125  lr 3.27e-05
ep  92  it   500/1563  loss 0.13126  lr 3.26e-05
ep  92  it   550/1563  loss 0.13159  lr 3.26e-05
ep  92  it   600/1563  loss 0.13183  lr 3.26e-05
ep  92  it   650/1563  loss 0.13199  lr 3.25e-05
ep  92  it   700/1563  loss 0.13147  lr 3.25e-05
ep  92  it   750/1563  loss 0.13138  lr 3.25e-05
ep  92  it   800/1563  loss 0.13146  lr 3.24e-05
ep  92  it   850/1563  loss 0.13158  lr 3.24e-05
ep  92  it   900/1563  loss 0.13180  lr 3.24e-05
ep  92  it   950/1563  loss 0.13152  lr 3.24e-05
ep  92  it  1000/1563  loss 0.13156  lr 3.23e-05
ep  92  it  1050/1563  loss 0.13180  lr 3.23e-05
ep  92  it  1100/1563  loss 0.13197  lr 3.23e-05
ep  92  it  1150/1563  loss 0.13228  lr 3.22e-05
ep  92  it  1200/1563  loss 0.13256  lr 3.22e-05
ep  92  it  1250/1563  loss 0.13252  lr 3.22e-05
ep  92  it  1300/1563  loss 0.13239  lr 3.21e-05
ep  92  it  1350/1563  loss 0.13227  lr 3.21e-05
ep  92  it  1400/1563  loss 0.13210  lr 3.21e-05
ep  92  it  1450/1563  loss 0.13208  lr 3.20e-05
ep  92  it  1500/1563  loss 0.13206  lr 3.20e-05
ep  92  it  1550/1563  loss 0.13207  lr 3.20e-05
[epoch 92] train_loss=0.13205  val_loss=0.13711  lr=3.20e-05  time=2.7 min
ep  93  it    50/1563  loss 0.13266  lr 3.19e-05
ep  93  it   100/1563  loss 0.13429  lr 3.19e-05
ep  93  it   150/1563  loss 0.13293  lr 3.19e-05
ep  93  it   200/1563  loss 0.13084  lr 3.18e-05
ep  93  it   250/1563  loss 0.13131  lr 3.18e-05
ep  93  it   300/1563  loss 0.13331  lr 3.18e-05
ep  93  it   350/1563  loss 0.13300  lr 3.17e-05
ep  93  it   400/1563  loss 0.13216  lr 3.17e-05
ep  93  it   450/1563  loss 0.13202  lr 3.17e-05
ep  93  it   500/1563  loss 0.13204  lr 3.17e-05
ep  93  it   550/1563  loss 0.13186  lr 3.16e-05
ep  93  it   600/1563  loss 0.13132  lr 3.16e-05
ep  93  it   650/1563  loss 0.13094  lr 3.16e-05
ep  93  it   700/1563  loss 0.13103  lr 3.15e-05
ep  93  it   750/1563  loss 0.13099  lr 3.15e-05
ep  93  it   800/1563  loss 0.13103  lr 3.15e-05
ep  93  it   850/1563  loss 0.13112  lr 3.14e-05
ep  93  it   900/1563  loss 0.13114  lr 3.14e-05
ep  93  it   950/1563  loss 0.13107  lr 3.14e-05
ep  93  it  1000/1563  loss 0.13114  lr 3.13e-05
ep  93  it  1050/1563  loss 0.13095  lr 3.13e-05
ep  93  it  1100/1563  loss 0.13108  lr 3.13e-05
ep  93  it  1150/1563  loss 0.13118  lr 3.12e-05
ep  93  it  1200/1563  loss 0.13117  lr 3.12e-05
ep  93  it  1250/1563  loss 0.13129  lr 3.12e-05
ep  93  it  1300/1563  loss 0.13153  lr 3.12e-05
ep  93  it  1350/1563  loss 0.13172  lr 3.11e-05
ep  93  it  1400/1563  loss 0.13178  lr 3.11e-05
ep  93  it  1450/1563  loss 0.13177  lr 3.11e-05
ep  93  it  1500/1563  loss 0.13159  lr 3.10e-05
ep  93  it  1550/1563  loss 0.13154  lr 3.10e-05
[epoch 93] train_loss=0.13153  val_loss=0.13700  lr=3.10e-05  time=2.7 min
ep  94  it    50/1563  loss 0.13064  lr 3.10e-05
ep  94  it   100/1563  loss 0.13237  lr 3.09e-05
ep  94  it   150/1563  loss 0.13202  lr 3.09e-05
ep  94  it   200/1563  loss 0.13244  lr 3.09e-05
ep  94  it   250/1563  loss 0.13301  lr 3.08e-05
ep  94  it   300/1563  loss 0.13244  lr 3.08e-05
ep  94  it   350/1563  loss 0.13168  lr 3.08e-05
ep  94  it   400/1563  loss 0.13140  lr 3.07e-05
ep  94  it   450/1563  loss 0.13156  lr 3.07e-05
ep  94  it   500/1563  loss 0.13111  lr 3.07e-05
ep  94  it   550/1563  loss 0.13103  lr 3.06e-05
ep  94  it   600/1563  loss 0.13120  lr 3.06e-05
ep  94  it   650/1563  loss 0.13090  lr 3.06e-05
ep  94  it   700/1563  loss 0.13098  lr 3.06e-05
ep  94  it   750/1563  loss 0.13106  lr 3.05e-05
ep  94  it   800/1563  loss 0.13098  lr 3.05e-05
ep  94  it   850/1563  loss 0.13091  lr 3.05e-05
ep  94  it   900/1563  loss 0.13088  lr 3.04e-05
ep  94  it   950/1563  loss 0.13102  lr 3.04e-05
ep  94  it  1000/1563  loss 0.13103  lr 3.04e-05
ep  94  it  1050/1563  loss 0.13114  lr 3.03e-05
ep  94  it  1100/1563  loss 0.13097  lr 3.03e-05
ep  94  it  1150/1563  loss 0.13108  lr 3.03e-05
ep  94  it  1200/1563  loss 0.13104  lr 3.02e-05
ep  94  it  1250/1563  loss 0.13095  lr 3.02e-05
ep  94  it  1300/1563  loss 0.13089  lr 3.02e-05
ep  94  it  1350/1563  loss 0.13076  lr 3.01e-05
ep  94  it  1400/1563  loss 0.13077  lr 3.01e-05
ep  94  it  1450/1563  loss 0.13075  lr 3.01e-05
ep  94  it  1500/1563  loss 0.13083  lr 3.01e-05
ep  94  it  1550/1563  loss 0.13071  lr 3.00e-05
[epoch 94] train_loss=0.13073  val_loss=0.13693  lr=3.00e-05  time=2.7 min
ep  95  it    50/1563  loss 0.13240  lr 3.00e-05
ep  95  it   100/1563  loss 0.13102  lr 3.00e-05
ep  95  it   150/1563  loss 0.13154  lr 2.99e-05
ep  95  it   200/1563  loss 0.13208  lr 2.99e-05
ep  95  it   250/1563  loss 0.13185  lr 2.99e-05
ep  95  it   300/1563  loss 0.13128  lr 2.98e-05
ep  95  it   350/1563  loss 0.13099  lr 2.98e-05
ep  95  it   400/1563  loss 0.13073  lr 2.98e-05
ep  95  it   450/1563  loss 0.13080  lr 2.97e-05
ep  95  it   500/1563  loss 0.13077  lr 2.97e-05
ep  95  it   550/1563  loss 0.13092  lr 2.97e-05
ep  95  it   600/1563  loss 0.13075  lr 2.96e-05
ep  95  it   650/1563  loss 0.13118  lr 2.96e-05
ep  95  it   700/1563  loss 0.13104  lr 2.96e-05
ep  95  it   750/1563  loss 0.13114  lr 2.96e-05
ep  95  it   800/1563  loss 0.13111  lr 2.95e-05
ep  95  it   850/1563  loss 0.13120  lr 2.95e-05
ep  95  it   900/1563  loss 0.13115  lr 2.95e-05
ep  95  it   950/1563  loss 0.13116  lr 2.94e-05
ep  95  it  1000/1563  loss 0.13103  lr 2.94e-05
ep  95  it  1050/1563  loss 0.13099  lr 2.94e-05
ep  95  it  1100/1563  loss 0.13120  lr 2.93e-05
ep  95  it  1150/1563  loss 0.13137  lr 2.93e-05
ep  95  it  1200/1563  loss 0.13137  lr 2.93e-05
ep  95  it  1250/1563  loss 0.13139  lr 2.92e-05
ep  95  it  1300/1563  loss 0.13134  lr 2.92e-05
ep  95  it  1350/1563  loss 0.13113  lr 2.92e-05
ep  95  it  1400/1563  loss 0.13115  lr 2.92e-05
ep  95  it  1450/1563  loss 0.13116  lr 2.91e-05
ep  95  it  1500/1563  loss 0.13115  lr 2.91e-05
ep  95  it  1550/1563  loss 0.13123  lr 2.91e-05
[epoch 95] train_loss=0.13118  val_loss=0.13675  lr=2.91e-05  time=2.7 min
ep  96  it    50/1563  loss 0.12936  lr 2.90e-05
ep  96  it   100/1563  loss 0.12580  lr 2.90e-05
ep  96  it   150/1563  loss 0.12673  lr 2.90e-05
ep  96  it   200/1563  loss 0.12795  lr 2.89e-05
ep  96  it   250/1563  loss 0.12927  lr 2.89e-05
ep  96  it   300/1563  loss 0.12897  lr 2.89e-05
ep  96  it   350/1563  loss 0.12956  lr 2.88e-05
ep  96  it   400/1563  loss 0.12954  lr 2.88e-05
ep  96  it   450/1563  loss 0.12942  lr 2.88e-05
ep  96  it   500/1563  loss 0.12965  lr 2.87e-05
ep  96  it   550/1563  loss 0.12970  lr 2.87e-05
ep  96  it   600/1563  loss 0.12953  lr 2.87e-05
ep  96  it   650/1563  loss 0.12973  lr 2.87e-05
ep  96  it   700/1563  loss 0.12981  lr 2.86e-05
ep  96  it   750/1563  loss 0.12971  lr 2.86e-05
ep  96  it   800/1563  loss 0.12998  lr 2.86e-05
ep  96  it   850/1563  loss 0.13011  lr 2.85e-05
ep  96  it   900/1563  loss 0.13006  lr 2.85e-05
ep  96  it   950/1563  loss 0.13026  lr 2.85e-05
ep  96  it  1000/1563  loss 0.13027  lr 2.84e-05
ep  96  it  1050/1563  loss 0.13051  lr 2.84e-05
ep  96  it  1100/1563  loss 0.13048  lr 2.84e-05
ep  96  it  1150/1563  loss 0.13034  lr 2.84e-05
ep  96  it  1200/1563  loss 0.13052  lr 2.83e-05
ep  96  it  1250/1563  loss 0.13041  lr 2.83e-05
ep  96  it  1300/1563  loss 0.13037  lr 2.83e-05
ep  96  it  1350/1563  loss 0.13041  lr 2.82e-05
ep  96  it  1400/1563  loss 0.13048  lr 2.82e-05
ep  96  it  1450/1563  loss 0.13049  lr 2.82e-05
ep  96  it  1500/1563  loss 0.13045  lr 2.81e-05
ep  96  it  1550/1563  loss 0.13050  lr 2.81e-05
[epoch 96] train_loss=0.13051  val_loss=0.13661  lr=2.81e-05  time=2.7 min
ep  97  it    50/1563  loss 0.13197  lr 2.81e-05
ep  97  it   100/1563  loss 0.13026  lr 2.80e-05
ep  97  it   150/1563  loss 0.12999  lr 2.80e-05
ep  97  it   200/1563  loss 0.12967  lr 2.80e-05
ep  97  it   250/1563  loss 0.13010  lr 2.80e-05
ep  97  it   300/1563  loss 0.13069  lr 2.79e-05
ep  97  it   350/1563  loss 0.13081  lr 2.79e-05
ep  97  it   400/1563  loss 0.13110  lr 2.79e-05
ep  97  it   450/1563  loss 0.13079  lr 2.78e-05
ep  97  it   500/1563  loss 0.13084  lr 2.78e-05
ep  97  it   550/1563  loss 0.13088  lr 2.78e-05
ep  97  it   600/1563  loss 0.13085  lr 2.77e-05
ep  97  it   650/1563  loss 0.13120  lr 2.77e-05
ep  97  it   700/1563  loss 0.13140  lr 2.77e-05
ep  97  it   750/1563  loss 0.13107  lr 2.76e-05
ep  97  it   800/1563  loss 0.13083  lr 2.76e-05
ep  97  it   850/1563  loss 0.13068  lr 2.76e-05
ep  97  it   900/1563  loss 0.13077  lr 2.76e-05
ep  97  it   950/1563  loss 0.13085  lr 2.75e-05
ep  97  it  1000/1563  loss 0.13089  lr 2.75e-05
ep  97  it  1050/1563  loss 0.13069  lr 2.75e-05
ep  97  it  1100/1563  loss 0.13102  lr 2.74e-05
ep  97  it  1150/1563  loss 0.13098  lr 2.74e-05
ep  97  it  1200/1563  loss 0.13097  lr 2.74e-05
ep  97  it  1250/1563  loss 0.13067  lr 2.73e-05
ep  97  it  1300/1563  loss 0.13067  lr 2.73e-05
ep  97  it  1350/1563  loss 0.13062  lr 2.73e-05
ep  97  it  1400/1563  loss 0.13069  lr 2.73e-05
ep  97  it  1450/1563  loss 0.13067  lr 2.72e-05
ep  97  it  1500/1563  loss 0.13073  lr 2.72e-05
ep  97  it  1550/1563  loss 0.13065  lr 2.72e-05
[epoch 97] train_loss=0.13067  val_loss=0.13654  lr=2.72e-05  time=2.7 min
ep  98  it    50/1563  loss 0.12922  lr 2.71e-05
ep  98  it   100/1563  loss 0.12944  lr 2.71e-05
ep  98  it   150/1563  loss 0.13161  lr 2.71e-05
ep  98  it   200/1563  loss 0.13164  lr 2.70e-05
ep  98  it   250/1563  loss 0.13147  lr 2.70e-05
ep  98  it   300/1563  loss 0.13222  lr 2.70e-05
ep  98  it   350/1563  loss 0.13252  lr 2.69e-05
ep  98  it   400/1563  loss 0.13239  lr 2.69e-05
ep  98  it   450/1563  loss 0.13251  lr 2.69e-05
ep  98  it   500/1563  loss 0.13249  lr 2.69e-05
ep  98  it   550/1563  loss 0.13266  lr 2.68e-05
ep  98  it   600/1563  loss 0.13247  lr 2.68e-05
ep  98  it   650/1563  loss 0.13260  lr 2.68e-05
ep  98  it   700/1563  loss 0.13274  lr 2.67e-05
ep  98  it   750/1563  loss 0.13253  lr 2.67e-05
ep  98  it   800/1563  loss 0.13252  lr 2.67e-05
ep  98  it   850/1563  loss 0.13218  lr 2.67e-05
ep  98  it   900/1563  loss 0.13220  lr 2.66e-05
ep  98  it   950/1563  loss 0.13210  lr 2.66e-05
ep  98  it  1000/1563  loss 0.13211  lr 2.66e-05
ep  98  it  1050/1563  loss 0.13208  lr 2.65e-05
ep  98  it  1100/1563  loss 0.13205  lr 2.65e-05
ep  98  it  1150/1563  loss 0.13201  lr 2.65e-05
ep  98  it  1200/1563  loss 0.13191  lr 2.64e-05
ep  98  it  1250/1563  loss 0.13196  lr 2.64e-05
ep  98  it  1300/1563  loss 0.13200  lr 2.64e-05
ep  98  it  1350/1563  loss 0.13170  lr 2.64e-05
ep  98  it  1400/1563  loss 0.13168  lr 2.63e-05
ep  98  it  1450/1563  loss 0.13173  lr 2.63e-05
ep  98  it  1500/1563  loss 0.13189  lr 2.63e-05
ep  98  it  1550/1563  loss 0.13199  lr 2.62e-05
[epoch 98] train_loss=0.13197  val_loss=0.13633  lr=2.62e-05  time=2.8 min
ep  99  it    50/1563  loss 0.12787  lr 2.62e-05
ep  99  it   100/1563  loss 0.12851  lr 2.62e-05
ep  99  it   150/1563  loss 0.12869  lr 2.61e-05
ep  99  it   200/1563  loss 0.12952  lr 2.61e-05
ep  99  it   250/1563  loss 0.12958  lr 2.61e-05
ep  99  it   300/1563  loss 0.13040  lr 2.60e-05
ep  99  it   350/1563  loss 0.13088  lr 2.60e-05
ep  99  it   400/1563  loss 0.13104  lr 2.60e-05
ep  99  it   450/1563  loss 0.13105  lr 2.60e-05
ep  99  it   500/1563  loss 0.13051  lr 2.59e-05
ep  99  it   550/1563  loss 0.13062  lr 2.59e-05
ep  99  it   600/1563  loss 0.13063  lr 2.59e-05
ep  99  it   650/1563  loss 0.13073  lr 2.58e-05
ep  99  it   700/1563  loss 0.13079  lr 2.58e-05
ep  99  it   750/1563  loss 0.13063  lr 2.58e-05
ep  99  it   800/1563  loss 0.13081  lr 2.58e-05
ep  99  it   850/1563  loss 0.13090  lr 2.57e-05
ep  99  it   900/1563  loss 0.13107  lr 2.57e-05
ep  99  it   950/1563  loss 0.13122  lr 2.57e-05
ep  99  it  1000/1563  loss 0.13098  lr 2.56e-05
ep  99  it  1050/1563  loss 0.13098  lr 2.56e-05
ep  99  it  1100/1563  loss 0.13054  lr 2.56e-05
ep  99  it  1150/1563  loss 0.13057  lr 2.55e-05
ep  99  it  1200/1563  loss 0.13062  lr 2.55e-05
ep  99  it  1250/1563  loss 0.13077  lr 2.55e-05
ep  99  it  1300/1563  loss 0.13088  lr 2.55e-05
ep  99  it  1350/1563  loss 0.13084  lr 2.54e-05
ep  99  it  1400/1563  loss 0.13075  lr 2.54e-05
ep  99  it  1450/1563  loss 0.13086  lr 2.54e-05
ep  99  it  1500/1563  loss 0.13073  lr 2.53e-05
ep  99  it  1550/1563  loss 0.13081  lr 2.53e-05
[sample] wrote /scratch/maths/btech/mt1230785/col775_a2_hpc/col775_a2/samples/ldm_train/ldm_ep099.png (100 steps, guidance=4.0)
[epoch 99] train_loss=0.13083  val_loss=0.13616  lr=2.53e-05  time=2.8 min
ep 100  it    50/1563  loss 0.13639  lr 2.53e-05
ep 100  it   100/1563  loss 0.13164  lr 2.52e-05
ep 100  it   150/1563  loss 0.13165  lr 2.52e-05
ep 100  it   200/1563  loss 0.13026  lr 2.52e-05
ep 100  it   250/1563  loss 0.12947  lr 2.52e-05
ep 100  it   300/1563  loss 0.12967  lr 2.51e-05
ep 100  it   350/1563  loss 0.12992  lr 2.51e-05
ep 100  it   400/1563  loss 0.13114  lr 2.51e-05
ep 100  it   450/1563  loss 0.13109  lr 2.50e-05
ep 100  it   500/1563  loss 0.13113  lr 2.50e-05
ep 100  it   550/1563  loss 0.13130  lr 2.50e-05
ep 100  it   600/1563  loss 0.13124  lr 2.50e-05
ep 100  it   650/1563  loss 0.13129  lr 2.49e-05
ep 100  it   700/1563  loss 0.13146  lr 2.49e-05
ep 100  it   750/1563  loss 0.13118  lr 2.49e-05
ep 100  it   800/1563  loss 0.13105  lr 2.48e-05
ep 100  it   850/1563  loss 0.13108  lr 2.48e-05
ep 100  it   900/1563  loss 0.13111  lr 2.48e-05
ep 100  it   950/1563  loss 0.13097  lr 2.47e-05
ep 100  it  1000/1563  loss 0.13101  lr 2.47e-05
ep 100  it  1050/1563  loss 0.13119  lr 2.47e-05
ep 100  it  1100/1563  loss 0.13114  lr 2.47e-05
ep 100  it  1150/1563  loss 0.13120  lr 2.46e-05
ep 100  it  1200/1563  loss 0.13133  lr 2.46e-05
ep 100  it  1250/1563  loss 0.13149  lr 2.46e-05
ep 100  it  1300/1563  loss 0.13138  lr 2.45e-05
ep 100  it  1350/1563  loss 0.13122  lr 2.45e-05
ep 100  it  1400/1563  loss 0.13119  lr 2.45e-05
ep 100  it  1450/1563  loss 0.13120  lr 2.45e-05
ep 100  it  1500/1563  loss 0.13107  lr 2.44e-05
ep 100  it  1550/1563  loss 0.13097  lr 2.44e-05
[epoch 100] train_loss=0.13093  val_loss=0.13619  lr=2.44e-05  time=2.7 min
ep 101  it    50/1563  loss 0.13209  lr 2.44e-05
ep 101  it   100/1563  loss 0.12910  lr 2.43e-05
ep 101  it   150/1563  loss 0.13076  lr 2.43e-05
ep 101  it   200/1563  loss 0.13026  lr 2.43e-05
ep 101  it   250/1563  loss 0.12921  lr 2.42e-05
ep 101  it   300/1563  loss 0.13013  lr 2.42e-05
ep 101  it   350/1563  loss 0.13042  lr 2.42e-05
ep 101  it   400/1563  loss 0.12995  lr 2.42e-05
ep 101  it   450/1563  loss 0.12964  lr 2.41e-05
ep 101  it   500/1563  loss 0.12985  lr 2.41e-05
ep 101  it   550/1563  loss 0.12961  lr 2.41e-05
ep 101  it   600/1563  loss 0.12956  lr 2.40e-05
ep 101  it   650/1563  loss 0.12949  lr 2.40e-05
ep 101  it   700/1563  loss 0.12928  lr 2.40e-05
ep 101  it   750/1563  loss 0.12937  lr 2.40e-05
ep 101  it   800/1563  loss 0.12939  lr 2.39e-05
ep 101  it   850/1563  loss 0.12956  lr 2.39e-05
ep 101  it   900/1563  loss 0.12988  lr 2.39e-05
ep 101  it   950/1563  loss 0.12993  lr 2.38e-05
ep 101  it  1000/1563  loss 0.12986  lr 2.38e-05
ep 101  it  1050/1563  loss 0.12969  lr 2.38e-05
ep 101  it  1100/1563  loss 0.12986  lr 2.38e-05
ep 101  it  1150/1563  loss 0.12976  lr 2.37e-05
ep 101  it  1200/1563  loss 0.12972  lr 2.37e-05
ep 101  it  1250/1563  loss 0.12983  lr 2.37e-05
ep 101  it  1300/1563  loss 0.12984  lr 2.36e-05
ep 101  it  1350/1563  loss 0.12985  lr 2.36e-05
ep 101  it  1400/1563  loss 0.12991  lr 2.36e-05
ep 101  it  1450/1563  loss 0.12994  lr 2.36e-05
ep 101  it  1500/1563  loss 0.13010  lr 2.35e-05
ep 101  it  1550/1563  loss 0.13011  lr 2.35e-05
[epoch 101] train_loss=0.13009  val_loss=0.13629  lr=2.35e-05  time=2.7 min
ep 102  it    50/1563  loss 0.12370  lr 2.35e-05
ep 102  it   100/1563  loss 0.12573  lr 2.34e-05
ep 102  it   150/1563  loss 0.12697  lr 2.34e-05
ep 102  it   200/1563  loss 0.12824  lr 2.34e-05
ep 102  it   250/1563  loss 0.12844  lr 2.34e-05
ep 102  it   300/1563  loss 0.12969  lr 2.33e-05
ep 102  it   350/1563  loss 0.12942  lr 2.33e-05
ep 102  it   400/1563  loss 0.12974  lr 2.33e-05
ep 102  it   450/1563  loss 0.12974  lr 2.32e-05
ep 102  it   500/1563  loss 0.12994  lr 2.32e-05
ep 102  it   550/1563  loss 0.12954  lr 2.32e-05
ep 102  it   600/1563  loss 0.12962  lr 2.32e-05
ep 102  it   650/1563  loss 0.12951  lr 2.31e-05
ep 102  it   700/1563  loss 0.12965  lr 2.31e-05
ep 102  it   750/1563  loss 0.12996  lr 2.31e-05
ep 102  it   800/1563  loss 0.13012  lr 2.30e-05
ep 102  it   850/1563  loss 0.13042  lr 2.30e-05
ep 102  it   900/1563  loss 0.13050  lr 2.30e-05
ep 102  it   950/1563  loss 0.13017  lr 2.30e-05
ep 102  it  1000/1563  loss 0.13028  lr 2.29e-05
ep 102  it  1050/1563  loss 0.13011  lr 2.29e-05
ep 102  it  1100/1563  loss 0.13033  lr 2.29e-05
ep 102  it  1150/1563  loss 0.13028  lr 2.28e-05
ep 102  it  1200/1563  loss 0.13012  lr 2.28e-05
ep 102  it  1250/1563  loss 0.13000  lr 2.28e-05
ep 102  it  1300/1563  loss 0.13008  lr 2.28e-05
ep 102  it  1350/1563  loss 0.13032  lr 2.27e-05
ep 102  it  1400/1563  loss 0.13029  lr 2.27e-05
ep 102  it  1450/1563  loss 0.13028  lr 2.27e-05
ep 102  it  1500/1563  loss 0.13030  lr 2.26e-05
ep 102  it  1550/1563  loss 0.13019  lr 2.26e-05
[epoch 102] train_loss=0.13026  val_loss=0.13588  lr=2.26e-05  time=2.7 min
ep 103  it    50/1563  loss 0.13074  lr 2.26e-05
ep 103  it   100/1563  loss 0.12935  lr 2.25e-05
ep 103  it   150/1563  loss 0.12942  lr 2.25e-05
ep 103  it   200/1563  loss 0.13016  lr 2.25e-05
ep 103  it   250/1563  loss 0.13016  lr 2.25e-05
ep 103  it   300/1563  loss 0.13001  lr 2.24e-05
ep 103  it   350/1563  loss 0.12935  lr 2.24e-05
ep 103  it   400/1563  loss 0.12927  lr 2.24e-05
ep 103  it   450/1563  loss 0.12956  lr 2.24e-05
ep 103  it   500/1563  loss 0.12927  lr 2.23e-05
ep 103  it   550/1563  loss 0.12925  lr 2.23e-05
ep 103  it   600/1563  loss 0.12930  lr 2.23e-05
ep 103  it   650/1563  loss 0.12944  lr 2.22e-05
ep 103  it   700/1563  loss 0.12950  lr 2.22e-05
ep 103  it   750/1563  loss 0.12927  lr 2.22e-05
ep 103  it   800/1563  loss 0.12920  lr 2.22e-05
ep 103  it   850/1563  loss 0.12923  lr 2.21e-05
ep 103  it   900/1563  loss 0.12946  lr 2.21e-05
ep 103  it   950/1563  loss 0.12967  lr 2.21e-05
ep 103  it  1000/1563  loss 0.12976  lr 2.20e-05
ep 103  it  1050/1563  loss 0.12962  lr 2.20e-05
ep 103  it  1100/1563  loss 0.12973  lr 2.20e-05
ep 103  it  1150/1563  loss 0.12967  lr 2.20e-05
ep 103  it  1200/1563  loss 0.12949  lr 2.19e-05
ep 103  it  1250/1563  loss 0.12953  lr 2.19e-05
ep 103  it  1300/1563  loss 0.12955  lr 2.19e-05
ep 103  it  1350/1563  loss 0.12954  lr 2.18e-05
ep 103  it  1400/1563  loss 0.12965  lr 2.18e-05
ep 103  it  1450/1563  loss 0.12961  lr 2.18e-05
ep 103  it  1500/1563  loss 0.12939  lr 2.18e-05
ep 103  it  1550/1563  loss 0.12937  lr 2.17e-05
[epoch 103] train_loss=0.12941  val_loss=0.13607  lr=2.17e-05  time=2.9 min
ep 104  it    50/1563  loss 0.12963  lr 2.17e-05
ep 104  it   100/1563  loss 0.12978  lr 2.17e-05
ep 104  it   150/1563  loss 0.12978  lr 2.16e-05
ep 104  it   200/1563  loss 0.12806  lr 2.16e-05
ep 104  it   250/1563  loss 0.12982  lr 2.16e-05
ep 104  it   300/1563  loss 0.12986  lr 2.16e-05
ep 104  it   350/1563  loss 0.12945  lr 2.15e-05
ep 104  it   400/1563  loss 0.12952  lr 2.15e-05
ep 104  it   450/1563  loss 0.12990  lr 2.15e-05
ep 104  it   500/1563  loss 0.12949  lr 2.15e-05
ep 104  it   550/1563  loss 0.12968  lr 2.14e-05
ep 104  it   600/1563  loss 0.12942  lr 2.14e-05
ep 104  it   650/1563  loss 0.12949  lr 2.14e-05
ep 104  it   700/1563  loss 0.12979  lr 2.13e-05
ep 104  it   750/1563  loss 0.13005  lr 2.13e-05
ep 104  it   800/1563  loss 0.12984  lr 2.13e-05
ep 104  it   850/1563  loss 0.12993  lr 2.13e-05
ep 104  it   900/1563  loss 0.12978  lr 2.12e-05
ep 104  it   950/1563  loss 0.12977  lr 2.12e-05
ep 104  it  1000/1563  loss 0.12969  lr 2.12e-05
ep 104  it  1050/1563  loss 0.12962  lr 2.11e-05
ep 104  it  1100/1563  loss 0.12952  lr 2.11e-05
ep 104  it  1150/1563  loss 0.12974  lr 2.11e-05
ep 104  it  1200/1563  loss 0.12990  lr 2.11e-05
ep 104  it  1250/1563  loss 0.12996  lr 2.10e-05
ep 104  it  1300/1563  loss 0.13011  lr 2.10e-05
ep 104  it  1350/1563  loss 0.13020  lr 2.10e-05
ep 104  it  1400/1563  loss 0.13024  lr 2.10e-05
ep 104  it  1450/1563  loss 0.13027  lr 2.09e-05
ep 104  it  1500/1563  loss 0.13025  lr 2.09e-05
ep 104  it  1550/1563  loss 0.13029  lr 2.09e-05
[epoch 104] train_loss=0.13027  val_loss=0.13587  lr=2.09e-05  time=2.8 min
ep 105  it    50/1563  loss 0.12855  lr 2.08e-05
ep 105  it   100/1563  loss 0.12934  lr 2.08e-05
ep 105  it   150/1563  loss 0.13050  lr 2.08e-05
ep 105  it   200/1563  loss 0.13013  lr 2.08e-05
ep 105  it   250/1563  loss 0.12947  lr 2.07e-05
ep 105  it   300/1563  loss 0.12923  lr 2.07e-05
ep 105  it   350/1563  loss 0.12941  lr 2.07e-05
ep 105  it   400/1563  loss 0.12918  lr 2.06e-05
ep 105  it   450/1563  loss 0.12940  lr 2.06e-05
ep 105  it   500/1563  loss 0.12924  lr 2.06e-05
ep 105  it   550/1563  loss 0.12951  lr 2.06e-05
ep 105  it   600/1563  loss 0.12973  lr 2.05e-05
ep 105  it   650/1563  loss 0.13016  lr 2.05e-05
ep 105  it   700/1563  loss 0.12975  lr 2.05e-05
ep 105  it   750/1563  loss 0.12951  lr 2.05e-05
ep 105  it   800/1563  loss 0.12975  lr 2.04e-05
ep 105  it   850/1563  loss 0.12965  lr 2.04e-05
ep 105  it   900/1563  loss 0.12972  lr 2.04e-05
ep 105  it   950/1563  loss 0.12955  lr 2.03e-05
ep 105  it  1000/1563  loss 0.12948  lr 2.03e-05
ep 105  it  1050/1563  loss 0.12960  lr 2.03e-05
ep 105  it  1100/1563  loss 0.12964  lr 2.03e-05
ep 105  it  1150/1563  loss 0.12951  lr 2.02e-05
ep 105  it  1200/1563  loss 0.12933  lr 2.02e-05
ep 105  it  1250/1563  loss 0.12935  lr 2.02e-05
ep 105  it  1300/1563  loss 0.12947  lr 2.02e-05
ep 105  it  1350/1563  loss 0.12954  lr 2.01e-05
ep 105  it  1400/1563  loss 0.12947  lr 2.01e-05
ep 105  it  1450/1563  loss 0.12932  lr 2.01e-05
ep 105  it  1500/1563  loss 0.12933  lr 2.01e-05
ep 105  it  1550/1563  loss 0.12931  lr 2.00e-05
[epoch 105] train_loss=0.12924  val_loss=0.13585  lr=2.00e-05  time=2.7 min
ep 106  it    50/1563  loss 0.12756  lr 2.00e-05
ep 106  it   100/1563  loss 0.12938  lr 2.00e-05
ep 106  it   150/1563  loss 0.12982  lr 1.99e-05
ep 106  it   200/1563  loss 0.13059  lr 1.99e-05
ep 106  it   250/1563  loss 0.12980  lr 1.99e-05
ep 106  it   300/1563  loss 0.12911  lr 1.99e-05
ep 106  it   350/1563  loss 0.12821  lr 1.98e-05
ep 106  it   400/1563  loss 0.12840  lr 1.98e-05
ep 106  it   450/1563  loss 0.12893  lr 1.98e-05
ep 106  it   500/1563  loss 0.12898  lr 1.97e-05
ep 106  it   550/1563  loss 0.12901  lr 1.97e-05
ep 106  it   600/1563  loss 0.12886  lr 1.97e-05
ep 106  it   650/1563  loss 0.12906  lr 1.97e-05
ep 106  it   700/1563  loss 0.12910  lr 1.96e-05
ep 106  it   750/1563  loss 0.12898  lr 1.96e-05
ep 106  it   800/1563  loss 0.12872  lr 1.96e-05
ep 106  it   850/1563  loss 0.12864  lr 1.96e-05
ep 106  it   900/1563  loss 0.12877  lr 1.95e-05
ep 106  it   950/1563  loss 0.12882  lr 1.95e-05
ep 106  it  1000/1563  loss 0.12865  lr 1.95e-05
ep 106  it  1050/1563  loss 0.12862  lr 1.95e-05
ep 106  it  1100/1563  loss 0.12856  lr 1.94e-05
ep 106  it  1150/1563  loss 0.12859  lr 1.94e-05
ep 106  it  1200/1563  loss 0.12873  lr 1.94e-05
ep 106  it  1250/1563  loss 0.12885  lr 1.93e-05
ep 106  it  1300/1563  loss 0.12902  lr 1.93e-05
ep 106  it  1350/1563  loss 0.12882  lr 1.93e-05
ep 106  it  1400/1563  loss 0.12884  lr 1.93e-05
ep 106  it  1450/1563  loss 0.12876  lr 1.92e-05
ep 106  it  1500/1563  loss 0.12881  lr 1.92e-05
ep 106  it  1550/1563  loss 0.12881  lr 1.92e-05
[epoch 106] train_loss=0.12888  val_loss=0.13557  lr=1.92e-05  time=2.7 min
ep 107  it    50/1563  loss 0.13170  lr 1.92e-05
ep 107  it   100/1563  loss 0.13111  lr 1.91e-05
ep 107  it   150/1563  loss 0.12947  lr 1.91e-05
ep 107  it   200/1563  loss 0.12944  lr 1.91e-05
ep 107  it   250/1563  loss 0.12930  lr 1.90e-05
ep 107  it   300/1563  loss 0.12930  lr 1.90e-05
ep 107  it   350/1563  loss 0.12899  lr 1.90e-05
ep 107  it   400/1563  loss 0.12959  lr 1.90e-05
ep 107  it   450/1563  loss 0.12949  lr 1.89e-05
ep 107  it   500/1563  loss 0.12962  lr 1.89e-05
ep 107  it   550/1563  loss 0.12922  lr 1.89e-05
ep 107  it   600/1563  loss 0.12942  lr 1.89e-05
ep 107  it   650/1563  loss 0.12932  lr 1.88e-05
ep 107  it   700/1563  loss 0.12918  lr 1.88e-05
ep 107  it   750/1563  loss 0.12915  lr 1.88e-05
ep 107  it   800/1563  loss 0.12901  lr 1.88e-05
ep 107  it   850/1563  loss 0.12893  lr 1.87e-05
ep 107  it   900/1563  loss 0.12898  lr 1.87e-05
ep 107  it   950/1563  loss 0.12891  lr 1.87e-05
ep 107  it  1000/1563  loss 0.12909  lr 1.87e-05
ep 107  it  1050/1563  loss 0.12922  lr 1.86e-05
ep 107  it  1100/1563  loss 0.12926  lr 1.86e-05
ep 107  it  1150/1563  loss 0.12930  lr 1.86e-05
ep 107  it  1200/1563  loss 0.12924  lr 1.85e-05
ep 107  it  1250/1563  loss 0.12924  lr 1.85e-05
ep 107  it  1300/1563  loss 0.12931  lr 1.85e-05
ep 107  it  1350/1563  loss 0.12910  lr 1.85e-05
ep 107  it  1400/1563  loss 0.12906  lr 1.84e-05
ep 107  it  1450/1563  loss 0.12904  lr 1.84e-05
ep 107  it  1500/1563  loss 0.12912  lr 1.84e-05
ep 107  it  1550/1563  loss 0.12912  lr 1.84e-05
[epoch 107] train_loss=0.12911  val_loss=0.13559  lr=1.84e-05  time=2.7 min
ep 108  it    50/1563  loss 0.12461  lr 1.83e-05
ep 108  it   100/1563  loss 0.12680  lr 1.83e-05
ep 108  it   150/1563  loss 0.12692  lr 1.83e-05
ep 108  it   200/1563  loss 0.12674  lr 1.83e-05
ep 108  it   250/1563  loss 0.12769  lr 1.82e-05
ep 108  it   300/1563  loss 0.12859  lr 1.82e-05
ep 108  it   350/1563  loss 0.12907  lr 1.82e-05
ep 108  it   400/1563  loss 0.12948  lr 1.81e-05
ep 108  it   450/1563  loss 0.12975  lr 1.81e-05
ep 108  it   500/1563  loss 0.12955  lr 1.81e-05
ep 108  it   550/1563  loss 0.12956  lr 1.81e-05
ep 108  it   600/1563  loss 0.12952  lr 1.80e-05
ep 108  it   650/1563  loss 0.12963  lr 1.80e-05
ep 108  it   700/1563  loss 0.12981  lr 1.80e-05
ep 108  it   750/1563  loss 0.13014  lr 1.80e-05
ep 108  it   800/1563  loss 0.12994  lr 1.79e-05
ep 108  it   850/1563  loss 0.12991  lr 1.79e-05
ep 108  it   900/1563  loss 0.12967  lr 1.79e-05
ep 108  it   950/1563  loss 0.12986  lr 1.79e-05
ep 108  it  1000/1563  loss 0.13010  lr 1.78e-05
ep 108  it  1050/1563  loss 0.13006  lr 1.78e-05
ep 108  it  1100/1563  loss 0.13015  lr 1.78e-05
ep 108  it  1150/1563  loss 0.12998  lr 1.78e-05
ep 108  it  1200/1563  loss 0.12990  lr 1.77e-05
ep 108  it  1250/1563  loss 0.12990  lr 1.77e-05
ep 108  it  1300/1563  loss 0.12993  lr 1.77e-05
ep 108  it  1350/1563  loss 0.13008  lr 1.77e-05
ep 108  it  1400/1563  loss 0.12990  lr 1.76e-05
ep 108  it  1450/1563  loss 0.12977  lr 1.76e-05
ep 108  it  1500/1563  loss 0.12964  lr 1.76e-05
ep 108  it  1550/1563  loss 0.12965  lr 1.76e-05
[epoch 108] train_loss=0.12963  val_loss=0.13539  lr=1.75e-05  time=2.7 min
ep 109  it    50/1563  loss 0.12942  lr 1.75e-05
ep 109  it   100/1563  loss 0.12905  lr 1.75e-05
ep 109  it   150/1563  loss 0.12792  lr 1.75e-05
ep 109  it   200/1563  loss 0.12715  lr 1.74e-05
ep 109  it   250/1563  loss 0.12763  lr 1.74e-05
ep 109  it   300/1563  loss 0.12875  lr 1.74e-05
ep 109  it   350/1563  loss 0.12860  lr 1.74e-05
ep 109  it   400/1563  loss 0.12877  lr 1.73e-05
ep 109  it   450/1563  loss 0.12880  lr 1.73e-05
ep 109  it   500/1563  loss 0.12907  lr 1.73e-05
ep 109  it   550/1563  loss 0.12914  lr 1.73e-05
ep 109  it   600/1563  loss 0.12924  lr 1.72e-05
ep 109  it   650/1563  loss 0.12930  lr 1.72e-05
ep 109  it   700/1563  loss 0.12936  lr 1.72e-05
ep 109  it   750/1563  loss 0.12932  lr 1.72e-05
ep 109  it   800/1563  loss 0.12936  lr 1.71e-05
ep 109  it   850/1563  loss 0.12915  lr 1.71e-05
ep 109  it   900/1563  loss 0.12920  lr 1.71e-05
ep 109  it   950/1563  loss 0.12914  lr 1.71e-05
ep 109  it  1000/1563  loss 0.12916  lr 1.70e-05
ep 109  it  1050/1563  loss 0.12908  lr 1.70e-05
ep 109  it  1100/1563  loss 0.12895  lr 1.70e-05
ep 109  it  1150/1563  loss 0.12892  lr 1.70e-05
ep 109  it  1200/1563  loss 0.12887  lr 1.69e-05
ep 109  it  1250/1563  loss 0.12889  lr 1.69e-05
ep 109  it  1300/1563  loss 0.12880  lr 1.69e-05
ep 109  it  1350/1563  loss 0.12882  lr 1.69e-05
ep 109  it  1400/1563  loss 0.12874  lr 1.68e-05
ep 109  it  1450/1563  loss 0.12872  lr 1.68e-05
ep 109  it  1500/1563  loss 0.12881  lr 1.68e-05
ep 109  it  1550/1563  loss 0.12894  lr 1.68e-05
[sample] wrote /scratch/maths/btech/mt1230785/col775_a2_hpc/col775_a2/samples/ldm_train/ldm_ep109.png (100 steps, guidance=4.0)
[epoch 109] train_loss=0.12895  val_loss=0.13538  lr=1.68e-05  time=2.8 min
ep 110  it    50/1563  loss 0.12596  lr 1.67e-05
ep 110  it   100/1563  loss 0.12761  lr 1.67e-05
ep 110  it   150/1563  loss 0.12856  lr 1.67e-05
ep 110  it   200/1563  loss 0.12828  lr 1.67e-05
ep 110  it   250/1563  loss 0.12780  lr 1.66e-05
ep 110  it   300/1563  loss 0.12762  lr 1.66e-05
ep 110  it   350/1563  loss 0.12748  lr 1.66e-05
ep 110  it   400/1563  loss 0.12764  lr 1.66e-05
ep 110  it   450/1563  loss 0.12727  lr 1.65e-05
ep 110  it   500/1563  loss 0.12761  lr 1.65e-05
ep 110  it   550/1563  loss 0.12796  lr 1.65e-05
ep 110  it   600/1563  loss 0.12770  lr 1.65e-05
ep 110  it   650/1563  loss 0.12794  lr 1.64e-05
ep 110  it   700/1563  loss 0.12778  lr 1.64e-05
ep 110  it   750/1563  loss 0.12808  lr 1.64e-05
ep 110  it   800/1563  loss 0.12825  lr 1.64e-05
ep 110  it   850/1563  loss 0.12861  lr 1.63e-05
ep 110  it   900/1563  loss 0.12871  lr 1.63e-05
ep 110  it   950/1563  loss 0.12881  lr 1.63e-05
ep 110  it  1000/1563  loss 0.12893  lr 1.63e-05
ep 110  it  1050/1563  loss 0.12906  lr 1.62e-05
ep 110  it  1100/1563  loss 0.12902  lr 1.62e-05
ep 110  it  1150/1563  loss 0.12910  lr 1.62e-05
ep 110  it  1200/1563  loss 0.12938  lr 1.62e-05
ep 110  it  1250/1563  loss 0.12915  lr 1.61e-05
ep 110  it  1300/1563  loss 0.12920  lr 1.61e-05
ep 110  it  1350/1563  loss 0.12921  lr 1.61e-05
ep 110  it  1400/1563  loss 0.12917  lr 1.61e-05
ep 110  it  1450/1563  loss 0.12931  lr 1.60e-05
ep 110  it  1500/1563  loss 0.12932  lr 1.60e-05
ep 110  it  1550/1563  loss 0.12934  lr 1.60e-05
[epoch 110] train_loss=0.12925  val_loss=0.13532  lr=1.60e-05  time=2.7 min
ep 111  it    50/1563  loss 0.12479  lr 1.59e-05
ep 111  it   100/1563  loss 0.12507  lr 1.59e-05
ep 111  it   150/1563  loss 0.12626  lr 1.59e-05
ep 111  it   200/1563  loss 0.12758  lr 1.59e-05
ep 111  it   250/1563  loss 0.12664  lr 1.58e-05
ep 111  it   300/1563  loss 0.12700  lr 1.58e-05
ep 111  it   350/1563  loss 0.12748  lr 1.58e-05
ep 111  it   400/1563  loss 0.12823  lr 1.58e-05
ep 111  it   450/1563  loss 0.12823  lr 1.58e-05
ep 111  it   500/1563  loss 0.12840  lr 1.57e-05
ep 111  it   550/1563  loss 0.12823  lr 1.57e-05
ep 111  it   600/1563  loss 0.12828  lr 1.57e-05
ep 111  it   650/1563  loss 0.12867  lr 1.57e-05
ep 111  it   700/1563  loss 0.12845  lr 1.56e-05
ep 111  it   750/1563  loss 0.12867  lr 1.56e-05
ep 111  it   800/1563  loss 0.12869  lr 1.56e-05
ep 111  it   850/1563  loss 0.12887  lr 1.56e-05
ep 111  it   900/1563  loss 0.12881  lr 1.55e-05
ep 111  it   950/1563  loss 0.12882  lr 1.55e-05
ep 111  it  1000/1563  loss 0.12862  lr 1.55e-05
ep 111  it  1050/1563  loss 0.12861  lr 1.55e-05
ep 111  it  1100/1563  loss 0.12857  lr 1.54e-05
ep 111  it  1150/1563  loss 0.12866  lr 1.54e-05
ep 111  it  1200/1563  loss 0.12849  lr 1.54e-05
ep 111  it  1250/1563  loss 0.12834  lr 1.54e-05
ep 111  it  1300/1563  loss 0.12846  lr 1.53e-05
ep 111  it  1350/1563  loss 0.12831  lr 1.53e-05
ep 111  it  1400/1563  loss 0.12833  lr 1.53e-05
ep 111  it  1450/1563  loss 0.12837  lr 1.53e-05
ep 111  it  1500/1563  loss 0.12836  lr 1.52e-05
ep 111  it  1550/1563  loss 0.12839  lr 1.52e-05
[epoch 111] train_loss=0.12845  val_loss=0.13520  lr=1.52e-05  time=2.7 min
ep 112  it    50/1563  loss 0.13155  lr 1.52e-05
ep 112  it   100/1563  loss 0.12987  lr 1.52e-05
ep 112  it   150/1563  loss 0.13057  lr 1.51e-05
ep 112  it   200/1563  loss 0.12944  lr 1.51e-05
ep 112  it   250/1563  loss 0.12947  lr 1.51e-05
ep 112  it   300/1563  loss 0.12877  lr 1.51e-05
ep 112  it   350/1563  loss 0.12887  lr 1.50e-05
ep 112  it   400/1563  loss 0.12812  lr 1.50e-05
ep 112  it   450/1563  loss 0.12780  lr 1.50e-05
ep 112  it   500/1563  loss 0.12794  lr 1.50e-05
ep 112  it   550/1563  loss 0.12815  lr 1.49e-05
ep 112  it   600/1563  loss 0.12828  lr 1.49e-05
ep 112  it   650/1563  loss 0.12828  lr 1.49e-05
ep 112  it   700/1563  loss 0.12815  lr 1.49e-05
ep 112  it   750/1563  loss 0.12809  lr 1.48e-05
ep 112  it   800/1563  loss 0.12798  lr 1.48e-05
ep 112  it   850/1563  loss 0.12843  lr 1.48e-05
ep 112  it   900/1563  loss 0.12856  lr 1.48e-05
ep 112  it   950/1563  loss 0.12868  lr 1.48e-05
ep 112  it  1000/1563  loss 0.12864  lr 1.47e-05
ep 112  it  1050/1563  loss 0.12851  lr 1.47e-05
ep 112  it  1100/1563  loss 0.12847  lr 1.47e-05
ep 112  it  1150/1563  loss 0.12858  lr 1.47e-05
ep 112  it  1200/1563  loss 0.12835  lr 1.46e-05
ep 112  it  1250/1563  loss 0.12817  lr 1.46e-05
ep 112  it  1300/1563  loss 0.12838  lr 1.46e-05
ep 112  it  1350/1563  loss 0.12831  lr 1.46e-05
ep 112  it  1400/1563  loss 0.12826  lr 1.45e-05
ep 112  it  1450/1563  loss 0.12815  lr 1.45e-05
ep 112  it  1500/1563  loss 0.12822  lr 1.45e-05
ep 112  it  1550/1563  loss 0.12822  lr 1.45e-05
[epoch 112] train_loss=0.12825  val_loss=0.13514  lr=1.45e-05  time=2.7 min
ep 113  it    50/1563  loss 0.12171  lr 1.44e-05
ep 113  it   100/1563  loss 0.12606  lr 1.44e-05
ep 113  it   150/1563  loss 0.12849  lr 1.44e-05
ep 113  it   200/1563  loss 0.12918  lr 1.44e-05
ep 113  it   250/1563  loss 0.12912  lr 1.43e-05
ep 113  it   300/1563  loss 0.12971  lr 1.43e-05
ep 113  it   350/1563  loss 0.12953  lr 1.43e-05
ep 113  it   400/1563  loss 0.12951  lr 1.43e-05
ep 113  it   450/1563  loss 0.12899  lr 1.42e-05
ep 113  it   500/1563  loss 0.12905  lr 1.42e-05
ep 113  it   550/1563  loss 0.12875  lr 1.42e-05
ep 113  it   600/1563  loss 0.12861  lr 1.42e-05
ep 113  it   650/1563  loss 0.12795  lr 1.42e-05
ep 113  it   700/1563  loss 0.12832  lr 1.41e-05
ep 113  it   750/1563  loss 0.12852  lr 1.41e-05
ep 113  it   800/1563  loss 0.12858  lr 1.41e-05
ep 113  it   850/1563  loss 0.12833  lr 1.41e-05
ep 113  it   900/1563  loss 0.12837  lr 1.40e-05
ep 113  it   950/1563  loss 0.12831  lr 1.40e-05
ep 113  it  1000/1563  loss 0.12842  lr 1.40e-05
ep 113  it  1050/1563  loss 0.12849  lr 1.40e-05
ep 113  it  1100/1563  loss 0.12850  lr 1.39e-05
ep 113  it  1150/1563  loss 0.12864  lr 1.39e-05
ep 113  it  1200/1563  loss 0.12864  lr 1.39e-05
ep 113  it  1250/1563  loss 0.12848  lr 1.39e-05
ep 113  it  1300/1563  loss 0.12857  lr 1.38e-05
ep 113  it  1350/1563  loss 0.12838  lr 1.38e-05
ep 113  it  1400/1563  loss 0.12849  lr 1.38e-05
ep 113  it  1450/1563  loss 0.12873  lr 1.38e-05
ep 113  it  1500/1563  loss 0.12874  lr 1.38e-05
ep 113  it  1550/1563  loss 0.12881  lr 1.37e-05
[epoch 113] train_loss=0.12888  val_loss=0.13522  lr=1.37e-05  time=2.8 min
ep 114  it    50/1563  loss 0.13107  lr 1.37e-05
ep 114  it   100/1563  loss 0.12926  lr 1.37e-05
ep 114  it   150/1563  loss 0.12885  lr 1.37e-05
ep 114  it   200/1563  loss 0.12850  lr 1.36e-05
ep 114  it   250/1563  loss 0.12872  lr 1.36e-05
ep 114  it   300/1563  loss 0.12870  lr 1.36e-05
ep 114  it   350/1563  loss 0.12947  lr 1.36e-05
ep 114  it   400/1563  loss 0.12861  lr 1.35e-05
ep 114  it   450/1563  loss 0.12831  lr 1.35e-05
ep 114  it   500/1563  loss 0.12823  lr 1.35e-05
ep 114  it   550/1563  loss 0.12864  lr 1.35e-05
ep 114  it   600/1563  loss 0.12882  lr 1.34e-05
ep 114  it   650/1563  loss 0.12879  lr 1.34e-05
ep 114  it   700/1563  loss 0.12873  lr 1.34e-05
ep 114  it   750/1563  loss 0.12860  lr 1.34e-05
ep 114  it   800/1563  loss 0.12840  lr 1.34e-05
ep 114  it   850/1563  loss 0.12830  lr 1.33e-05
ep 114  it   900/1563  loss 0.12813  lr 1.33e-05
ep 114  it   950/1563  loss 0.12802  lr 1.33e-05
ep 114  it  1000/1563  loss 0.12828  lr 1.33e-05
ep 114  it  1050/1563  loss 0.12829  lr 1.32e-05
ep 114  it  1100/1563  loss 0.12807  lr 1.32e-05
ep 114  it  1150/1563  loss 0.12812  lr 1.32e-05
ep 114  it  1200/1563  loss 0.12789  lr 1.32e-05
ep 114  it  1250/1563  loss 0.12771  lr 1.32e-05
ep 114  it  1300/1563  loss 0.12773  lr 1.31e-05
ep 114  it  1350/1563  loss 0.12771  lr 1.31e-05
ep 114  it  1400/1563  loss 0.12786  lr 1.31e-05
ep 114  it  1450/1563  loss 0.12784  lr 1.31e-05
ep 114  it  1500/1563  loss 0.12786  lr 1.30e-05
ep 114  it  1550/1563  loss 0.12783  lr 1.30e-05
[epoch 114] train_loss=0.12792  val_loss=0.13505  lr=1.30e-05  time=2.7 min
ep 115  it    50/1563  loss 0.12784  lr 1.30e-05
ep 115  it   100/1563  loss 0.12967  lr 1.30e-05
ep 115  it   150/1563  loss 0.12935  lr 1.29e-05
ep 115  it   200/1563  loss 0.12750  lr 1.29e-05
ep 115  it   250/1563  loss 0.12812  lr 1.29e-05
ep 115  it   300/1563  loss 0.12848  lr 1.29e-05
ep 115  it   350/1563  loss 0.12869  lr 1.28e-05
ep 115  it   400/1563  loss 0.12833  lr 1.28e-05
ep 115  it   450/1563  loss 0.12823  lr 1.28e-05
ep 115  it   500/1563  loss 0.12840  lr 1.28e-05
ep 115  it   550/1563  loss 0.12881  lr 1.28e-05
ep 115  it   600/1563  loss 0.12878  lr 1.27e-05
ep 115  it   650/1563  loss 0.12860  lr 1.27e-05
ep 115  it   700/1563  loss 0.12852  lr 1.27e-05
ep 115  it   750/1563  loss 0.12858  lr 1.27e-05
ep 115  it   800/1563  loss 0.12901  lr 1.26e-05
ep 115  it   850/1563  loss 0.12918  lr 1.26e-05
ep 115  it   900/1563  loss 0.12912  lr 1.26e-05
ep 115  it   950/1563  loss 0.12889  lr 1.26e-05
ep 115  it  1000/1563  loss 0.12884  lr 1.26e-05
ep 115  it  1050/1563  loss 0.12870  lr 1.25e-05
ep 115  it  1100/1563  loss 0.12868  lr 1.25e-05
ep 115  it  1150/1563  loss 0.12863  lr 1.25e-05
ep 115  it  1200/1563  loss 0.12874  lr 1.25e-05
ep 115  it  1250/1563  loss 0.12860  lr 1.24e-05
ep 115  it  1300/1563  loss 0.12851  lr 1.24e-05
ep 115  it  1350/1563  loss 0.12860  lr 1.24e-05
ep 115  it  1400/1563  loss 0.12873  lr 1.24e-05
ep 115  it  1450/1563  loss 0.12865  lr 1.24e-05
ep 115  it  1500/1563  loss 0.12863  lr 1.23e-05
ep 115  it  1550/1563  loss 0.12849  lr 1.23e-05
[epoch 115] train_loss=0.12853  val_loss=0.13504  lr=1.23e-05  time=2.7 min
ep 116  it    50/1563  loss 0.12796  lr 1.23e-05
ep 116  it   100/1563  loss 0.12725  lr 1.23e-05
ep 116  it   150/1563  loss 0.12735  lr 1.22e-05
ep 116  it   200/1563  loss 0.12811  lr 1.22e-05
ep 116  it   250/1563  loss 0.12840  lr 1.22e-05
ep 116  it   300/1563  loss 0.12858  lr 1.22e-05
ep 116  it   350/1563  loss 0.12857  lr 1.22e-05
ep 116  it   400/1563  loss 0.12848  lr 1.21e-05
ep 116  it   450/1563  loss 0.12843  lr 1.21e-05
ep 116  it   500/1563  loss 0.12868  lr 1.21e-05
ep 116  it   550/1563  loss 0.12909  lr 1.21e-05
ep 116  it   600/1563  loss 0.12878  lr 1.20e-05
ep 116  it   650/1563  loss 0.12887  lr 1.20e-05
ep 116  it   700/1563  loss 0.12872  lr 1.20e-05
ep 116  it   750/1563  loss 0.12843  lr 1.20e-05
ep 116  it   800/1563  loss 0.12861  lr 1.20e-05
ep 116  it   850/1563  loss 0.12842  lr 1.19e-05
ep 116  it   900/1563  loss 0.12810  lr 1.19e-05
ep 116  it   950/1563  loss 0.12805  lr 1.19e-05
ep 116  it  1000/1563  loss 0.12795  lr 1.19e-05
ep 116  it  1050/1563  loss 0.12794  lr 1.18e-05
ep 116  it  1100/1563  loss 0.12807  lr 1.18e-05
ep 116  it  1150/1563  loss 0.12813  lr 1.18e-05
ep 116  it  1200/1563  loss 0.12810  lr 1.18e-05
ep 116  it  1250/1563  loss 0.12799  lr 1.18e-05
ep 116  it  1300/1563  loss 0.12813  lr 1.17e-05
ep 116  it  1350/1563  loss 0.12815  lr 1.17e-05
ep 116  it  1400/1563  loss 0.12798  lr 1.17e-05
ep 116  it  1450/1563  loss 0.12812  lr 1.17e-05
ep 116  it  1500/1563  loss 0.12804  lr 1.16e-05
ep 116  it  1550/1563  loss 0.12807  lr 1.16e-05
[epoch 116] train_loss=0.12801  val_loss=0.13484  lr=1.16e-05  time=2.7 min
ep 117  it    50/1563  loss 0.12419  lr 1.16e-05
ep 117  it   100/1563  loss 0.12468  lr 1.16e-05
ep 117  it   150/1563  loss 0.12507  lr 1.16e-05
ep 117  it   200/1563  loss 0.12508  lr 1.15e-05
ep 117  it   250/1563  loss 0.12594  lr 1.15e-05
ep 117  it   300/1563  loss 0.12609  lr 1.15e-05
ep 117  it   350/1563  loss 0.12544  lr 1.15e-05
ep 117  it   400/1563  loss 0.12547  lr 1.15e-05
ep 117  it   450/1563  loss 0.12514  lr 1.14e-05
ep 117  it   500/1563  loss 0.12577  lr 1.14e-05
ep 117  it   550/1563  loss 0.12589  lr 1.14e-05
ep 117  it   600/1563  loss 0.12587  lr 1.14e-05
ep 117  it   650/1563  loss 0.12617  lr 1.13e-05
ep 117  it   700/1563  loss 0.12701  lr 1.13e-05
ep 117  it   750/1563  loss 0.12707  lr 1.13e-05
ep 117  it   800/1563  loss 0.12712  lr 1.13e-05
ep 117  it   850/1563  loss 0.12715  lr 1.13e-05
ep 117  it   900/1563  loss 0.12681  lr 1.12e-05
ep 117  it   950/1563  loss 0.12720  lr 1.12e-05
ep 117  it  1000/1563  loss 0.12710  lr 1.12e-05
ep 117  it  1050/1563  loss 0.12718  lr 1.12e-05
ep 117  it  1100/1563  loss 0.12719  lr 1.12e-05
ep 117  it  1150/1563  loss 0.12706  lr 1.11e-05
ep 117  it  1200/1563  loss 0.12710  lr 1.11e-05
ep 117  it  1250/1563  loss 0.12714  lr 1.11e-05
ep 117  it  1300/1563  loss 0.12709  lr 1.11e-05
ep 117  it  1350/1563  loss 0.12715  lr 1.10e-05
ep 117  it  1400/1563  loss 0.12716  lr 1.10e-05
ep 117  it  1450/1563  loss 0.12721  lr 1.10e-05
ep 117  it  1500/1563  loss 0.12726  lr 1.10e-05
ep 117  it  1550/1563  loss 0.12735  lr 1.10e-05
[epoch 117] train_loss=0.12733  val_loss=0.13502  lr=1.10e-05  time=2.7 min
ep 118  it    50/1563  loss 0.12352  lr 1.09e-05
ep 118  it   100/1563  loss 0.12791  lr 1.09e-05
ep 118  it   150/1563  loss 0.12765  lr 1.09e-05
ep 118  it   200/1563  loss 0.12890  lr 1.09e-05
ep 118  it   250/1563  loss 0.12879  lr 1.09e-05
ep 118  it   300/1563  loss 0.12902  lr 1.08e-05
ep 118  it   350/1563  loss 0.12915  lr 1.08e-05
ep 118  it   400/1563  loss 0.12922  lr 1.08e-05
ep 118  it   450/1563  loss 0.12870  lr 1.08e-05
ep 118  it   500/1563  loss 0.12896  lr 1.07e-05
ep 118  it   550/1563  loss 0.12853  lr 1.07e-05
ep 118  it   600/1563  loss 0.12833  lr 1.07e-05
ep 118  it   650/1563  loss 0.12794  lr 1.07e-05
ep 118  it   700/1563  loss 0.12785  lr 1.07e-05
ep 118  it   750/1563  loss 0.12835  lr 1.06e-05
ep 118  it   800/1563  loss 0.12854  lr 1.06e-05
ep 118  it   850/1563  loss 0.12841  lr 1.06e-05
ep 118  it   900/1563  loss 0.12814  lr 1.06e-05
ep 118  it   950/1563  loss 0.12784  lr 1.06e-05
ep 118  it  1000/1563  loss 0.12778  lr 1.05e-05
ep 118  it  1050/1563  loss 0.12769  lr 1.05e-05
ep 118  it  1100/1563  loss 0.12783  lr 1.05e-05
ep 118  it  1150/1563  loss 0.12791  lr 1.05e-05
ep 118  it  1200/1563  loss 0.12798  lr 1.05e-05
ep 118  it  1250/1563  loss 0.12812  lr 1.04e-05
ep 118  it  1300/1563  loss 0.12805  lr 1.04e-05
ep 118  it  1350/1563  loss 0.12788  lr 1.04e-05
ep 118  it  1400/1563  loss 0.12794  lr 1.04e-05
ep 118  it  1450/1563  loss 0.12808  lr 1.04e-05
ep 118  it  1500/1563  loss 0.12821  lr 1.03e-05
ep 118  it  1550/1563  loss 0.12829  lr 1.03e-05
[epoch 118] train_loss=0.12827  val_loss=0.13468  lr=1.03e-05  time=2.7 min
ep 119  it    50/1563  loss 0.13055  lr 1.03e-05
ep 119  it   100/1563  loss 0.12873  lr 1.03e-05
ep 119  it   150/1563  loss 0.12911  lr 1.02e-05
ep 119  it   200/1563  loss 0.12984  lr 1.02e-05
ep 119  it   250/1563  loss 0.12902  lr 1.02e-05
ep 119  it   300/1563  loss 0.12837  lr 1.02e-05
ep 119  it   350/1563  loss 0.12838  lr 1.02e-05
ep 119  it   400/1563  loss 0.12811  lr 1.01e-05
ep 119  it   450/1563  loss 0.12829  lr 1.01e-05
ep 119  it   500/1563  loss 0.12808  lr 1.01e-05
ep 119  it   550/1563  loss 0.12757  lr 1.01e-05
ep 119  it   600/1563  loss 0.12754  lr 1.01e-05
ep 119  it   650/1563  loss 0.12761  lr 1.00e-05
ep 119  it   700/1563  loss 0.12753  lr 1.00e-05
ep 119  it   750/1563  loss 0.12784  lr 1.00e-05
ep 119  it   800/1563  loss 0.12801  lr 9.98e-06
ep 119  it   850/1563  loss 0.12813  lr 9.96e-06
ep 119  it   900/1563  loss 0.12796  lr 9.94e-06
ep 119  it   950/1563  loss 0.12793  lr 9.92e-06
ep 119  it  1000/1563  loss 0.12766  lr 9.90e-06
ep 119  it  1050/1563  loss 0.12795  lr 9.88e-06
ep 119  it  1100/1563  loss 0.12792  lr 9.86e-06
ep 119  it  1150/1563  loss 0.12800  lr 9.84e-06
ep 119  it  1200/1563  loss 0.12792  lr 9.82e-06
ep 119  it  1250/1563  loss 0.12776  lr 9.80e-06
ep 119  it  1300/1563  loss 0.12784  lr 9.78e-06
ep 119  it  1350/1563  loss 0.12792  lr 9.76e-06
ep 119  it  1400/1563  loss 0.12789  lr 9.74e-06
ep 119  it  1450/1563  loss 0.12776  lr 9.72e-06
ep 119  it  1500/1563  loss 0.12784  lr 9.70e-06
ep 119  it  1550/1563  loss 0.12789  lr 9.68e-06
[sample] wrote /scratch/maths/btech/mt1230785/col775_a2_hpc/col775_a2/samples/ldm_train/ldm_ep119.png (100 steps, guidance=4.0)
[epoch 119] train_loss=0.12791  val_loss=0.13477  lr=9.67e-06  time=2.8 min
ep 120  it    50/1563  loss 0.12396  lr 9.65e-06
ep 120  it   100/1563  loss 0.12796  lr 9.63e-06
ep 120  it   150/1563  loss 0.12896  lr 9.61e-06
ep 120  it   200/1563  loss 0.12960  lr 9.59e-06
ep 120  it   250/1563  loss 0.12944  lr 9.57e-06
ep 120  it   300/1563  loss 0.12924  lr 9.55e-06
ep 120  it   350/1563  loss 0.12915  lr 9.53e-06
ep 120  it   400/1563  loss 0.12845  lr 9.51e-06
ep 120  it   450/1563  loss 0.12817  lr 9.49e-06
ep 120  it   500/1563  loss 0.12822  lr 9.47e-06
ep 120  it   550/1563  loss 0.12804  lr 9.46e-06
ep 120  it   600/1563  loss 0.12798  lr 9.44e-06
ep 120  it   650/1563  loss 0.12788  lr 9.42e-06
ep 120  it   700/1563  loss 0.12821  lr 9.40e-06
ep 120  it   750/1563  loss 0.12790  lr 9.38e-06
ep 120  it   800/1563  loss 0.12774  lr 9.36e-06
ep 120  it   850/1563  loss 0.12782  lr 9.34e-06
ep 120  it   900/1563  loss 0.12789  lr 9.32e-06
ep 120  it   950/1563  loss 0.12775  lr 9.30e-06
ep 120  it  1000/1563  loss 0.12771  lr 9.28e-06
ep 120  it  1050/1563  loss 0.12755  lr 9.26e-06
ep 120  it  1100/1563  loss 0.12750  lr 9.24e-06
ep 120  it  1150/1563  loss 0.12742  lr 9.22e-06
ep 120  it  1200/1563  loss 0.12751  lr 9.20e-06
ep 120  it  1250/1563  loss 0.12749  lr 9.18e-06
ep 120  it  1300/1563  loss 0.12749  lr 9.16e-06
ep 120  it  1350/1563  loss 0.12751  lr 9.14e-06
ep 120  it  1400/1563  loss 0.12742  lr 9.12e-06
ep 120  it  1450/1563  loss 0.12738  lr 9.10e-06
ep 120  it  1500/1563  loss 0.12726  lr 9.08e-06
ep 120  it  1550/1563  loss 0.12721  lr 9.06e-06
[epoch 120] train_loss=0.12725  val_loss=0.13467  lr=9.06e-06  time=2.7 min
ep 121  it    50/1563  loss 0.12690  lr 9.04e-06
ep 121  it   100/1563  loss 0.12706  lr 9.02e-06
ep 121  it   150/1563  loss 0.12752  lr 9.00e-06
ep 121  it   200/1563  loss 0.12863  lr 8.98e-06
ep 121  it   250/1563  loss 0.12831  lr 8.96e-06
ep 121  it   300/1563  loss 0.12807  lr 8.94e-06
ep 121  it   350/1563  loss 0.12814  lr 8.92e-06
ep 121  it   400/1563  loss 0.12789  lr 8.90e-06
ep 121  it   450/1563  loss 0.12817  lr 8.89e-06
ep 121  it   500/1563  loss 0.12848  lr 8.87e-06
ep 121  it   550/1563  loss 0.12815  lr 8.85e-06
ep 121  it   600/1563  loss 0.12855  lr 8.83e-06
ep 121  it   650/1563  loss 0.12820  lr 8.81e-06
ep 121  it   700/1563  loss 0.12791  lr 8.79e-06
ep 121  it   750/1563  loss 0.12788  lr 8.77e-06
ep 121  it   800/1563  loss 0.12780  lr 8.75e-06
ep 121  it   850/1563  loss 0.12814  lr 8.73e-06
ep 121  it   900/1563  loss 0.12787  lr 8.71e-06
ep 121  it   950/1563  loss 0.12790  lr 8.69e-06
ep 121  it  1000/1563  loss 0.12789  lr 8.68e-06
ep 121  it  1050/1563  loss 0.12803  lr 8.66e-06
ep 121  it  1100/1563  loss 0.12793  lr 8.64e-06
ep 121  it  1150/1563  loss 0.12786  lr 8.62e-06
ep 121  it  1200/1563  loss 0.12791  lr 8.60e-06
ep 121  it  1250/1563  loss 0.12801  lr 8.58e-06
ep 121  it  1300/1563  loss 0.12802  lr 8.56e-06
ep 121  it  1350/1563  loss 0.12803  lr 8.54e-06
ep 121  it  1400/1563  loss 0.12780  lr 8.52e-06
ep 121  it  1450/1563  loss 0.12767  lr 8.51e-06
ep 121  it  1500/1563  loss 0.12769  lr 8.49e-06
ep 121  it  1550/1563  loss 0.12765  lr 8.47e-06
[epoch 121] train_loss=0.12767  val_loss=0.13457  lr=8.46e-06  time=2.7 min
ep 122  it    50/1563  loss 0.12777  lr 8.44e-06
ep 122  it   100/1563  loss 0.12643  lr 8.43e-06
ep 122  it   150/1563  loss 0.12893  lr 8.41e-06
ep 122  it   200/1563  loss 0.12745  lr 8.39e-06
ep 122  it   250/1563  loss 0.12801  lr 8.37e-06
ep 122  it   300/1563  loss 0.12837  lr 8.35e-06
ep 122  it   350/1563  loss 0.12841  lr 8.33e-06
ep 122  it   400/1563  loss 0.12852  lr 8.31e-06
ep 122  it   450/1563  loss 0.12818  lr 8.29e-06
ep 122  it   500/1563  loss 0.12814  lr 8.28e-06
ep 122  it   550/1563  loss 0.12806  lr 8.26e-06
ep 122  it   600/1563  loss 0.12763  lr 8.24e-06
ep 122  it   650/1563  loss 0.12739  lr 8.22e-06
ep 122  it   700/1563  loss 0.12741  lr 8.20e-06
ep 122  it   750/1563  loss 0.12732  lr 8.18e-06
ep 122  it   800/1563  loss 0.12736  lr 8.17e-06
ep 122  it   850/1563  loss 0.12732  lr 8.15e-06
ep 122  it   900/1563  loss 0.12737  lr 8.13e-06
ep 122  it   950/1563  loss 0.12726  lr 8.11e-06
ep 122  it  1000/1563  loss 0.12715  lr 8.09e-06
ep 122  it  1050/1563  loss 0.12714  lr 8.07e-06
ep 122  it  1100/1563  loss 0.12695  lr 8.05e-06
ep 122  it  1150/1563  loss 0.12681  lr 8.04e-06
ep 122  it  1200/1563  loss 0.12697  lr 8.02e-06
ep 122  it  1250/1563  loss 0.12698  lr 8.00e-06
ep 122  it  1300/1563  loss 0.12709  lr 7.98e-06
ep 122  it  1350/1563  loss 0.12707  lr 7.96e-06
ep 122  it  1400/1563  loss 0.12709  lr 7.94e-06
ep 122  it  1450/1563  loss 0.12716  lr 7.93e-06
ep 122  it  1500/1563  loss 0.12703  lr 7.91e-06
ep 122  it  1550/1563  loss 0.12695  lr 7.89e-06
[epoch 122] train_loss=0.12704  val_loss=0.13450  lr=7.89e-06  time=2.8 min
ep 123  it    50/1563  loss 0.12702  lr 7.87e-06
ep 123  it   100/1563  loss 0.12608  lr 7.85e-06
ep 123  it   150/1563  loss 0.12724  lr 7.83e-06
ep 123  it   200/1563  loss 0.12635  lr 7.81e-06
ep 123  it   250/1563  loss 0.12628  lr 7.79e-06
ep 123  it   300/1563  loss 0.12650  lr 7.78e-06
ep 123  it   350/1563  loss 0.12772  lr 7.76e-06
ep 123  it   400/1563  loss 0.12765  lr 7.74e-06
ep 123  it   450/1563  loss 0.12801  lr 7.72e-06
ep 123  it   500/1563  loss 0.12777  lr 7.70e-06
ep 123  it   550/1563  loss 0.12749  lr 7.69e-06
ep 123  it   600/1563  loss 0.12785  lr 7.67e-06
ep 123  it   650/1563  loss 0.12792  lr 7.65e-06
ep 123  it   700/1563  loss 0.12815  lr 7.63e-06
ep 123  it   750/1563  loss 0.12816  lr 7.62e-06
ep 123  it   800/1563  loss 0.12822  lr 7.60e-06
ep 123  it   850/1563  loss 0.12822  lr 7.58e-06
ep 123  it   900/1563  loss 0.12807  lr 7.56e-06
ep 123  it   950/1563  loss 0.12811  lr 7.54e-06
ep 123  it  1000/1563  loss 0.12787  lr 7.53e-06
ep 123  it  1050/1563  loss 0.12771  lr 7.51e-06
ep 123  it  1100/1563  loss 0.12762  lr 7.49e-06
ep 123  it  1150/1563  loss 0.12780  lr 7.47e-06
ep 123  it  1200/1563  loss 0.12745  lr 7.45e-06
ep 123  it  1250/1563  loss 0.12748  lr 7.44e-06
ep 123  it  1300/1563  loss 0.12739  lr 7.42e-06
ep 123  it  1350/1563  loss 0.12743  lr 7.40e-06
ep 123  it  1400/1563  loss 0.12760  lr 7.38e-06
ep 123  it  1450/1563  loss 0.12761  lr 7.37e-06
ep 123  it  1500/1563  loss 0.12763  lr 7.35e-06
ep 123  it  1550/1563  loss 0.12745  lr 7.33e-06
[epoch 123] train_loss=0.12753  val_loss=0.13450  lr=7.33e-06  time=2.7 min
ep 124  it    50/1563  loss 0.13111  lr 7.31e-06
ep 124  it   100/1563  loss 0.12688  lr 7.29e-06
ep 124  it   150/1563  loss 0.12554  lr 7.27e-06
ep 124  it   200/1563  loss 0.12621  lr 7.26e-06
ep 124  it   250/1563  loss 0.12690  lr 7.24e-06
ep 124  it   300/1563  loss 0.12735  lr 7.22e-06
ep 124  it   350/1563  loss 0.12754  lr 7.20e-06
ep 124  it   400/1563  loss 0.12778  lr 7.19e-06
ep 124  it   450/1563  loss 0.12743  lr 7.17e-06
ep 124  it   500/1563  loss 0.12735  lr 7.15e-06
ep 124  it   550/1563  loss 0.12741  lr 7.13e-06
ep 124  it   600/1563  loss 0.12707  lr 7.12e-06
ep 124  it   650/1563  loss 0.12731  lr 7.10e-06
ep 124  it   700/1563  loss 0.12729  lr 7.08e-06
ep 124  it   750/1563  loss 0.12742  lr 7.07e-06
ep 124  it   800/1563  loss 0.12766  lr 7.05e-06
ep 124  it   850/1563  loss 0.12789  lr 7.03e-06
ep 124  it   900/1563  loss 0.12827  lr 7.01e-06
ep 124  it   950/1563  loss 0.12853  lr 7.00e-06
ep 124  it  1000/1563  loss 0.12827  lr 6.98e-06
ep 124  it  1050/1563  loss 0.12818  lr 6.96e-06
ep 124  it  1100/1563  loss 0.12793  lr 6.94e-06
ep 124  it  1150/1563  loss 0.12815  lr 6.93e-06
ep 124  it  1200/1563  loss 0.12800  lr 6.91e-06
ep 124  it  1250/1563  loss 0.12799  lr 6.89e-06
ep 124  it  1300/1563  loss 0.12801  lr 6.88e-06
ep 124  it  1350/1563  loss 0.12800  lr 6.86e-06
ep 124  it  1400/1563  loss 0.12816  lr 6.84e-06
ep 124  it  1450/1563  loss 0.12809  lr 6.83e-06
ep 124  it  1500/1563  loss 0.12790  lr 6.81e-06
ep 124  it  1550/1563  loss 0.12787  lr 6.79e-06
[epoch 124] train_loss=0.12788  val_loss=0.13445  lr=6.79e-06  time=2.7 min
ep 125  it    50/1563  loss 0.13196  lr 6.77e-06
ep 125  it   100/1563  loss 0.12968  lr 6.75e-06
ep 125  it   150/1563  loss 0.13073  lr 6.74e-06
ep 125  it   200/1563  loss 0.12953  lr 6.72e-06
ep 125  it   250/1563  loss 0.12939  lr 6.70e-06
ep 125  it   300/1563  loss 0.12886  lr 6.69e-06
ep 125  it   350/1563  loss 0.12847  lr 6.67e-06
ep 125  it   400/1563  loss 0.12868  lr 6.65e-06
ep 125  it   450/1563  loss 0.12850  lr 6.63e-06
ep 125  it   500/1563  loss 0.12877  lr 6.62e-06
ep 125  it   550/1563  loss 0.12882  lr 6.60e-06
ep 125  it   600/1563  loss 0.12874  lr 6.58e-06
ep 125  it   650/1563  loss 0.12885  lr 6.57e-06
ep 125  it   700/1563  loss 0.12854  lr 6.55e-06
ep 125  it   750/1563  loss 0.12844  lr 6.53e-06
ep 125  it   800/1563  loss 0.12839  lr 6.52e-06
ep 125  it   850/1563  loss 0.12830  lr 6.50e-06
ep 125  it   900/1563  loss 0.12830  lr 6.48e-06
ep 125  it   950/1563  loss 0.12832  lr 6.47e-06
ep 125  it  1000/1563  loss 0.12838  lr 6.45e-06
ep 125  it  1050/1563  loss 0.12830  lr 6.43e-06
ep 125  it  1100/1563  loss 0.12828  lr 6.42e-06
ep 125  it  1150/1563  loss 0.12836  lr 6.40e-06
ep 125  it  1200/1563  loss 0.12821  lr 6.39e-06
ep 125  it  1250/1563  loss 0.12834  lr 6.37e-06
ep 125  it  1300/1563  loss 0.12832  lr 6.35e-06
ep 125  it  1350/1563  loss 0.12825  lr 6.34e-06
ep 125  it  1400/1563  loss 0.12835  lr 6.32e-06
ep 125  it  1450/1563  loss 0.12820  lr 6.30e-06
ep 125  it  1500/1563  loss 0.12842  lr 6.29e-06
ep 125  it  1550/1563  loss 0.12855  lr 6.27e-06
[epoch 125] train_loss=0.12860  val_loss=0.13436  lr=6.27e-06  time=2.7 min
ep 126  it    50/1563  loss 0.13211  lr 6.25e-06
ep 126  it   100/1563  loss 0.12822  lr 6.23e-06
ep 126  it   150/1563  loss 0.12828  lr 6.22e-06
ep 126  it   200/1563  loss 0.12771  lr 6.20e-06
ep 126  it   250/1563  loss 0.12790  lr 6.18e-06
ep 126  it   300/1563  loss 0.12822  lr 6.17e-06
ep 126  it   350/1563  loss 0.12769  lr 6.15e-06
ep 126  it   400/1563  loss 0.12749  lr 6.14e-06
ep 126  it   450/1563  loss 0.12699  lr 6.12e-06
ep 126  it   500/1563  loss 0.12698  lr 6.10e-06
ep 126  it   550/1563  loss 0.12689  lr 6.09e-06
ep 126  it   600/1563  loss 0.12673  lr 6.07e-06
ep 126  it   650/1563  loss 0.12699  lr 6.06e-06
ep 126  it   700/1563  loss 0.12702  lr 6.04e-06
ep 126  it   750/1563  loss 0.12718  lr 6.02e-06
ep 126  it   800/1563  loss 0.12717  lr 6.01e-06
ep 126  it   850/1563  loss 0.12745  lr 5.99e-06
ep 126  it   900/1563  loss 0.12754  lr 5.98e-06
ep 126  it   950/1563  loss 0.12750  lr 5.96e-06
ep 126  it  1000/1563  loss 0.12782  lr 5.94e-06
ep 126  it  1050/1563  loss 0.12785  lr 5.93e-06
ep 126  it  1100/1563  loss 0.12788  lr 5.91e-06
ep 126  it  1150/1563  loss 0.12776  lr 5.90e-06
ep 126  it  1200/1563  loss 0.12784  lr 5.88e-06
ep 126  it  1250/1563  loss 0.12776  lr 5.86e-06
ep 126  it  1300/1563  loss 0.12783  lr 5.85e-06
ep 126  it  1350/1563  loss 0.12770  lr 5.83e-06
ep 126  it  1400/1563  loss 0.12771  lr 5.82e-06
ep 126  it  1450/1563  loss 0.12756  lr 5.80e-06
ep 126  it  1500/1563  loss 0.12754  lr 5.78e-06
ep 126  it  1550/1563  loss 0.12759  lr 5.77e-06
[epoch 126] train_loss=0.12755  val_loss=0.13436  lr=5.76e-06  time=2.7 min
ep 127  it    50/1563  loss 0.12646  lr 5.75e-06
ep 127  it   100/1563  loss 0.12873  lr 5.73e-06
ep 127  it   150/1563  loss 0.12874  lr 5.72e-06
ep 127  it   200/1563  loss 0.12827  lr 5.70e-06
ep 127  it   250/1563  loss 0.12906  lr 5.69e-06
ep 127  it   300/1563  loss 0.12825  lr 5.67e-06
ep 127  it   350/1563  loss 0.12852  lr 5.66e-06
ep 127  it   400/1563  loss 0.12795  lr 5.64e-06
ep 127  it   450/1563  loss 0.12791  lr 5.62e-06
ep 127  it   500/1563  loss 0.12817  lr 5.61e-06
ep 127  it   550/1563  loss 0.12766  lr 5.59e-06
ep 127  it   600/1563  loss 0.12732  lr 5.58e-06
ep 127  it   650/1563  loss 0.12733  lr 5.56e-06
ep 127  it   700/1563  loss 0.12705  lr 5.55e-06
ep 127  it   750/1563  loss 0.12696  lr 5.53e-06
ep 127  it   800/1563  loss 0.12710  lr 5.52e-06
ep 127  it   850/1563  loss 0.12732  lr 5.50e-06
ep 127  it   900/1563  loss 0.12735  lr 5.49e-06
ep 127  it   950/1563  loss 0.12750  lr 5.47e-06
ep 127  it  1000/1563  loss 0.12772  lr 5.45e-06
ep 127  it  1050/1563  loss 0.12760  lr 5.44e-06
ep 127  it  1100/1563  loss 0.12762  lr 5.42e-06
ep 127  it  1150/1563  loss 0.12769  lr 5.41e-06
ep 127  it  1200/1563  loss 0.12765  lr 5.39e-06
ep 127  it  1250/1563  loss 0.12755  lr 5.38e-06
ep 127  it  1300/1563  loss 0.12768  lr 5.36e-06
ep 127  it  1350/1563  loss 0.12783  lr 5.35e-06
ep 127  it  1400/1563  loss 0.12757  lr 5.33e-06
ep 127  it  1450/1563  loss 0.12755  lr 5.32e-06
ep 127  it  1500/1563  loss 0.12754  lr 5.30e-06
ep 127  it  1550/1563  loss 0.12751  lr 5.29e-06
[epoch 127] train_loss=0.12752  val_loss=0.13441  lr=5.28e-06  time=2.9 min
ep 128  it    50/1563  loss 0.12968  lr 5.27e-06
ep 128  it   100/1563  loss 0.12786  lr 5.25e-06
ep 128  it   150/1563  loss 0.12645  lr 5.24e-06
ep 128  it   200/1563  loss 0.12616  lr 5.22e-06
ep 128  it   250/1563  loss 0.12649  lr 5.21e-06
ep 128  it   300/1563  loss 0.12720  lr 5.19e-06
ep 128  it   350/1563  loss 0.12732  lr 5.18e-06
ep 128  it   400/1563  loss 0.12717  lr 5.16e-06
ep 128  it   450/1563  loss 0.12746  lr 5.15e-06
ep 128  it   500/1563  loss 0.12760  lr 5.13e-06
ep 128  it   550/1563  loss 0.12734  lr 5.12e-06
ep 128  it   600/1563  loss 0.12780  lr 5.10e-06
ep 128  it   650/1563  loss 0.12820  lr 5.09e-06
ep 128  it   700/1563  loss 0.12828  lr 5.07e-06
ep 128  it   750/1563  loss 0.12859  lr 5.06e-06
ep 128  it   800/1563  loss 0.12866  lr 5.04e-06
ep 128  it   850/1563  loss 0.12849  lr 5.03e-06
ep 128  it   900/1563  loss 0.12860  lr 5.02e-06
ep 128  it   950/1563  loss 0.12884  lr 5.00e-06
ep 128  it  1000/1563  loss 0.12884  lr 4.99e-06
ep 128  it  1050/1563  loss 0.12876  lr 4.97e-06
ep 128  it  1100/1563  loss 0.12864  lr 4.96e-06
ep 128  it  1150/1563  loss 0.12851  lr 4.94e-06
ep 128  it  1200/1563  loss 0.12835  lr 4.93e-06
ep 128  it  1250/1563  loss 0.12849  lr 4.91e-06
ep 128  it  1300/1563  loss 0.12845  lr 4.90e-06
ep 128  it  1350/1563  loss 0.12844  lr 4.88e-06
ep 128  it  1400/1563  loss 0.12840  lr 4.87e-06
ep 128  it  1450/1563  loss 0.12832  lr 4.85e-06
ep 128  it  1500/1563  loss 0.12831  lr 4.84e-06
ep 128  it  1550/1563  loss 0.12806  lr 4.83e-06
[epoch 128] train_loss=0.12806  val_loss=0.13432  lr=4.82e-06  time=2.7 min
ep 129  it    50/1563  loss 0.12901  lr 4.81e-06
ep 129  it   100/1563  loss 0.12799  lr 4.79e-06
ep 129  it   150/1563  loss 0.12743  lr 4.78e-06
ep 129  it   200/1563  loss 0.12753  lr 4.76e-06
ep 129  it   250/1563  loss 0.12682  lr 4.75e-06
ep 129  it   300/1563  loss 0.12655  lr 4.74e-06
ep 129  it   350/1563  loss 0.12623  lr 4.72e-06
ep 129  it   400/1563  loss 0.12611  lr 4.71e-06
ep 129  it   450/1563  loss 0.12624  lr 4.69e-06
ep 129  it   500/1563  loss 0.12638  lr 4.68e-06
ep 129  it   550/1563  loss 0.12678  lr 4.66e-06
ep 129  it   600/1563  loss 0.12708  lr 4.65e-06
ep 129  it   650/1563  loss 0.12690  lr 4.64e-06
ep 129  it   700/1563  loss 0.12672  lr 4.62e-06
ep 129  it   750/1563  loss 0.12660  lr 4.61e-06
ep 129  it   800/1563  loss 0.12668  lr 4.59e-06
ep 129  it   850/1563  loss 0.12675  lr 4.58e-06
ep 129  it   900/1563  loss 0.12691  lr 4.56e-06
ep 129  it   950/1563  loss 0.12684  lr 4.55e-06
ep 129  it  1000/1563  loss 0.12689  lr 4.54e-06
ep 129  it  1050/1563  loss 0.12679  lr 4.52e-06
ep 129  it  1100/1563  loss 0.12641  lr 4.51e-06
ep 129  it  1150/1563  loss 0.12641  lr 4.49e-06
ep 129  it  1200/1563  loss 0.12620  lr 4.48e-06
ep 129  it  1250/1563  loss 0.12632  lr 4.47e-06
ep 129  it  1300/1563  loss 0.12626  lr 4.45e-06
ep 129  it  1350/1563  loss 0.12627  lr 4.44e-06
ep 129  it  1400/1563  loss 0.12637  lr 4.43e-06
ep 129  it  1450/1563  loss 0.12632  lr 4.41e-06
ep 129  it  1500/1563  loss 0.12635  lr 4.40e-06
ep 129  it  1550/1563  loss 0.12638  lr 4.38e-06
[sample] wrote /scratch/maths/btech/mt1230785/col775_a2_hpc/col775_a2/samples/ldm_train/ldm_ep129.png (100 steps, guidance=4.0)
[epoch 129] train_loss=0.12635  val_loss=0.13431  lr=4.38e-06  time=2.8 min
ep 130  it    50/1563  loss 0.12444  lr 4.37e-06
ep 130  it   100/1563  loss 0.12457  lr 4.35e-06
ep 130  it   150/1563  loss 0.12471  lr 4.34e-06
ep 130  it   200/1563  loss 0.12536  lr 4.33e-06
ep 130  it   250/1563  loss 0.12526  lr 4.31e-06
ep 130  it   300/1563  loss 0.12567  lr 4.30e-06
ep 130  it   350/1563  loss 0.12633  lr 4.28e-06
ep 130  it   400/1563  loss 0.12684  lr 4.27e-06
ep 130  it   450/1563  loss 0.12739  lr 4.26e-06
ep 130  it   500/1563  loss 0.12704  lr 4.24e-06
ep 130  it   550/1563  loss 0.12684  lr 4.23e-06
ep 130  it   600/1563  loss 0.12706  lr 4.22e-06
ep 130  it   650/1563  loss 0.12729  lr 4.20e-06
ep 130  it   700/1563  loss 0.12728  lr 4.19e-06
ep 130  it   750/1563  loss 0.12732  lr 4.18e-06
ep 130  it   800/1563  loss 0.12757  lr 4.16e-06
ep 130  it   850/1563  loss 0.12756  lr 4.15e-06
ep 130  it   900/1563  loss 0.12753  lr 4.13e-06
ep 130  it   950/1563  loss 0.12735  lr 4.12e-06
ep 130  it  1000/1563  loss 0.12770  lr 4.11e-06
ep 130  it  1050/1563  loss 0.12759  lr 4.09e-06
ep 130  it  1100/1563  loss 0.12790  lr 4.08e-06
ep 130  it  1150/1563  loss 0.12803  lr 4.07e-06
ep 130  it  1200/1563  loss 0.12806  lr 4.05e-06
ep 130  it  1250/1563  loss 0.12797  lr 4.04e-06
ep 130  it  1300/1563  loss 0.12800  lr 4.03e-06
ep 130  it  1350/1563  loss 0.12787  lr 4.01e-06
ep 130  it  1400/1563  loss 0.12781  lr 4.00e-06
ep 130  it  1450/1563  loss 0.12779  lr 3.99e-06
ep 130  it  1500/1563  loss 0.12788  lr 3.98e-06
ep 130  it  1550/1563  loss 0.12781  lr 3.96e-06
[epoch 130] train_loss=0.12787  val_loss=0.13430  lr=3.96e-06  time=2.7 min
ep 131  it    50/1563  loss 0.12866  lr 3.95e-06
ep 131  it   100/1563  loss 0.12589  lr 3.93e-06
ep 131  it   150/1563  loss 0.12674  lr 3.92e-06
ep 131  it   200/1563  loss 0.12769  lr 3.91e-06
ep 131  it   250/1563  loss 0.12774  lr 3.89e-06
ep 131  it   300/1563  loss 0.12769  lr 3.88e-06
ep 131  it   350/1563  loss 0.12766  lr 3.87e-06
ep 131  it   400/1563  loss 0.12762  lr 3.85e-06
ep 131  it   450/1563  loss 0.12767  lr 3.84e-06
ep 131  it   500/1563  loss 0.12722  lr 3.83e-06
ep 131  it   550/1563  loss 0.12716  lr 3.82e-06
ep 131  it   600/1563  loss 0.12731  lr 3.80e-06
ep 131  it   650/1563  loss 0.12753  lr 3.79e-06
ep 131  it   700/1563  loss 0.12724  lr 3.78e-06
ep 131  it   750/1563  loss 0.12752  lr 3.76e-06
ep 131  it   800/1563  loss 0.12732  lr 3.75e-06
ep 131  it   850/1563  loss 0.12702  lr 3.74e-06
ep 131  it   900/1563  loss 0.12700  lr 3.73e-06
ep 131  it   950/1563  loss 0.12671  lr 3.71e-06
ep 131  it  1000/1563  loss 0.12692  lr 3.70e-06
ep 131  it  1050/1563  loss 0.12704  lr 3.69e-06
ep 131  it  1100/1563  loss 0.12706  lr 3.67e-06
ep 131  it  1150/1563  loss 0.12724  lr 3.66e-06
ep 131  it  1200/1563  loss 0.12728  lr 3.65e-06
ep 131  it  1250/1563  loss 0.12740  lr 3.64e-06
ep 131  it  1300/1563  loss 0.12737  lr 3.62e-06
ep 131  it  1350/1563  loss 0.12754  lr 3.61e-06
ep 131  it  1400/1563  loss 0.12759  lr 3.60e-06
ep 131  it  1450/1563  loss 0.12753  lr 3.59e-06
ep 131  it  1500/1563  loss 0.12761  lr 3.57e-06
ep 131  it  1550/1563  loss 0.12766  lr 3.56e-06
[epoch 131] train_loss=0.12764  val_loss=0.13420  lr=3.56e-06  time=2.7 min
ep 132  it    50/1563  loss 0.12679  lr 3.55e-06
ep 132  it   100/1563  loss 0.12614  lr 3.53e-06
ep 132  it   150/1563  loss 0.12721  lr 3.52e-06
ep 132  it   200/1563  loss 0.12540  lr 3.51e-06
ep 132  it   250/1563  loss 0.12612  lr 3.50e-06
ep 132  it   300/1563  loss 0.12613  lr 3.48e-06
ep 132  it   350/1563  loss 0.12629  lr 3.47e-06
ep 132  it   400/1563  loss 0.12647  lr 3.46e-06
ep 132  it   450/1563  loss 0.12672  lr 3.45e-06
ep 132  it   500/1563  loss 0.12692  lr 3.43e-06
ep 132  it   550/1563  loss 0.12701  lr 3.42e-06
ep 132  it   600/1563  loss 0.12708  lr 3.41e-06
ep 132  it   650/1563  loss 0.12710  lr 3.40e-06
ep 132  it   700/1563  loss 0.12739  lr 3.39e-06
ep 132  it   750/1563  loss 0.12761  lr 3.37e-06
ep 132  it   800/1563  loss 0.12774  lr 3.36e-06
ep 132  it   850/1563  loss 0.12759  lr 3.35e-06
ep 132  it   900/1563  loss 0.12745  lr 3.34e-06
ep 132  it   950/1563  loss 0.12730  lr 3.32e-06
ep 132  it  1000/1563  loss 0.12723  lr 3.31e-06
ep 132  it  1050/1563  loss 0.12717  lr 3.30e-06
ep 132  it  1100/1563  loss 0.12740  lr 3.29e-06
ep 132  it  1150/1563  loss 0.12733  lr 3.28e-06
ep 132  it  1200/1563  loss 0.12736  lr 3.26e-06
ep 132  it  1250/1563  loss 0.12740  lr 3.25e-06
ep 132  it  1300/1563  loss 0.12728  lr 3.24e-06
ep 132  it  1350/1563  loss 0.12748  lr 3.23e-06
ep 132  it  1400/1563  loss 0.12742  lr 3.22e-06
ep 132  it  1450/1563  loss 0.12743  lr 3.20e-06
ep 132  it  1500/1563  loss 0.12747  lr 3.19e-06
ep 132  it  1550/1563  loss 0.12767  lr 3.18e-06
[epoch 132] train_loss=0.12762  val_loss=0.13423  lr=3.18e-06  time=2.7 min
ep 133  it    50/1563  loss 0.12507  lr 3.17e-06
ep 133  it   100/1563  loss 0.12418  lr 3.15e-06
ep 133  it   150/1563  loss 0.12641  lr 3.14e-06
ep 133  it   200/1563  loss 0.12703  lr 3.13e-06
ep 133  it   250/1563  loss 0.12728  lr 3.12e-06
ep 133  it   300/1563  loss 0.12696  lr 3.11e-06
ep 133  it   350/1563  loss 0.12609  lr 3.10e-06
ep 133  it   400/1563  loss 0.12617  lr 3.08e-06
ep 133  it   450/1563  loss 0.12616  lr 3.07e-06
ep 133  it   500/1563  loss 0.12647  lr 3.06e-06
ep 133  it   550/1563  loss 0.12671  lr 3.05e-06
ep 133  it   600/1563  loss 0.12669  lr 3.04e-06
ep 133  it   650/1563  loss 0.12679  lr 3.03e-06
ep 133  it   700/1563  loss 0.12659  lr 3.01e-06
ep 133  it   750/1563  loss 0.12651  lr 3.00e-06
ep 133  it   800/1563  loss 0.12652  lr 2.99e-06
ep 133  it   850/1563  loss 0.12655  lr 2.98e-06
ep 133  it   900/1563  loss 0.12639  lr 2.97e-06
ep 133  it   950/1563  loss 0.12639  lr 2.96e-06
ep 133  it  1000/1563  loss 0.12626  lr 2.95e-06
ep 133  it  1050/1563  loss 0.12622  lr 2.93e-06
ep 133  it  1100/1563  loss 0.12640  lr 2.92e-06
ep 133  it  1150/1563  loss 0.12648  lr 2.91e-06
ep 133  it  1200/1563  loss 0.12644  lr 2.90e-06
ep 133  it  1250/1563  loss 0.12656  lr 2.89e-06
ep 133  it  1300/1563  loss 0.12667  lr 2.88e-06
ep 133  it  1350/1563  loss 0.12663  lr 2.87e-06
ep 133  it  1400/1563  loss 0.12665  lr 2.85e-06
ep 133  it  1450/1563  loss 0.12672  lr 2.84e-06
ep 133  it  1500/1563  loss 0.12661  lr 2.83e-06
ep 133  it  1550/1563  loss 0.12646  lr 2.82e-06
[epoch 133] train_loss=0.12643  val_loss=0.13416  lr=2.82e-06  time=2.7 min
ep 134  it    50/1563  loss 0.12732  lr 2.81e-06
ep 134  it   100/1563  loss 0.12746  lr 2.80e-06
ep 134  it   150/1563  loss 0.12679  lr 2.78e-06
ep 134  it   200/1563  loss 0.12552  lr 2.77e-06
ep 134  it   250/1563  loss 0.12721  lr 2.76e-06
ep 134  it   300/1563  loss 0.12688  lr 2.75e-06
ep 134  it   350/1563  loss 0.12714  lr 2.74e-06
ep 134  it   400/1563  loss 0.12723  lr 2.73e-06
ep 134  it   450/1563  loss 0.12762  lr 2.72e-06
ep 134  it   500/1563  loss 0.12720  lr 2.71e-06
ep 134  it   550/1563  loss 0.12729  lr 2.70e-06
ep 134  it   600/1563  loss 0.12731  lr 2.69e-06
ep 134  it   650/1563  loss 0.12708  lr 2.67e-06
ep 134  it   700/1563  loss 0.12687  lr 2.66e-06
ep 134  it   750/1563  loss 0.12682  lr 2.65e-06
ep 134  it   800/1563  loss 0.12689  lr 2.64e-06
ep 134  it   850/1563  loss 0.12654  lr 2.63e-06
ep 134  it   900/1563  loss 0.12669  lr 2.62e-06
ep 134  it   950/1563  loss 0.12694  lr 2.61e-06
ep 134  it  1000/1563  loss 0.12703  lr 2.60e-06
ep 134  it  1050/1563  loss 0.12717  lr 2.59e-06
ep 134  it  1100/1563  loss 0.12696  lr 2.58e-06
ep 134  it  1150/1563  loss 0.12702  lr 2.57e-06
ep 134  it  1200/1563  loss 0.12719  lr 2.56e-06
ep 134  it  1250/1563  loss 0.12721  lr 2.55e-06
ep 134  it  1300/1563  loss 0.12705  lr 2.54e-06
ep 134  it  1350/1563  loss 0.12727  lr 2.52e-06
ep 134  it  1400/1563  loss 0.12753  lr 2.51e-06
ep 134  it  1450/1563  loss 0.12755  lr 2.50e-06
ep 134  it  1500/1563  loss 0.12761  lr 2.49e-06
ep 134  it  1550/1563  loss 0.12762  lr 2.48e-06
[epoch 134] train_loss=0.12761  val_loss=0.13417  lr=2.48e-06  time=2.7 min
ep 135  it    50/1563  loss 0.12134  lr 2.47e-06
ep 135  it   100/1563  loss 0.12284  lr 2.46e-06
ep 135  it   150/1563  loss 0.12582  lr 2.45e-06
ep 135  it   200/1563  loss 0.12656  lr 2.44e-06
ep 135  it   250/1563  loss 0.12684  lr 2.43e-06
ep 135  it   300/1563  loss 0.12658  lr 2.42e-06
ep 135  it   350/1563  loss 0.12597  lr 2.41e-06
ep 135  it   400/1563  loss 0.12622  lr 2.40e-06
ep 135  it   450/1563  loss 0.12624  lr 2.39e-06
ep 135  it   500/1563  loss 0.12637  lr 2.38e-06
ep 135  it   550/1563  loss 0.12646  lr 2.37e-06
ep 135  it   600/1563  loss 0.12674  lr 2.36e-06
ep 135  it   650/1563  loss 0.12659  lr 2.35e-06
ep 135  it   700/1563  loss 0.12679  lr 2.34e-06
ep 135  it   750/1563  loss 0.12710  lr 2.32e-06
ep 135  it   800/1563  loss 0.12722  lr 2.31e-06
ep 135  it   850/1563  loss 0.12729  lr 2.30e-06
ep 135  it   900/1563  loss 0.12747  lr 2.29e-06
ep 135  it   950/1563  loss 0.12762  lr 2.28e-06
ep 135  it  1000/1563  loss 0.12768  lr 2.27e-06
ep 135  it  1050/1563  loss 0.12751  lr 2.26e-06
ep 135  it  1100/1563  loss 0.12753  lr 2.25e-06
ep 135  it  1150/1563  loss 0.12742  lr 2.24e-06
ep 135  it  1200/1563  loss 0.12732  lr 2.23e-06
ep 135  it  1250/1563  loss 0.12722  lr 2.22e-06
ep 135  it  1300/1563  loss 0.12724  lr 2.21e-06
ep 135  it  1350/1563  loss 0.12721  lr 2.20e-06
ep 135  it  1400/1563  loss 0.12715  lr 2.19e-06
ep 135  it  1450/1563  loss 0.12702  lr 2.18e-06
ep 135  it  1500/1563  loss 0.12704  lr 2.17e-06
ep 135  it  1550/1563  loss 0.12721  lr 2.17e-06
[epoch 135] train_loss=0.12723  val_loss=0.13410  lr=2.16e-06  time=2.7 min
ep 136  it    50/1563  loss 0.12397  lr 2.15e-06
ep 136  it   100/1563  loss 0.12690  lr 2.14e-06
ep 136  it   150/1563  loss 0.12566  lr 2.13e-06
ep 136  it   200/1563  loss 0.12517  lr 2.12e-06
ep 136  it   250/1563  loss 0.12504  lr 2.11e-06
ep 136  it   300/1563  loss 0.12603  lr 2.10e-06
ep 136  it   350/1563  loss 0.12635  lr 2.09e-06
ep 136  it   400/1563  loss 0.12654  lr 2.08e-06
ep 136  it   450/1563  loss 0.12634  lr 2.08e-06
ep 136  it   500/1563  loss 0.12667  lr 2.07e-06
ep 136  it   550/1563  loss 0.12709  lr 2.06e-06
ep 136  it   600/1563  loss 0.12639  lr 2.05e-06
ep 136  it   650/1563  loss 0.12639  lr 2.04e-06
ep 136  it   700/1563  loss 0.12633  lr 2.03e-06
ep 136  it   750/1563  loss 0.12649  lr 2.02e-06
ep 136  it   800/1563  loss 0.12650  lr 2.01e-06
ep 136  it   850/1563  loss 0.12655  lr 2.00e-06
ep 136  it   900/1563  loss 0.12643  lr 1.99e-06
ep 136  it   950/1563  loss 0.12629  lr 1.98e-06
ep 136  it  1000/1563  loss 0.12655  lr 1.97e-06
ep 136  it  1050/1563  loss 0.12654  lr 1.96e-06
ep 136  it  1100/1563  loss 0.12639  lr 1.95e-06
ep 136  it  1150/1563  loss 0.12669  lr 1.94e-06
ep 136  it  1200/1563  loss 0.12655  lr 1.93e-06
ep 136  it  1250/1563  loss 0.12663  lr 1.92e-06
ep 136  it  1300/1563  loss 0.12662  lr 1.91e-06
ep 136  it  1350/1563  loss 0.12658  lr 1.91e-06
ep 136  it  1400/1563  loss 0.12642  lr 1.90e-06
ep 136  it  1450/1563  loss 0.12639  lr 1.89e-06
ep 136  it  1500/1563  loss 0.12650  lr 1.88e-06
ep 136  it  1550/1563  loss 0.12664  lr 1.87e-06
[epoch 136] train_loss=0.12667  val_loss=0.13409  lr=1.87e-06  time=2.7 min
ep 137  it    50/1563  loss 0.12221  lr 1.86e-06
ep 137  it   100/1563  loss 0.12446  lr 1.85e-06
ep 137  it   150/1563  loss 0.12463  lr 1.84e-06
ep 137  it   200/1563  loss 0.12545  lr 1.83e-06
ep 137  it   250/1563  loss 0.12588  lr 1.82e-06
ep 137  it   300/1563  loss 0.12555  lr 1.81e-06
ep 137  it   350/1563  loss 0.12593  lr 1.80e-06
ep 137  it   400/1563  loss 0.12587  lr 1.79e-06
ep 137  it   450/1563  loss 0.12536  lr 1.79e-06
ep 137  it   500/1563  loss 0.12550  lr 1.78e-06
ep 137  it   550/1563  loss 0.12596  lr 1.77e-06
ep 137  it   600/1563  loss 0.12606  lr 1.76e-06
ep 137  it   650/1563  loss 0.12596  lr 1.75e-06
ep 137  it   700/1563  loss 0.12595  lr 1.74e-06
ep 137  it   750/1563  loss 0.12621  lr 1.73e-06
ep 137  it   800/1563  loss 0.12615  lr 1.72e-06
ep 137  it   850/1563  loss 0.12639  lr 1.71e-06
ep 137  it   900/1563  loss 0.12627  lr 1.71e-06
ep 137  it   950/1563  loss 0.12621  lr 1.70e-06
ep 137  it  1000/1563  loss 0.12658  lr 1.69e-06
ep 137  it  1050/1563  loss 0.12649  lr 1.68e-06
ep 137  it  1100/1563  loss 0.12646  lr 1.67e-06
ep 137  it  1150/1563  loss 0.12650  lr 1.66e-06
ep 137  it  1200/1563  loss 0.12641  lr 1.65e-06
ep 137  it  1250/1563  loss 0.12641  lr 1.65e-06
ep 137  it  1300/1563  loss 0.12644  lr 1.64e-06
ep 137  it  1350/1563  loss 0.12662  lr 1.63e-06
ep 137  it  1400/1563  loss 0.12656  lr 1.62e-06
ep 137  it  1450/1563  loss 0.12662  lr 1.61e-06
ep 137  it  1500/1563  loss 0.12663  lr 1.60e-06
ep 137  it  1550/1563  loss 0.12676  lr 1.59e-06
[epoch 137] train_loss=0.12674  val_loss=0.13405  lr=1.59e-06  time=2.7 min
ep 138  it    50/1563  loss 0.12476  lr 1.58e-06
ep 138  it   100/1563  loss 0.12391  lr 1.58e-06
ep 138  it   150/1563  loss 0.12388  lr 1.57e-06
ep 138  it   200/1563  loss 0.12529  lr 1.56e-06
ep 138  it   250/1563  loss 0.12544  lr 1.55e-06
ep 138  it   300/1563  loss 0.12481  lr 1.54e-06
ep 138  it   350/1563  loss 0.12442  lr 1.53e-06
ep 138  it   400/1563  loss 0.12495  lr 1.53e-06
ep 138  it   450/1563  loss 0.12565  lr 1.52e-06
ep 138  it   500/1563  loss 0.12548  lr 1.51e-06
ep 138  it   550/1563  loss 0.12563  lr 1.50e-06
ep 138  it   600/1563  loss 0.12558  lr 1.49e-06
ep 138  it   650/1563  loss 0.12567  lr 1.48e-06
ep 138  it   700/1563  loss 0.12540  lr 1.48e-06
ep 138  it   750/1563  loss 0.12545  lr 1.47e-06
ep 138  it   800/1563  loss 0.12539  lr 1.46e-06
ep 138  it   850/1563  loss 0.12567  lr 1.45e-06
ep 138  it   900/1563  loss 0.12556  lr 1.44e-06
ep 138  it   950/1563  loss 0.12582  lr 1.44e-06
ep 138  it  1000/1563  loss 0.12568  lr 1.43e-06
ep 138  it  1050/1563  loss 0.12564  lr 1.42e-06
ep 138  it  1100/1563  loss 0.12580  lr 1.41e-06
ep 138  it  1150/1563  loss 0.12590  lr 1.40e-06
ep 138  it  1200/1563  loss 0.12601  lr 1.40e-06
ep 138  it  1250/1563  loss 0.12615  lr 1.39e-06
ep 138  it  1300/1563  loss 0.12603  lr 1.38e-06
ep 138  it  1350/1563  loss 0.12595  lr 1.37e-06
ep 138  it  1400/1563  loss 0.12603  lr 1.36e-06
ep 138  it  1450/1563  loss 0.12624  lr 1.36e-06
ep 138  it  1500/1563  loss 0.12625  lr 1.35e-06
ep 138  it  1550/1563  loss 0.12634  lr 1.34e-06
[epoch 138] train_loss=0.12632  val_loss=0.13406  lr=1.34e-06  time=2.7 min
ep 139  it    50/1563  loss 0.12567  lr 1.33e-06
ep 139  it   100/1563  loss 0.12889  lr 1.32e-06
ep 139  it   150/1563  loss 0.12745  lr 1.32e-06
ep 139  it   200/1563  loss 0.12624  lr 1.31e-06
ep 139  it   250/1563  loss 0.12802  lr 1.30e-06
ep 139  it   300/1563  loss 0.12763  lr 1.29e-06
ep 139  it   350/1563  loss 0.12733  lr 1.29e-06
ep 139  it   400/1563  loss 0.12758  lr 1.28e-06
ep 139  it   450/1563  loss 0.12757  lr 1.27e-06
ep 139  it   500/1563  loss 0.12752  lr 1.26e-06
ep 139  it   550/1563  loss 0.12744  lr 1.25e-06
ep 139  it   600/1563  loss 0.12673  lr 1.25e-06
ep 139  it   650/1563  loss 0.12686  lr 1.24e-06
ep 139  it   700/1563  loss 0.12696  lr 1.23e-06
ep 139  it   750/1563  loss 0.12696  lr 1.22e-06
ep 139  it   800/1563  loss 0.12701  lr 1.22e-06
ep 139  it   850/1563  loss 0.12684  lr 1.21e-06
ep 139  it   900/1563  loss 0.12670  lr 1.20e-06
ep 139  it   950/1563  loss 0.12661  lr 1.20e-06
ep 139  it  1000/1563  loss 0.12637  lr 1.19e-06
ep 139  it  1050/1563  loss 0.12637  lr 1.18e-06
ep 139  it  1100/1563  loss 0.12623  lr 1.17e-06
ep 139  it  1150/1563  loss 0.12627  lr 1.17e-06
ep 139  it  1200/1563  loss 0.12613  lr 1.16e-06
ep 139  it  1250/1563  loss 0.12605  lr 1.15e-06
ep 139  it  1300/1563  loss 0.12596  lr 1.14e-06
ep 139  it  1350/1563  loss 0.12597  lr 1.14e-06
ep 139  it  1400/1563  loss 0.12588  lr 1.13e-06
ep 139  it  1450/1563  loss 0.12587  lr 1.12e-06
ep 139  it  1500/1563  loss 0.12588  lr 1.12e-06
ep 139  it  1550/1563  loss 0.12580  lr 1.11e-06
[sample] wrote /scratch/maths/btech/mt1230785/col775_a2_hpc/col775_a2/samples/ldm_train/ldm_ep139.png (100 steps, guidance=4.0)
[epoch 139] train_loss=0.12583  val_loss=0.13403  lr=1.11e-06  time=2.8 min
ep 140  it    50/1563  loss 0.12346  lr 1.10e-06
ep 140  it   100/1563  loss 0.12321  lr 1.09e-06
ep 140  it   150/1563  loss 0.12294  lr 1.09e-06
ep 140  it   200/1563  loss 0.12401  lr 1.08e-06
ep 140  it   250/1563  loss 0.12400  lr 1.07e-06
ep 140  it   300/1563  loss 0.12418  lr 1.07e-06
ep 140  it   350/1563  loss 0.12555  lr 1.06e-06
ep 140  it   400/1563  loss 0.12601  lr 1.05e-06
ep 140  it   450/1563  loss 0.12550  lr 1.04e-06
ep 140  it   500/1563  loss 0.12570  lr 1.04e-06
ep 140  it   550/1563  loss 0.12602  lr 1.03e-06
ep 140  it   600/1563  loss 0.12576  lr 1.02e-06
ep 140  it   650/1563  loss 0.12545  lr 1.02e-06
ep 140  it   700/1563  loss 0.12566  lr 1.01e-06
ep 140  it   750/1563  loss 0.12604  lr 1.00e-06
ep 140  it   800/1563  loss 0.12624  lr 9.97e-07
ep 140  it   850/1563  loss 0.12607  lr 9.91e-07
ep 140  it   900/1563  loss 0.12621  lr 9.84e-07
ep 140  it   950/1563  loss 0.12619  lr 9.77e-07
ep 140  it  1000/1563  loss 0.12648  lr 9.71e-07
ep 140  it  1050/1563  loss 0.12643  lr 9.64e-07
ep 140  it  1100/1563  loss 0.12664  lr 9.57e-07
ep 140  it  1150/1563  loss 0.12653  lr 9.51e-07
ep 140  it  1200/1563  loss 0.12659  lr 9.44e-07
ep 140  it  1250/1563  loss 0.12644  lr 9.38e-07
ep 140  it  1300/1563  loss 0.12639  lr 9.31e-07
ep 140  it  1350/1563  loss 0.12638  lr 9.25e-07
ep 140  it  1400/1563  loss 0.12637  lr 9.18e-07
ep 140  it  1450/1563  loss 0.12628  lr 9.12e-07
ep 140  it  1500/1563  loss 0.12617  lr 9.06e-07
ep 140  it  1550/1563  loss 0.12615  lr 8.99e-07
[epoch 140] train_loss=0.12605  val_loss=0.13399  lr=8.98e-07  time=2.8 min
ep 141  it    50/1563  loss 0.12528  lr 8.91e-07
ep 141  it   100/1563  loss 0.12642  lr 8.85e-07
ep 141  it   150/1563  loss 0.12749  lr 8.79e-07
ep 141  it   200/1563  loss 0.12786  lr 8.72e-07
ep 141  it   250/1563  loss 0.12689  lr 8.66e-07
ep 141  it   300/1563  loss 0.12604  lr 8.60e-07
ep 141  it   350/1563  loss 0.12613  lr 8.54e-07
ep 141  it   400/1563  loss 0.12644  lr 8.47e-07
ep 141  it   450/1563  loss 0.12615  lr 8.41e-07
ep 141  it   500/1563  loss 0.12654  lr 8.35e-07
ep 141  it   550/1563  loss 0.12702  lr 8.29e-07
ep 141  it   600/1563  loss 0.12725  lr 8.23e-07
ep 141  it   650/1563  loss 0.12705  lr 8.17e-07
ep 141  it   700/1563  loss 0.12691  lr 8.11e-07
ep 141  it   750/1563  loss 0.12686  lr 8.05e-07
ep 141  it   800/1563  loss 0.12687  lr 7.99e-07
ep 141  it   850/1563  loss 0.12697  lr 7.93e-07
ep 141  it   900/1563  loss 0.12696  lr 7.87e-07
ep 141  it   950/1563  loss 0.12679  lr 7.81e-07
ep 141  it  1000/1563  loss 0.12671  lr 7.75e-07
ep 141  it  1050/1563  loss 0.12674  lr 7.69e-07
ep 141  it  1100/1563  loss 0.12695  lr 7.63e-07
ep 141  it  1150/1563  loss 0.12684  lr 7.57e-07
ep 141  it  1200/1563  loss 0.12678  lr 7.51e-07
ep 141  it  1250/1563  loss 0.12681  lr 7.45e-07
ep 141  it  1300/1563  loss 0.12674  lr 7.40e-07
ep 141  it  1350/1563  loss 0.12680  lr 7.34e-07
ep 141  it  1400/1563  loss 0.12684  lr 7.28e-07
ep 141  it  1450/1563  loss 0.12680  lr 7.22e-07
ep 141  it  1500/1563  loss 0.12689  lr 7.17e-07
ep 141  it  1550/1563  loss 0.12698  lr 7.11e-07
[epoch 141] train_loss=0.12686  val_loss=0.13398  lr=7.10e-07  time=2.7 min
ep 142  it    50/1563  loss 0.12712  lr 7.04e-07
ep 142  it   100/1563  loss 0.12751  lr 6.98e-07
ep 142  it   150/1563  loss 0.12711  lr 6.93e-07
ep 142  it   200/1563  loss 0.12692  lr 6.87e-07
ep 142  it   250/1563  loss 0.12603  lr 6.82e-07
ep 142  it   300/1563  loss 0.12570  lr 6.76e-07
ep 142  it   350/1563  loss 0.12595  lr 6.71e-07
ep 142  it   400/1563  loss 0.12659  lr 6.65e-07
ep 142  it   450/1563  loss 0.12630  lr 6.60e-07
ep 142  it   500/1563  loss 0.12614  lr 6.54e-07
ep 142  it   550/1563  loss 0.12612  lr 6.49e-07
ep 142  it   600/1563  loss 0.12627  lr 6.43e-07
ep 142  it   650/1563  loss 0.12619  lr 6.38e-07
ep 142  it   700/1563  loss 0.12588  lr 6.33e-07
ep 142  it   750/1563  loss 0.12583  lr 6.27e-07
ep 142  it   800/1563  loss 0.12577  lr 6.22e-07
ep 142  it   850/1563  loss 0.12582  lr 6.17e-07
ep 142  it   900/1563  loss 0.12589  lr 6.11e-07
ep 142  it   950/1563  loss 0.12582  lr 6.06e-07
ep 142  it  1000/1563  loss 0.12588  lr 6.01e-07
ep 142  it  1050/1563  loss 0.12594  lr 5.96e-07
ep 142  it  1100/1563  loss 0.12582  lr 5.90e-07
ep 142  it  1150/1563  loss 0.12587  lr 5.85e-07
ep 142  it  1200/1563  loss 0.12595  lr 5.80e-07
ep 142  it  1250/1563  loss 0.12594  lr 5.75e-07
ep 142  it  1300/1563  loss 0.12597  lr 5.70e-07
ep 142  it  1350/1563  loss 0.12612  lr 5.65e-07
ep 142  it  1400/1563  loss 0.12619  lr 5.60e-07
ep 142  it  1450/1563  loss 0.12620  lr 5.55e-07
ep 142  it  1500/1563  loss 0.12630  lr 5.50e-07
ep 142  it  1550/1563  loss 0.12632  lr 5.45e-07
[epoch 142] train_loss=0.12631  val_loss=0.13397  lr=5.44e-07  time=2.7 min
ep 143  it    50/1563  loss 0.12776  lr 5.39e-07
ep 143  it   100/1563  loss 0.12655  lr 5.34e-07
ep 143  it   150/1563  loss 0.12695  lr 5.29e-07
ep 143  it   200/1563  loss 0.12633  lr 5.24e-07
ep 143  it   250/1563  loss 0.12612  lr 5.19e-07
ep 143  it   300/1563  loss 0.12658  lr 5.14e-07
ep 143  it   350/1563  loss 0.12662  lr 5.09e-07
ep 143  it   400/1563  loss 0.12679  lr 5.05e-07
ep 143  it   450/1563  loss 0.12658  lr 5.00e-07
ep 143  it   500/1563  loss 0.12677  lr 4.95e-07
ep 143  it   550/1563  loss 0.12667  lr 4.90e-07
ep 143  it   600/1563  loss 0.12637  lr 4.86e-07
ep 143  it   650/1563  loss 0.12651  lr 4.81e-07
ep 143  it   700/1563  loss 0.12650  lr 4.76e-07
ep 143  it   750/1563  loss 0.12664  lr 4.72e-07
ep 143  it   800/1563  loss 0.12652  lr 4.67e-07
ep 143  it   850/1563  loss 0.12651  lr 4.63e-07
ep 143  it   900/1563  loss 0.12682  lr 4.58e-07
ep 143  it   950/1563  loss 0.12698  lr 4.53e-07
ep 143  it  1000/1563  loss 0.12721  lr 4.49e-07
ep 143  it  1050/1563  loss 0.12728  lr 4.44e-07
ep 143  it  1100/1563  loss 0.12732  lr 4.40e-07
ep 143  it  1150/1563  loss 0.12712  lr 4.35e-07
ep 143  it  1200/1563  loss 0.12697  lr 4.31e-07
ep 143  it  1250/1563  loss 0.12670  lr 4.27e-07
ep 143  it  1300/1563  loss 0.12672  lr 4.22e-07
ep 143  it  1350/1563  loss 0.12685  lr 4.18e-07
ep 143  it  1400/1563  loss 0.12675  lr 4.14e-07
ep 143  it  1450/1563  loss 0.12671  lr 4.09e-07
ep 143  it  1500/1563  loss 0.12666  lr 4.05e-07
ep 143  it  1550/1563  loss 0.12657  lr 4.01e-07
[epoch 143] train_loss=0.12654  val_loss=0.13395  lr=4.00e-07  time=2.7 min
ep 144  it    50/1563  loss 0.12744  lr 3.95e-07
ep 144  it   100/1563  loss 0.12640  lr 3.91e-07
ep 144  it   150/1563  loss 0.12552  lr 3.87e-07
ep 144  it   200/1563  loss 0.12626  lr 3.83e-07
ep 144  it   250/1563  loss 0.12683  lr 3.79e-07
ep 144  it   300/1563  loss 0.12736  lr 3.74e-07
ep 144  it   350/1563  loss 0.12735  lr 3.70e-07
ep 144  it   400/1563  loss 0.12725  lr 3.66e-07
ep 144  it   450/1563  loss 0.12754  lr 3.62e-07
ep 144  it   500/1563  loss 0.12762  lr 3.58e-07
ep 144  it   550/1563  loss 0.12762  lr 3.54e-07
ep 144  it   600/1563  loss 0.12747  lr 3.50e-07
ep 144  it   650/1563  loss 0.12737  lr 3.46e-07
ep 144  it   700/1563  loss 0.12732  lr 3.42e-07
ep 144  it   750/1563  loss 0.12715  lr 3.38e-07
ep 144  it   800/1563  loss 0.12719  lr 3.34e-07
ep 144  it   850/1563  loss 0.12742  lr 3.30e-07
ep 144  it   900/1563  loss 0.12744  lr 3.27e-07
ep 144  it   950/1563  loss 0.12742  lr 3.23e-07
ep 144  it  1000/1563  loss 0.12740  lr 3.19e-07
ep 144  it  1050/1563  loss 0.12748  lr 3.15e-07
ep 144  it  1100/1563  loss 0.12726  lr 3.11e-07
ep 144  it  1150/1563  loss 0.12715  lr 3.08e-07
ep 144  it  1200/1563  loss 0.12715  lr 3.04e-07
ep 144  it  1250/1563  loss 0.12683  lr 3.00e-07
ep 144  it  1300/1563  loss 0.12687  lr 2.97e-07
ep 144  it  1350/1563  loss 0.12682  lr 2.93e-07
ep 144  it  1400/1563  loss 0.12675  lr 2.89e-07
ep 144  it  1450/1563  loss 0.12691  lr 2.86e-07
ep 144  it  1500/1563  loss 0.12697  lr 2.82e-07
ep 144  it  1550/1563  loss 0.12701  lr 2.79e-07
[epoch 144] train_loss=0.12703  val_loss=0.13395  lr=2.78e-07  time=2.7 min
ep 145  it    50/1563  loss 0.12750  lr 2.74e-07
ep 145  it   100/1563  loss 0.12629  lr 2.71e-07
ep 145  it   150/1563  loss 0.12597  lr 2.67e-07
ep 145  it   200/1563  loss 0.12584  lr 2.64e-07
ep 145  it   250/1563  loss 0.12639  lr 2.60e-07
ep 145  it   300/1563  loss 0.12692  lr 2.57e-07
ep 145  it   350/1563  loss 0.12671  lr 2.53e-07
ep 145  it   400/1563  loss 0.12605  lr 2.50e-07
ep 145  it   450/1563  loss 0.12609  lr 2.47e-07
ep 145  it   500/1563  loss 0.12594  lr 2.43e-07
ep 145  it   550/1563  loss 0.12621  lr 2.40e-07
ep 145  it   600/1563  loss 0.12683  lr 2.37e-07
ep 145  it   650/1563  loss 0.12650  lr 2.33e-07
ep 145  it   700/1563  loss 0.12664  lr 2.30e-07
ep 145  it   750/1563  loss 0.12646  lr 2.27e-07
ep 145  it   800/1563  loss 0.12656  lr 2.24e-07
ep 145  it   850/1563  loss 0.12662  lr 2.21e-07
ep 145  it   900/1563  loss 0.12676  lr 2.17e-07
ep 145  it   950/1563  loss 0.12689  lr 2.14e-07
ep 145  it  1000/1563  loss 0.12671  lr 2.11e-07
ep 145  it  1050/1563  loss 0.12687  lr 2.08e-07
ep 145  it  1100/1563  loss 0.12658  lr 2.05e-07
ep 145  it  1150/1563  loss 0.12659  lr 2.02e-07
ep 145  it  1200/1563  loss 0.12662  lr 1.99e-07
ep 145  it  1250/1563  loss 0.12667  lr 1.96e-07
ep 145  it  1300/1563  loss 0.12689  lr 1.93e-07
ep 145  it  1350/1563  loss 0.12676  lr 1.90e-07
ep 145  it  1400/1563  loss 0.12661  lr 1.87e-07
ep 145  it  1450/1563  loss 0.12678  lr 1.84e-07
ep 145  it  1500/1563  loss 0.12690  lr 1.81e-07
ep 145  it  1550/1563  loss 0.12685  lr 1.78e-07
[epoch 145] train_loss=0.12681  val_loss=0.13395  lr=1.78e-07  time=2.7 min
ep 146  it    50/1563  loss 0.12840  lr 1.75e-07
ep 146  it   100/1563  loss 0.12839  lr 1.72e-07
ep 146  it   150/1563  loss 0.12875  lr 1.69e-07
ep 146  it   200/1563  loss 0.12824  lr 1.67e-07
ep 146  it   250/1563  loss 0.12761  lr 1.64e-07
ep 146  it   300/1563  loss 0.12725  lr 1.61e-07
ep 146  it   350/1563  loss 0.12648  lr 1.58e-07
ep 146  it   400/1563  loss 0.12650  lr 1.56e-07
ep 146  it   450/1563  loss 0.12648  lr 1.53e-07
ep 146  it   500/1563  loss 0.12639  lr 1.50e-07
ep 146  it   550/1563  loss 0.12633  lr 1.48e-07
ep 146  it   600/1563  loss 0.12637  lr 1.45e-07
ep 146  it   650/1563  loss 0.12656  lr 1.43e-07
ep 146  it   700/1563  loss 0.12658  lr 1.40e-07
ep 146  it   750/1563  loss 0.12638  lr 1.38e-07
ep 146  it   800/1563  loss 0.12620  lr 1.35e-07
ep 146  it   850/1563  loss 0.12627  lr 1.33e-07
ep 146  it   900/1563  loss 0.12600  lr 1.30e-07
ep 146  it   950/1563  loss 0.12611  lr 1.28e-07
ep 146  it  1000/1563  loss 0.12627  lr 1.25e-07
ep 146  it  1050/1563  loss 0.12631  lr 1.23e-07
ep 146  it  1100/1563  loss 0.12613  lr 1.21e-07
ep 146  it  1150/1563  loss 0.12612  lr 1.18e-07
ep 146  it  1200/1563  loss 0.12611  lr 1.16e-07
ep 146  it  1250/1563  loss 0.12601  lr 1.14e-07
ep 146  it  1300/1563  loss 0.12595  lr 1.12e-07
ep 146  it  1350/1563  loss 0.12591  lr 1.09e-07
ep 146  it  1400/1563  loss 0.12591  lr 1.07e-07
ep 146  it  1450/1563  loss 0.12609  lr 1.05e-07
ep 146  it  1500/1563  loss 0.12610  lr 1.03e-07
ep 146  it  1550/1563  loss 0.12607  lr 1.01e-07
[epoch 146] train_loss=0.12613  val_loss=0.13395  lr=1.00e-07  time=2.7 min
ep 147  it    50/1563  loss 0.12844  lr 9.79e-08
ep 147  it   100/1563  loss 0.12770  lr 9.58e-08
ep 147  it   150/1563  loss 0.12566  lr 9.37e-08
ep 147  it   200/1563  loss 0.12552  lr 9.16e-08
ep 147  it   250/1563  loss 0.12528  lr 8.96e-08
ep 147  it   300/1563  loss 0.12479  lr 8.76e-08
ep 147  it   350/1563  loss 0.12469  lr 8.56e-08
ep 147  it   400/1563  loss 0.12526  lr 8.37e-08
ep 147  it   450/1563  loss 0.12499  lr 8.17e-08
ep 147  it   500/1563  loss 0.12535  lr 7.98e-08
ep 147  it   550/1563  loss 0.12563  lr 7.79e-08
ep 147  it   600/1563  loss 0.12591  lr 7.60e-08
ep 147  it   650/1563  loss 0.12630  lr 7.42e-08
ep 147  it   700/1563  loss 0.12621  lr 7.24e-08
ep 147  it   750/1563  loss 0.12613  lr 7.06e-08
ep 147  it   800/1563  loss 0.12616  lr 6.88e-08
ep 147  it   850/1563  loss 0.12632  lr 6.70e-08
ep 147  it   900/1563  loss 0.12630  lr 6.53e-08
ep 147  it   950/1563  loss 0.12626  lr 6.36e-08
ep 147  it  1000/1563  loss 0.12641  lr 6.19e-08
ep 147  it  1050/1563  loss 0.12646  lr 6.02e-08
ep 147  it  1100/1563  loss 0.12656  lr 5.86e-08
ep 147  it  1150/1563  loss 0.12643  lr 5.70e-08
ep 147  it  1200/1563  loss 0.12654  lr 5.54e-08
ep 147  it  1250/1563  loss 0.12665  lr 5.38e-08
ep 147  it  1300/1563  loss 0.12690  lr 5.22e-08
ep 147  it  1350/1563  loss 0.12688  lr 5.07e-08
ep 147  it  1400/1563  loss 0.12707  lr 4.92e-08
ep 147  it  1450/1563  loss 0.12705  lr 4.77e-08
ep 147  it  1500/1563  loss 0.12697  lr 4.63e-08
ep 147  it  1550/1563  loss 0.12684  lr 4.48e-08
[epoch 147] train_loss=0.12682  val_loss=0.13395  lr=4.44e-08  time=2.7 min
ep 148  it    50/1563  loss 0.12175  lr 4.30e-08
ep 148  it   100/1563  loss 0.12348  lr 4.17e-08
ep 148  it   150/1563  loss 0.12633  lr 4.03e-08
ep 148  it   200/1563  loss 0.12758  lr 3.89e-08
ep 148  it   250/1563  loss 0.12754  lr 3.76e-08
ep 148  it   300/1563  loss 0.12747  lr 3.63e-08
ep 148  it   350/1563  loss 0.12705  lr 3.51e-08
ep 148  it   400/1563  loss 0.12691  lr 3.38e-08
ep 148  it   450/1563  loss 0.12716  lr 3.26e-08
ep 148  it   500/1563  loss 0.12756  lr 3.14e-08
ep 148  it   550/1563  loss 0.12764  lr 3.02e-08
ep 148  it   600/1563  loss 0.12788  lr 2.90e-08
ep 148  it   650/1563  loss 0.12778  lr 2.79e-08
ep 148  it   700/1563  loss 0.12748  lr 2.68e-08
ep 148  it   750/1563  loss 0.12733  lr 2.57e-08
ep 148  it   800/1563  loss 0.12713  lr 2.46e-08
ep 148  it   850/1563  loss 0.12720  lr 2.36e-08
ep 148  it   900/1563  loss 0.12714  lr 2.25e-08
ep 148  it   950/1563  loss 0.12683  lr 2.15e-08
ep 148  it  1000/1563  loss 0.12659  lr 2.06e-08
ep 148  it  1050/1563  loss 0.12672  lr 1.96e-08
ep 148  it  1100/1563  loss 0.12666  lr 1.87e-08
ep 148  it  1150/1563  loss 0.12660  lr 1.78e-08
ep 148  it  1200/1563  loss 0.12675  lr 1.69e-08
ep 148  it  1250/1563  loss 0.12677  lr 1.60e-08
ep 148  it  1300/1563  loss 0.12670  lr 1.52e-08
ep 148  it  1350/1563  loss 0.12674  lr 1.43e-08
ep 148  it  1400/1563  loss 0.12688  lr 1.36e-08
ep 148  it  1450/1563  loss 0.12699  lr 1.28e-08
ep 148  it  1500/1563  loss 0.12697  lr 1.20e-08
ep 148  it  1550/1563  loss 0.12695  lr 1.13e-08
[epoch 148] train_loss=0.12694  val_loss=0.13395  lr=1.11e-08  time=2.8 min
ep 149  it    50/1563  loss 0.12397  lr 1.04e-08
ep 149  it   100/1563  loss 0.12406  lr 9.74e-09
ep 149  it   150/1563  loss 0.12535  lr 9.08e-09
ep 149  it   200/1563  loss 0.12460  lr 8.45e-09
ep 149  it   250/1563  loss 0.12460  lr 7.84e-09
ep 149  it   300/1563  loss 0.12478  lr 7.26e-09
ep 149  it   350/1563  loss 0.12453  lr 6.69e-09
ep 149  it   400/1563  loss 0.12494  lr 6.15e-09
ep 149  it   450/1563  loss 0.12472  lr 5.64e-09
ep 149  it   500/1563  loss 0.12498  lr 5.14e-09
ep 149  it   550/1563  loss 0.12524  lr 4.67e-09
ep 149  it   600/1563  loss 0.12566  lr 4.22e-09
ep 149  it   650/1563  loss 0.12557  lr 3.79e-09
ep 149  it   700/1563  loss 0.12618  lr 3.39e-09
ep 149  it   750/1563  loss 0.12639  lr 3.01e-09
ep 149  it   800/1563  loss 0.12598  lr 2.65e-09
ep 149  it   850/1563  loss 0.12607  lr 2.31e-09
ep 149  it   900/1563  loss 0.12618  lr 2.00e-09
ep 149  it   950/1563  loss 0.12629  lr 1.71e-09
ep 149  it  1000/1563  loss 0.12635  lr 1.44e-09
ep 149  it  1050/1563  loss 0.12628  lr 1.20e-09
ep 149  it  1100/1563  loss 0.12660  lr 9.75e-10
ep 149  it  1150/1563  loss 0.12649  lr 7.76e-10
ep 149  it  1200/1563  loss 0.12642  lr 5.99e-10
ep 149  it  1250/1563  loss 0.12647  lr 4.46e-10
ep 149  it  1300/1563  loss 0.12640  lr 3.15e-10
ep 149  it  1350/1563  loss 0.12645  lr 2.06e-10
ep 149  it  1400/1563  loss 0.12647  lr 1.21e-10
ep 149  it  1450/1563  loss 0.12657  lr 5.81e-11
ep 149  it  1500/1563  loss 0.12647  lr 1.81e-11
ep 149  it  1550/1563  loss 0.12632  lr 7.69e-13
[sample] wrote /scratch/maths/btech/mt1230785/col775_a2_hpc/col775_a2/samples/ldm_train/ldm_ep149.png (100 steps, guidance=4.0)
[epoch 149] train_loss=0.12631  val_loss=0.13395  lr=0.00e+00  time=2.8 min
[done] LDM training complete.
================================
exit code : 0
Thu Apr 23 12:47:17 IST 2026
================================
================================
PBS jobid : 885013.pbshpc
workdir   : /home/maths/btech/mt1230785/scratch/col775_a2_hpc
Thu Apr 23 12:47:55 IST 2026
================================
HF_HOME=/home/maths/btech/mt1230785/scratch/col775_a2_hpc/hf_cache
Thu Apr 23 12:48:08 2026       
+-----------------------------------------------------------------------------------------+
| NVIDIA-SMI 550.90.07              Driver Version: 550.90.07      CUDA Version: 12.4     |
|-----------------------------------------+------------------------+----------------------+
| GPU  Name                 Persistence-M | Bus-Id          Disp.A | Volatile Uncorr. ECC |
| Fan  Temp   Perf          Pwr:Usage/Cap |           Memory-Usage | GPU-Util  Compute M. |
|                                         |                        |               MIG M. |
|=========================================+========================+======================|
|   0  NVIDIA A100-PCIE-40GB          Off |   00000000:C0:00.0 Off |                    0 |
| N/A   39C    P0             43W /  250W |       1MiB /  40960MiB |      0%      Default |
|                                         |                        |             Disabled |
+-----------------------------------------+------------------------+----------------------+
                                                                                         
+-----------------------------------------------------------------------------------------+
| Processes:                                                                              |
|  GPU   GI   CI        PID   Type   Process name                              GPU Memory |
|        ID   ID                                                               Usage      |
|=========================================================================================|
|  No running processes found                                                             |
+-----------------------------------------------------------------------------------------+
torch 2.5.0+cu118 transformers 4.49.0
[data] train=100032  val=10000 image-caption pairs
[latent] mean=[-0.47885662317276, -0.05054469406604767, 0.5350905656814575, 0.4812498092651367]  std=[1.0543241500854492, 0.5581494569778442, 0.8481987118721008, 0.3833673894405365]
[text] seq_len=77  dim=512
[model] U-Net  params=16.18 M
[resume] resuming from epoch 150 (step 234450)
[done] LDM training complete.
================================
exit code : 0
Thu Apr 23 12:53:47 IST 2026
================================
