================================
PBS jobid : 885010.pbshpc
node list : aice008.hpc.iitd.ac.in
workdir   : /home/maths/btech/mt1230785/scratch/col775_a2_hpc
Thu Apr 23 01:25:15 IST 2026
================================
Thu Apr 23 01:25:32 2026       
+-----------------------------------------------------------------------------------------+
| NVIDIA-SMI 550.90.07              Driver Version: 550.90.07      CUDA Version: 12.4     |
|-----------------------------------------+------------------------+----------------------+
| GPU  Name                 Persistence-M | Bus-Id          Disp.A | Volatile Uncorr. ECC |
| Fan  Temp   Perf          Pwr:Usage/Cap |           Memory-Usage | GPU-Util  Compute M. |
|                                         |                        |               MIG M. |
|=========================================+========================+======================|
|   0  NVIDIA A100-PCIE-40GB          Off |   00000000:2B:00.0 Off |                    0 |
| N/A   34C    P0             42W /  250W |       1MiB /  40960MiB |      4%      Default |
|                                         |                        |             Disabled |
+-----------------------------------------+------------------------+----------------------+
                                                                                         
+-----------------------------------------------------------------------------------------+
| Processes:                                                                              |
|  GPU   GI   CI        PID   Type   Process name                              GPU Memory |
|        ID   ID                                                               Usage      |
|=========================================================================================|
|  No running processes found                                                             |
+-----------------------------------------------------------------------------------------+
torch 2.5.0+cu118 cuda? True
[data] 100032 images @ 128x128
[data] steps/epoch=1563  total_steps=156300
[model] ConvVAE  params=3.25 M
[resume] no checkpoint found, training from scratch
ep   0  it    50/1563  loss 0.12647  recon 0.12647  kl 0.15  lr 3.20e-06
ep   0  it   100/1563  loss 0.10376  recon 0.10376  kl 0.33  lr 6.40e-06
ep   0  it   150/1563  loss 0.08491  recon 0.08491  kl 0.56  lr 9.60e-06
ep   0  it   200/1563  loss 0.07150  recon 0.07150  kl 0.78  lr 1.28e-05
ep   0  it   250/1563  loss 0.06195  recon 0.06195  kl 0.97  lr 1.60e-05
ep   0  it   300/1563  loss 0.05486  recon 0.05486  kl 1.12  lr 1.92e-05
ep   0  it   350/1563  loss 0.04934  recon 0.04934  kl 1.26  lr 2.24e-05
ep   0  it   400/1563  loss 0.04487  recon 0.04487  kl 1.41  lr 2.56e-05
ep   0  it   450/1563  loss 0.04121  recon 0.04121  kl 1.56  lr 2.88e-05
ep   0  it   500/1563  loss 0.03815  recon 0.03815  kl 1.70  lr 3.20e-05
ep   0  it   550/1563  loss 0.03553  recon 0.03553  kl 1.85  lr 3.52e-05
ep   0  it   600/1563  loss 0.03328  recon 0.03328  kl 1.99  lr 3.84e-05
ep   0  it   650/1563  loss 0.03131  recon 0.03130  kl 2.14  lr 4.16e-05
ep   0  it   700/1563  loss 0.02957  recon 0.02957  kl 2.29  lr 4.48e-05
ep   0  it   750/1563  loss 0.02804  recon 0.02804  kl 2.43  lr 4.80e-05
ep   0  it   800/1563  loss 0.02668  recon 0.02667  kl 2.57  lr 5.12e-05
ep   0  it   850/1563  loss 0.02544  recon 0.02544  kl 2.70  lr 5.44e-05
ep   0  it   900/1563  loss 0.02432  recon 0.02432  kl 2.83  lr 5.76e-05
ep   0  it   950/1563  loss 0.02330  recon 0.02330  kl 2.95  lr 6.08e-05
ep   0  it  1000/1563  loss 0.02237  recon 0.02237  kl 3.06  lr 6.40e-05
ep   0  it  1050/1563  loss 0.02152  recon 0.02151  kl 3.17  lr 6.72e-05
ep   0  it  1100/1563  loss 0.02073  recon 0.02073  kl 3.28  lr 7.04e-05
ep   0  it  1150/1563  loss 0.02001  recon 0.02001  kl 3.38  lr 7.36e-05
ep   0  it  1200/1563  loss 0.01934  recon 0.01934  kl 3.48  lr 7.68e-05
ep   0  it  1250/1563  loss 0.01871  recon 0.01871  kl 3.57  lr 8.00e-05
ep   0  it  1300/1563  loss 0.01813  recon 0.01813  kl 3.66  lr 8.32e-05
ep   0  it  1350/1563  loss 0.01759  recon 0.01758  kl 3.74  lr 8.64e-05
ep   0  it  1400/1563  loss 0.01708  recon 0.01707  kl 3.83  lr 8.96e-05
ep   0  it  1450/1563  loss 0.01660  recon 0.01659  kl 3.91  lr 9.28e-05
ep   0  it  1500/1563  loss 0.01615  recon 0.01615  kl 3.98  lr 9.60e-05
ep   0  it  1550/1563  loss 0.01572  recon 0.01572  kl 4.06  lr 9.92e-05
[epoch 0] loss=0.01562  recon=0.01561  kl=4.08  lr=1.00e-04  time=4.4 min
ep   1  it    50/1563  loss 0.00287  recon 0.00286  kl 6.37  lr 1.00e-04
ep   1  it   100/1563  loss 0.00280  recon 0.00279  kl 6.42  lr 1.00e-04
ep   1  it   150/1563  loss 0.00276  recon 0.00275  kl 6.45  lr 1.00e-04
ep   1  it   200/1563  loss 0.00272  recon 0.00272  kl 6.48  lr 1.00e-04
ep   1  it   250/1563  loss 0.00269  recon 0.00268  kl 6.50  lr 1.00e-04
ep   1  it   300/1563  loss 0.00266  recon 0.00265  kl 6.53  lr 1.00e-04
ep   1  it   350/1563  loss 0.00263  recon 0.00262  kl 6.55  lr 1.00e-04
ep   1  it   400/1563  loss 0.00259  recon 0.00259  kl 6.57  lr 1.00e-04
ep   1  it   450/1563  loss 0.00256  recon 0.00255  kl 6.59  lr 1.00e-04
ep   1  it   500/1563  loss 0.00253  recon 0.00253  kl 6.61  lr 1.00e-04
ep   1  it   550/1563  loss 0.00251  recon 0.00250  kl 6.63  lr 1.00e-04
ep   1  it   600/1563  loss 0.00248  recon 0.00248  kl 6.65  lr 1.00e-04
ep   1  it   650/1563  loss 0.00246  recon 0.00245  kl 6.67  lr 1.00e-04
ep   1  it   700/1563  loss 0.00244  recon 0.00243  kl 6.68  lr 1.00e-04
ep   1  it   750/1563  loss 0.00241  recon 0.00241  kl 6.69  lr 1.00e-04
ep   1  it   800/1563  loss 0.00239  recon 0.00239  kl 6.70  lr 1.00e-04
ep   1  it   850/1563  loss 0.00237  recon 0.00237  kl 6.71  lr 1.00e-04
ep   1  it   900/1563  loss 0.00235  recon 0.00235  kl 6.73  lr 1.00e-04
ep   1  it   950/1563  loss 0.00233  recon 0.00233  kl 6.74  lr 1.00e-04
ep   1  it  1000/1563  loss 0.00231  recon 0.00231  kl 6.74  lr 1.00e-04
ep   1  it  1050/1563  loss 0.00230  recon 0.00229  kl 6.75  lr 1.00e-04
ep   1  it  1100/1563  loss 0.00228  recon 0.00227  kl 6.76  lr 1.00e-04
ep   1  it  1150/1563  loss 0.00226  recon 0.00226  kl 6.77  lr 1.00e-04
ep   1  it  1200/1563  loss 0.00225  recon 0.00224  kl 6.77  lr 1.00e-04
ep   1  it  1250/1563  loss 0.00223  recon 0.00222  kl 6.78  lr 1.00e-04
ep   1  it  1300/1563  loss 0.00222  recon 0.00221  kl 6.78  lr 1.00e-04
ep   1  it  1350/1563  loss 0.00220  recon 0.00220  kl 6.79  lr 1.00e-04
ep   1  it  1400/1563  loss 0.00219  recon 0.00218  kl 6.79  lr 1.00e-04
ep   1  it  1450/1563  loss 0.00217  recon 0.00217  kl 6.80  lr 1.00e-04
ep   1  it  1500/1563  loss 0.00216  recon 0.00215  kl 6.80  lr 1.00e-04
ep   1  it  1550/1563  loss 0.00214  recon 0.00214  kl 6.80  lr 1.00e-04
[epoch 1] loss=0.00214  recon=0.00213  kl=6.81  lr=1.00e-04  time=2.3 min
ep   2  it    50/1563  loss 0.00172  recon 0.00171  kl 6.91  lr 1.00e-04
ep   2  it   100/1563  loss 0.00172  recon 0.00171  kl 6.90  lr 1.00e-04
ep   2  it   150/1563  loss 0.00172  recon 0.00171  kl 6.89  lr 1.00e-04
ep   2  it   200/1563  loss 0.00171  recon 0.00170  kl 6.88  lr 1.00e-04
ep   2  it   250/1563  loss 0.00169  recon 0.00168  kl 6.88  lr 1.00e-04
ep   2  it   300/1563  loss 0.00168  recon 0.00167  kl 6.87  lr 1.00e-04
ep   2  it   350/1563  loss 0.00167  recon 0.00167  kl 6.87  lr 1.00e-04
ep   2  it   400/1563  loss 0.00167  recon 0.00166  kl 6.86  lr 1.00e-04
ep   2  it   450/1563  loss 0.00166  recon 0.00166  kl 6.86  lr 1.00e-04
ep   2  it   500/1563  loss 0.00166  recon 0.00165  kl 6.85  lr 1.00e-04
ep   2  it   550/1563  loss 0.00165  recon 0.00164  kl 6.85  lr 1.00e-04
ep   2  it   600/1563  loss 0.00164  recon 0.00163  kl 6.85  lr 1.00e-04
ep   2  it   650/1563  loss 0.00163  recon 0.00163  kl 6.84  lr 9.99e-05
ep   2  it   700/1563  loss 0.00163  recon 0.00162  kl 6.84  lr 9.99e-05
ep   2  it   750/1563  loss 0.00162  recon 0.00161  kl 6.83  lr 9.99e-05
ep   2  it   800/1563  loss 0.00161  recon 0.00161  kl 6.83  lr 9.99e-05
ep   2  it   850/1563  loss 0.00161  recon 0.00160  kl 6.82  lr 9.99e-05
ep   2  it   900/1563  loss 0.00160  recon 0.00159  kl 6.82  lr 9.99e-05
ep   2  it   950/1563  loss 0.00159  recon 0.00159  kl 6.81  lr 9.99e-05
ep   2  it  1000/1563  loss 0.00159  recon 0.00158  kl 6.81  lr 9.99e-05
ep   2  it  1050/1563  loss 0.00158  recon 0.00157  kl 6.80  lr 9.99e-05
ep   2  it  1100/1563  loss 0.00158  recon 0.00157  kl 6.80  lr 9.99e-05
ep   2  it  1150/1563  loss 0.00157  recon 0.00156  kl 6.79  lr 9.99e-05
ep   2  it  1200/1563  loss 0.00156  recon 0.00156  kl 6.79  lr 9.99e-05
ep   2  it  1250/1563  loss 0.00156  recon 0.00155  kl 6.78  lr 9.99e-05
ep   2  it  1300/1563  loss 0.00155  recon 0.00154  kl 6.78  lr 9.99e-05
ep   2  it  1350/1563  loss 0.00154  recon 0.00154  kl 6.77  lr 9.99e-05
ep   2  it  1400/1563  loss 0.00154  recon 0.00153  kl 6.76  lr 9.99e-05
ep   2  it  1450/1563  loss 0.00153  recon 0.00153  kl 6.76  lr 9.99e-05
ep   2  it  1500/1563  loss 0.00153  recon 0.00152  kl 6.75  lr 9.99e-05
ep   2  it  1550/1563  loss 0.00152  recon 0.00152  kl 6.75  lr 9.99e-05
[epoch 2] loss=0.00152  recon=0.00151  kl=6.75  lr=9.99e-05  time=2.3 min
ep   3  it    50/1563  loss 0.00136  recon 0.00135  kl 6.58  lr 9.99e-05
ep   3  it   100/1563  loss 0.00136  recon 0.00135  kl 6.58  lr 9.99e-05
ep   3  it   150/1563  loss 0.00133  recon 0.00133  kl 6.57  lr 9.99e-05
ep   3  it   200/1563  loss 0.00133  recon 0.00132  kl 6.56  lr 9.99e-05
ep   3  it   250/1563  loss 0.00132  recon 0.00132  kl 6.55  lr 9.99e-05
ep   3  it   300/1563  loss 0.00132  recon 0.00132  kl 6.55  lr 9.99e-05
ep   3  it   350/1563  loss 0.00132  recon 0.00131  kl 6.54  lr 9.99e-05
ep   3  it   400/1563  loss 0.00131  recon 0.00130  kl 6.53  lr 9.99e-05
ep   3  it   450/1563  loss 0.00131  recon 0.00130  kl 6.53  lr 9.99e-05
ep   3  it   500/1563  loss 0.00130  recon 0.00130  kl 6.52  lr 9.99e-05
ep   3  it   550/1563  loss 0.00130  recon 0.00129  kl 6.52  lr 9.99e-05
ep   3  it   600/1563  loss 0.00129  recon 0.00128  kl 6.51  lr 9.99e-05
ep   3  it   650/1563  loss 0.00129  recon 0.00128  kl 6.50  lr 9.99e-05
ep   3  it   700/1563  loss 0.00128  recon 0.00127  kl 6.50  lr 9.98e-05
ep   3  it   750/1563  loss 0.00128  recon 0.00127  kl 6.50  lr 9.98e-05
ep   3  it   800/1563  loss 0.00127  recon 0.00127  kl 6.49  lr 9.98e-05
ep   3  it   850/1563  loss 0.00127  recon 0.00126  kl 6.48  lr 9.98e-05
ep   3  it   900/1563  loss 0.00126  recon 0.00126  kl 6.48  lr 9.98e-05
ep   3  it   950/1563  loss 0.00126  recon 0.00125  kl 6.47  lr 9.98e-05
ep   3  it  1000/1563  loss 0.00125  recon 0.00125  kl 6.47  lr 9.98e-05
ep   3  it  1050/1563  loss 0.00125  recon 0.00124  kl 6.46  lr 9.98e-05
ep   3  it  1100/1563  loss 0.00124  recon 0.00124  kl 6.46  lr 9.98e-05
ep   3  it  1150/1563  loss 0.00124  recon 0.00123  kl 6.45  lr 9.98e-05
ep   3  it  1200/1563  loss 0.00124  recon 0.00123  kl 6.45  lr 9.98e-05
ep   3  it  1250/1563  loss 0.00123  recon 0.00123  kl 6.44  lr 9.98e-05
ep   3  it  1300/1563  loss 0.00123  recon 0.00122  kl 6.43  lr 9.98e-05
ep   3  it  1350/1563  loss 0.00123  recon 0.00122  kl 6.43  lr 9.98e-05
ep   3  it  1400/1563  loss 0.00122  recon 0.00121  kl 6.42  lr 9.98e-05
ep   3  it  1450/1563  loss 0.00122  recon 0.00121  kl 6.42  lr 9.98e-05
ep   3  it  1500/1563  loss 0.00121  recon 0.00121  kl 6.41  lr 9.98e-05
ep   3  it  1550/1563  loss 0.00121  recon 0.00120  kl 6.41  lr 9.98e-05
[epoch 3] loss=0.00121  recon=0.00120  kl=6.41  lr=9.98e-05  time=2.3 min
ep   4  it    50/1563  loss 0.00108  recon 0.00108  kl 6.22  lr 9.98e-05
ep   4  it   100/1563  loss 0.00107  recon 0.00107  kl 6.22  lr 9.98e-05
ep   4  it   150/1563  loss 0.00108  recon 0.00107  kl 6.22  lr 9.98e-05
ep   4  it   200/1563  loss 0.00107  recon 0.00106  kl 6.22  lr 9.98e-05
ep   4  it   250/1563  loss 0.00107  recon 0.00107  kl 6.22  lr 9.97e-05
ep   4  it   300/1563  loss 0.00107  recon 0.00107  kl 6.22  lr 9.97e-05
ep   4  it   350/1563  loss 0.00107  recon 0.00106  kl 6.21  lr 9.97e-05
ep   4  it   400/1563  loss 0.00107  recon 0.00106  kl 6.21  lr 9.97e-05
ep   4  it   450/1563  loss 0.00107  recon 0.00106  kl 6.20  lr 9.97e-05
ep   4  it   500/1563  loss 0.00106  recon 0.00106  kl 6.20  lr 9.97e-05
ep   4  it   550/1563  loss 0.00106  recon 0.00106  kl 6.20  lr 9.97e-05
ep   4  it   600/1563  loss 0.00106  recon 0.00105  kl 6.19  lr 9.97e-05
ep   4  it   650/1563  loss 0.00105  recon 0.00105  kl 6.19  lr 9.97e-05
ep   4  it   700/1563  loss 0.00105  recon 0.00105  kl 6.19  lr 9.97e-05
ep   4  it   750/1563  loss 0.00105  recon 0.00104  kl 6.18  lr 9.97e-05
ep   4  it   800/1563  loss 0.00105  recon 0.00104  kl 6.18  lr 9.97e-05
ep   4  it   850/1563  loss 0.00104  recon 0.00104  kl 6.17  lr 9.97e-05
ep   4  it   900/1563  loss 0.00104  recon 0.00104  kl 6.17  lr 9.97e-05
ep   4  it   950/1563  loss 0.00104  recon 0.00103  kl 6.17  lr 9.97e-05
ep   4  it  1000/1563  loss 0.00104  recon 0.00103  kl 6.16  lr 9.97e-05
ep   4  it  1050/1563  loss 0.00103  recon 0.00103  kl 6.16  lr 9.97e-05
ep   4  it  1100/1563  loss 0.00103  recon 0.00103  kl 6.15  lr 9.97e-05
ep   4  it  1150/1563  loss 0.00103  recon 0.00102  kl 6.15  lr 9.96e-05
ep   4  it  1200/1563  loss 0.00103  recon 0.00102  kl 6.15  lr 9.96e-05
ep   4  it  1250/1563  loss 0.00102  recon 0.00102  kl 6.15  lr 9.96e-05
ep   4  it  1300/1563  loss 0.00102  recon 0.00101  kl 6.14  lr 9.96e-05
ep   4  it  1350/1563  loss 0.00102  recon 0.00101  kl 6.14  lr 9.96e-05
ep   4  it  1400/1563  loss 0.00102  recon 0.00101  kl 6.14  lr 9.96e-05
ep   4  it  1450/1563  loss 0.00101  recon 0.00101  kl 6.13  lr 9.96e-05
ep   4  it  1500/1563  loss 0.00101  recon 0.00100  kl 6.13  lr 9.96e-05
ep   4  it  1550/1563  loss 0.00101  recon 0.00100  kl 6.12  lr 9.96e-05
[epoch 4] loss=0.00101  recon=0.00100  kl=6.12  lr=9.96e-05  time=2.3 min
ep   5  it    50/1563  loss 0.00099  recon 0.00098  kl 5.99  lr 9.96e-05
ep   5  it   100/1563  loss 0.00094  recon 0.00094  kl 5.99  lr 9.96e-05
ep   5  it   150/1563  loss 0.00094  recon 0.00093  kl 5.99  lr 9.96e-05
ep   5  it   200/1563  loss 0.00093  recon 0.00092  kl 5.99  lr 9.96e-05
ep   5  it   250/1563  loss 0.00093  recon 0.00092  kl 5.99  lr 9.96e-05
ep   5  it   300/1563  loss 0.00092  recon 0.00092  kl 5.99  lr 9.96e-05
ep   5  it   350/1563  loss 0.00092  recon 0.00092  kl 5.98  lr 9.96e-05
ep   5  it   400/1563  loss 0.00092  recon 0.00091  kl 5.98  lr 9.95e-05
ep   5  it   450/1563  loss 0.00092  recon 0.00091  kl 5.98  lr 9.95e-05
ep   5  it   500/1563  loss 0.00091  recon 0.00091  kl 5.97  lr 9.95e-05
ep   5  it   550/1563  loss 0.00091  recon 0.00091  kl 5.97  lr 9.95e-05
ep   5  it   600/1563  loss 0.00091  recon 0.00090  kl 5.97  lr 9.95e-05
ep   5  it   650/1563  loss 0.00090  recon 0.00090  kl 5.97  lr 9.95e-05
ep   5  it   700/1563  loss 0.00090  recon 0.00090  kl 5.97  lr 9.95e-05
ep   5  it   750/1563  loss 0.00090  recon 0.00090  kl 5.97  lr 9.95e-05
ep   5  it   800/1563  loss 0.00090  recon 0.00089  kl 5.96  lr 9.95e-05
ep   5  it   850/1563  loss 0.00090  recon 0.00089  kl 5.96  lr 9.95e-05
ep   5  it   900/1563  loss 0.00089  recon 0.00089  kl 5.96  lr 9.95e-05
ep   5  it   950/1563  loss 0.00089  recon 0.00089  kl 5.96  lr 9.95e-05
ep   5  it  1000/1563  loss 0.00089  recon 0.00088  kl 5.95  lr 9.95e-05
ep   5  it  1050/1563  loss 0.00089  recon 0.00088  kl 5.95  lr 9.95e-05
ep   5  it  1100/1563  loss 0.00089  recon 0.00088  kl 5.95  lr 9.94e-05
ep   5  it  1150/1563  loss 0.00089  recon 0.00088  kl 5.94  lr 9.94e-05
ep   5  it  1200/1563  loss 0.00088  recon 0.00088  kl 5.94  lr 9.94e-05
ep   5  it  1250/1563  loss 0.00088  recon 0.00088  kl 5.94  lr 9.94e-05
ep   5  it  1300/1563  loss 0.00088  recon 0.00087  kl 5.94  lr 9.94e-05
ep   5  it  1350/1563  loss 0.00088  recon 0.00087  kl 5.94  lr 9.94e-05
ep   5  it  1400/1563  loss 0.00088  recon 0.00087  kl 5.93  lr 9.94e-05
ep   5  it  1450/1563  loss 0.00088  recon 0.00087  kl 5.93  lr 9.94e-05
ep   5  it  1500/1563  loss 0.00087  recon 0.00087  kl 5.93  lr 9.94e-05
ep   5  it  1550/1563  loss 0.00087  recon 0.00087  kl 5.93  lr 9.94e-05
[epoch 5] loss=0.00087  recon=0.00087  kl=5.93  lr=9.94e-05  time=2.3 min
ep   6  it    50/1563  loss 0.00082  recon 0.00082  kl 5.85  lr 9.94e-05
ep   6  it   100/1563  loss 0.00081  recon 0.00081  kl 5.85  lr 9.94e-05
ep   6  it   150/1563  loss 0.00081  recon 0.00080  kl 5.85  lr 9.93e-05
ep   6  it   200/1563  loss 0.00083  recon 0.00082  kl 5.84  lr 9.93e-05
ep   6  it   250/1563  loss 0.00082  recon 0.00082  kl 5.83  lr 9.93e-05
ep   6  it   300/1563  loss 0.00082  recon 0.00081  kl 5.83  lr 9.93e-05
ep   6  it   350/1563  loss 0.00082  recon 0.00081  kl 5.83  lr 9.93e-05
ep   6  it   400/1563  loss 0.00081  recon 0.00081  kl 5.83  lr 9.93e-05
ep   6  it   450/1563  loss 0.00081  recon 0.00080  kl 5.83  lr 9.93e-05
ep   6  it   500/1563  loss 0.00081  recon 0.00080  kl 5.82  lr 9.93e-05
ep   6  it   550/1563  loss 0.00081  recon 0.00080  kl 5.82  lr 9.93e-05
ep   6  it   600/1563  loss 0.00080  recon 0.00080  kl 5.82  lr 9.93e-05
ep   6  it   650/1563  loss 0.00080  recon 0.00080  kl 5.82  lr 9.93e-05
ep   6  it   700/1563  loss 0.00080  recon 0.00079  kl 5.82  lr 9.93e-05
ep   6  it   750/1563  loss 0.00080  recon 0.00079  kl 5.82  lr 9.92e-05
ep   6  it   800/1563  loss 0.00080  recon 0.00079  kl 5.82  lr 9.92e-05
ep   6  it   850/1563  loss 0.00080  recon 0.00079  kl 5.81  lr 9.92e-05
ep   6  it   900/1563  loss 0.00080  recon 0.00079  kl 5.81  lr 9.92e-05
ep   6  it   950/1563  loss 0.00079  recon 0.00079  kl 5.81  lr 9.92e-05
ep   6  it  1000/1563  loss 0.00079  recon 0.00079  kl 5.81  lr 9.92e-05
ep   6  it  1050/1563  loss 0.00079  recon 0.00078  kl 5.81  lr 9.92e-05
ep   6  it  1100/1563  loss 0.00079  recon 0.00078  kl 5.80  lr 9.92e-05
ep   6  it  1150/1563  loss 0.00079  recon 0.00078  kl 5.80  lr 9.92e-05
ep   6  it  1200/1563  loss 0.00079  recon 0.00078  kl 5.80  lr 9.92e-05
ep   6  it  1250/1563  loss 0.00079  recon 0.00078  kl 5.80  lr 9.92e-05
ep   6  it  1300/1563  loss 0.00078  recon 0.00078  kl 5.80  lr 9.91e-05
ep   6  it  1350/1563  loss 0.00078  recon 0.00078  kl 5.80  lr 9.91e-05
ep   6  it  1400/1563  loss 0.00078  recon 0.00078  kl 5.79  lr 9.91e-05
ep   6  it  1450/1563  loss 0.00078  recon 0.00077  kl 5.79  lr 9.91e-05
ep   6  it  1500/1563  loss 0.00078  recon 0.00077  kl 5.79  lr 9.91e-05
ep   6  it  1550/1563  loss 0.00078  recon 0.00077  kl 5.79  lr 9.91e-05
[epoch 6] loss=0.00078  recon=0.00077  kl=5.79  lr=9.91e-05  time=2.3 min
ep   7  it    50/1563  loss 0.00072  recon 0.00072  kl 5.73  lr 9.91e-05
ep   7  it   100/1563  loss 0.00072  recon 0.00072  kl 5.73  lr 9.91e-05
ep   7  it   150/1563  loss 0.00072  recon 0.00072  kl 5.73  lr 9.91e-05
ep   7  it   200/1563  loss 0.00072  recon 0.00071  kl 5.72  lr 9.91e-05
ep   7  it   250/1563  loss 0.00072  recon 0.00072  kl 5.72  lr 9.90e-05
ep   7  it   300/1563  loss 0.00072  recon 0.00072  kl 5.72  lr 9.90e-05
ep   7  it   350/1563  loss 0.00072  recon 0.00072  kl 5.71  lr 9.90e-05
ep   7  it   400/1563  loss 0.00072  recon 0.00072  kl 5.71  lr 9.90e-05
ep   7  it   450/1563  loss 0.00072  recon 0.00072  kl 5.71  lr 9.90e-05
ep   7  it   500/1563  loss 0.00072  recon 0.00072  kl 5.70  lr 9.90e-05
ep   7  it   550/1563  loss 0.00072  recon 0.00072  kl 5.70  lr 9.90e-05
ep   7  it   600/1563  loss 0.00072  recon 0.00072  kl 5.70  lr 9.90e-05
ep   7  it   650/1563  loss 0.00072  recon 0.00071  kl 5.70  lr 9.90e-05
ep   7  it   700/1563  loss 0.00072  recon 0.00071  kl 5.70  lr 9.90e-05
ep   7  it   750/1563  loss 0.00072  recon 0.00071  kl 5.70  lr 9.89e-05
ep   7  it   800/1563  loss 0.00072  recon 0.00071  kl 5.70  lr 9.89e-05
ep   7  it   850/1563  loss 0.00072  recon 0.00071  kl 5.69  lr 9.89e-05
ep   7  it   900/1563  loss 0.00071  recon 0.00071  kl 5.69  lr 9.89e-05
ep   7  it   950/1563  loss 0.00071  recon 0.00071  kl 5.69  lr 9.89e-05
ep   7  it  1000/1563  loss 0.00071  recon 0.00071  kl 5.69  lr 9.89e-05
ep   7  it  1050/1563  loss 0.00071  recon 0.00071  kl 5.69  lr 9.89e-05
ep   7  it  1100/1563  loss 0.00071  recon 0.00071  kl 5.69  lr 9.89e-05
ep   7  it  1150/1563  loss 0.00071  recon 0.00070  kl 5.68  lr 9.89e-05
ep   7  it  1200/1563  loss 0.00071  recon 0.00070  kl 5.68  lr 9.89e-05
ep   7  it  1250/1563  loss 0.00071  recon 0.00070  kl 5.68  lr 9.88e-05
ep   7  it  1300/1563  loss 0.00071  recon 0.00070  kl 5.68  lr 9.88e-05
ep   7  it  1350/1563  loss 0.00071  recon 0.00070  kl 5.68  lr 9.88e-05
ep   7  it  1400/1563  loss 0.00071  recon 0.00070  kl 5.68  lr 9.88e-05
ep   7  it  1450/1563  loss 0.00071  recon 0.00070  kl 5.67  lr 9.88e-05
ep   7  it  1500/1563  loss 0.00070  recon 0.00070  kl 5.67  lr 9.88e-05
ep   7  it  1550/1563  loss 0.00070  recon 0.00070  kl 5.67  lr 9.88e-05
[epoch 7] loss=0.00070  recon=0.00070  kl=5.67  lr=9.88e-05  time=2.3 min
ep   8  it    50/1563  loss 0.00067  recon 0.00066  kl 5.62  lr 9.88e-05
ep   8  it   100/1563  loss 0.00066  recon 0.00066  kl 5.62  lr 9.87e-05
ep   8  it   150/1563  loss 0.00066  recon 0.00066  kl 5.61  lr 9.87e-05
ep   8  it   200/1563  loss 0.00066  recon 0.00066  kl 5.60  lr 9.87e-05
ep   8  it   250/1563  loss 0.00066  recon 0.00065  kl 5.60  lr 9.87e-05
ep   8  it   300/1563  loss 0.00066  recon 0.00066  kl 5.60  lr 9.87e-05
ep   8  it   350/1563  loss 0.00066  recon 0.00066  kl 5.60  lr 9.87e-05
ep   8  it   400/1563  loss 0.00066  recon 0.00066  kl 5.60  lr 9.87e-05
ep   8  it   450/1563  loss 0.00066  recon 0.00066  kl 5.60  lr 9.87e-05
ep   8  it   500/1563  loss 0.00066  recon 0.00066  kl 5.60  lr 9.87e-05
ep   8  it   550/1563  loss 0.00066  recon 0.00065  kl 5.59  lr 9.86e-05
ep   8  it   600/1563  loss 0.00066  recon 0.00065  kl 5.59  lr 9.86e-05
ep   8  it   650/1563  loss 0.00066  recon 0.00065  kl 5.59  lr 9.86e-05
ep   8  it   700/1563  loss 0.00066  recon 0.00065  kl 5.59  lr 9.86e-05
ep   8  it   750/1563  loss 0.00066  recon 0.00065  kl 5.59  lr 9.86e-05
ep   8  it   800/1563  loss 0.00066  recon 0.00065  kl 5.59  lr 9.86e-05
ep   8  it   850/1563  loss 0.00066  recon 0.00065  kl 5.59  lr 9.86e-05
ep   8  it   900/1563  loss 0.00065  recon 0.00065  kl 5.59  lr 9.86e-05
ep   8  it   950/1563  loss 0.00065  recon 0.00065  kl 5.58  lr 9.85e-05
ep   8  it  1000/1563  loss 0.00065  recon 0.00065  kl 5.58  lr 9.85e-05
ep   8  it  1050/1563  loss 0.00065  recon 0.00065  kl 5.58  lr 9.85e-05
ep   8  it  1100/1563  loss 0.00065  recon 0.00065  kl 5.58  lr 9.85e-05
ep   8  it  1150/1563  loss 0.00065  recon 0.00065  kl 5.58  lr 9.85e-05
ep   8  it  1200/1563  loss 0.00065  recon 0.00064  kl 5.58  lr 9.85e-05
ep   8  it  1250/1563  loss 0.00065  recon 0.00064  kl 5.57  lr 9.85e-05
ep   8  it  1300/1563  loss 0.00065  recon 0.00064  kl 5.57  lr 9.85e-05
ep   8  it  1350/1563  loss 0.00065  recon 0.00064  kl 5.57  lr 9.85e-05
ep   8  it  1400/1563  loss 0.00065  recon 0.00064  kl 5.57  lr 9.84e-05
ep   8  it  1450/1563  loss 0.00065  recon 0.00064  kl 5.57  lr 9.84e-05
ep   8  it  1500/1563  loss 0.00065  recon 0.00064  kl 5.57  lr 9.84e-05
ep   8  it  1550/1563  loss 0.00064  recon 0.00064  kl 5.57  lr 9.84e-05
[epoch 8] loss=0.00064  recon=0.00064  kl=5.57  lr=9.84e-05  time=2.3 min
ep   9  it    50/1563  loss 0.00061  recon 0.00060  kl 5.50  lr 9.84e-05
ep   9  it   100/1563  loss 0.00061  recon 0.00060  kl 5.51  lr 9.84e-05
ep   9  it   150/1563  loss 0.00061  recon 0.00061  kl 5.51  lr 9.84e-05
ep   9  it   200/1563  loss 0.00062  recon 0.00061  kl 5.50  lr 9.83e-05
ep   9  it   250/1563  loss 0.00061  recon 0.00061  kl 5.50  lr 9.83e-05
ep   9  it   300/1563  loss 0.00061  recon 0.00061  kl 5.50  lr 9.83e-05
ep   9  it   350/1563  loss 0.00061  recon 0.00061  kl 5.50  lr 9.83e-05
ep   9  it   400/1563  loss 0.00061  recon 0.00060  kl 5.50  lr 9.83e-05
ep   9  it   450/1563  loss 0.00061  recon 0.00061  kl 5.50  lr 9.83e-05
ep   9  it   500/1563  loss 0.00061  recon 0.00060  kl 5.50  lr 9.83e-05
ep   9  it   550/1563  loss 0.00061  recon 0.00060  kl 5.50  lr 9.83e-05
ep   9  it   600/1563  loss 0.00061  recon 0.00060  kl 5.50  lr 9.82e-05
ep   9  it   650/1563  loss 0.00061  recon 0.00060  kl 5.50  lr 9.82e-05
ep   9  it   700/1563  loss 0.00061  recon 0.00060  kl 5.49  lr 9.82e-05
ep   9  it   750/1563  loss 0.00061  recon 0.00060  kl 5.49  lr 9.82e-05
ep   9  it   800/1563  loss 0.00061  recon 0.00060  kl 5.49  lr 9.82e-05
ep   9  it   850/1563  loss 0.00061  recon 0.00060  kl 5.49  lr 9.82e-05
ep   9  it   900/1563  loss 0.00061  recon 0.00060  kl 5.49  lr 9.82e-05
ep   9  it   950/1563  loss 0.00060  recon 0.00060  kl 5.49  lr 9.81e-05
ep   9  it  1000/1563  loss 0.00060  recon 0.00060  kl 5.49  lr 9.81e-05
ep   9  it  1050/1563  loss 0.00060  recon 0.00060  kl 5.49  lr 9.81e-05
ep   9  it  1100/1563  loss 0.00060  recon 0.00060  kl 5.49  lr 9.81e-05
ep   9  it  1150/1563  loss 0.00060  recon 0.00060  kl 5.49  lr 9.81e-05
ep   9  it  1200/1563  loss 0.00060  recon 0.00060  kl 5.48  lr 9.81e-05
ep   9  it  1250/1563  loss 0.00060  recon 0.00060  kl 5.48  lr 9.81e-05
ep   9  it  1300/1563  loss 0.00060  recon 0.00060  kl 5.48  lr 9.80e-05
ep   9  it  1350/1563  loss 0.00060  recon 0.00060  kl 5.48  lr 9.80e-05
ep   9  it  1400/1563  loss 0.00060  recon 0.00059  kl 5.48  lr 9.80e-05
ep   9  it  1450/1563  loss 0.00060  recon 0.00059  kl 5.48  lr 9.80e-05
ep   9  it  1500/1563  loss 0.00060  recon 0.00059  kl 5.48  lr 9.80e-05
ep   9  it  1550/1563  loss 0.00060  recon 0.00059  kl 5.48  lr 9.80e-05
[epoch 9] loss=0.00060  recon=0.00059  kl=5.48  lr=9.80e-05  time=2.3 min
ep  10  it    50/1563  loss 0.00058  recon 0.00057  kl 5.43  lr 9.80e-05
ep  10  it   100/1563  loss 0.00057  recon 0.00057  kl 5.42  lr 9.79e-05
ep  10  it   150/1563  loss 0.00057  recon 0.00057  kl 5.42  lr 9.79e-05
ep  10  it   200/1563  loss 0.00057  recon 0.00057  kl 5.42  lr 9.79e-05
ep  10  it   250/1563  loss 0.00057  recon 0.00057  kl 5.42  lr 9.79e-05
ep  10  it   300/1563  loss 0.00057  recon 0.00057  kl 5.42  lr 9.79e-05
ep  10  it   350/1563  loss 0.00057  recon 0.00057  kl 5.42  lr 9.79e-05
ep  10  it   400/1563  loss 0.00057  recon 0.00057  kl 5.42  lr 9.79e-05
ep  10  it   450/1563  loss 0.00057  recon 0.00056  kl 5.42  lr 9.78e-05
ep  10  it   500/1563  loss 0.00057  recon 0.00056  kl 5.42  lr 9.78e-05
ep  10  it   550/1563  loss 0.00057  recon 0.00056  kl 5.42  lr 9.78e-05
ep  10  it   600/1563  loss 0.00057  recon 0.00056  kl 5.42  lr 9.78e-05
ep  10  it   650/1563  loss 0.00057  recon 0.00056  kl 5.42  lr 9.78e-05
ep  10  it   700/1563  loss 0.00057  recon 0.00056  kl 5.42  lr 9.78e-05
ep  10  it   750/1563  loss 0.00057  recon 0.00056  kl 5.42  lr 9.78e-05
ep  10  it   800/1563  loss 0.00057  recon 0.00056  kl 5.42  lr 9.77e-05
ep  10  it   850/1563  loss 0.00057  recon 0.00056  kl 5.41  lr 9.77e-05
ep  10  it   900/1563  loss 0.00057  recon 0.00056  kl 5.41  lr 9.77e-05
ep  10  it   950/1563  loss 0.00057  recon 0.00056  kl 5.41  lr 9.77e-05
ep  10  it  1000/1563  loss 0.00056  recon 0.00056  kl 5.41  lr 9.77e-05
ep  10  it  1050/1563  loss 0.00056  recon 0.00056  kl 5.41  lr 9.77e-05
ep  10  it  1100/1563  loss 0.00056  recon 0.00056  kl 5.41  lr 9.76e-05
ep  10  it  1150/1563  loss 0.00056  recon 0.00056  kl 5.41  lr 9.76e-05
ep  10  it  1200/1563  loss 0.00056  recon 0.00056  kl 5.41  lr 9.76e-05
ep  10  it  1250/1563  loss 0.00056  recon 0.00056  kl 5.41  lr 9.76e-05
ep  10  it  1300/1563  loss 0.00056  recon 0.00056  kl 5.41  lr 9.76e-05
ep  10  it  1350/1563  loss 0.00056  recon 0.00055  kl 5.41  lr 9.76e-05
ep  10  it  1400/1563  loss 0.00056  recon 0.00055  kl 5.41  lr 9.76e-05
ep  10  it  1450/1563  loss 0.00056  recon 0.00055  kl 5.41  lr 9.75e-05
ep  10  it  1500/1563  loss 0.00056  recon 0.00055  kl 5.40  lr 9.75e-05
ep  10  it  1550/1563  loss 0.00056  recon 0.00055  kl 5.40  lr 9.75e-05
[epoch 10] loss=0.00056  recon=0.00055  kl=5.40  lr=9.75e-05  time=2.3 min
ep  11  it    50/1563  loss 0.00054  recon 0.00053  kl 5.39  lr 9.75e-05
ep  11  it   100/1563  loss 0.00053  recon 0.00053  kl 5.38  lr 9.75e-05
ep  11  it   150/1563  loss 0.00053  recon 0.00053  kl 5.38  lr 9.75e-05
ep  11  it   200/1563  loss 0.00053  recon 0.00052  kl 5.38  lr 9.74e-05
ep  11  it   250/1563  loss 0.00053  recon 0.00052  kl 5.37  lr 9.74e-05
ep  11  it   300/1563  loss 0.00053  recon 0.00053  kl 5.37  lr 9.74e-05
ep  11  it   350/1563  loss 0.00053  recon 0.00053  kl 5.37  lr 9.74e-05
ep  11  it   400/1563  loss 0.00053  recon 0.00053  kl 5.37  lr 9.74e-05
ep  11  it   450/1563  loss 0.00053  recon 0.00052  kl 5.37  lr 9.74e-05
ep  11  it   500/1563  loss 0.00053  recon 0.00052  kl 5.37  lr 9.73e-05
ep  11  it   550/1563  loss 0.00053  recon 0.00053  kl 5.37  lr 9.73e-05
ep  11  it   600/1563  loss 0.00053  recon 0.00052  kl 5.37  lr 9.73e-05
ep  11  it   650/1563  loss 0.00053  recon 0.00053  kl 5.37  lr 9.73e-05
ep  11  it   700/1563  loss 0.00053  recon 0.00052  kl 5.37  lr 9.73e-05
ep  11  it   750/1563  loss 0.00053  recon 0.00052  kl 5.37  lr 9.73e-05
ep  11  it   800/1563  loss 0.00053  recon 0.00052  kl 5.37  lr 9.72e-05
ep  11  it   850/1563  loss 0.00053  recon 0.00052  kl 5.36  lr 9.72e-05
ep  11  it   900/1563  loss 0.00053  recon 0.00052  kl 5.36  lr 9.72e-05
ep  11  it   950/1563  loss 0.00053  recon 0.00052  kl 5.36  lr 9.72e-05
ep  11  it  1000/1563  loss 0.00053  recon 0.00052  kl 5.36  lr 9.72e-05
ep  11  it  1050/1563  loss 0.00053  recon 0.00052  kl 5.36  lr 9.72e-05
ep  11  it  1100/1563  loss 0.00053  recon 0.00052  kl 5.36  lr 9.71e-05
ep  11  it  1150/1563  loss 0.00053  recon 0.00052  kl 5.36  lr 9.71e-05
ep  11  it  1200/1563  loss 0.00053  recon 0.00052  kl 5.36  lr 9.71e-05
ep  11  it  1250/1563  loss 0.00053  recon 0.00052  kl 5.36  lr 9.71e-05
ep  11  it  1300/1563  loss 0.00052  recon 0.00052  kl 5.36  lr 9.71e-05
ep  11  it  1350/1563  loss 0.00052  recon 0.00052  kl 5.36  lr 9.71e-05
ep  11  it  1400/1563  loss 0.00052  recon 0.00052  kl 5.36  lr 9.70e-05
ep  11  it  1450/1563  loss 0.00052  recon 0.00052  kl 5.36  lr 9.70e-05
ep  11  it  1500/1563  loss 0.00052  recon 0.00052  kl 5.36  lr 9.70e-05
ep  11  it  1550/1563  loss 0.00052  recon 0.00052  kl 5.36  lr 9.70e-05
[epoch 11] loss=0.00052  recon=0.00052  kl=5.35  lr=9.70e-05  time=2.3 min
ep  12  it    50/1563  loss 0.00051  recon 0.00051  kl 5.33  lr 9.70e-05
ep  12  it   100/1563  loss 0.00050  recon 0.00050  kl 5.33  lr 9.69e-05
ep  12  it   150/1563  loss 0.00050  recon 0.00049  kl 5.33  lr 9.69e-05
ep  12  it   200/1563  loss 0.00050  recon 0.00049  kl 5.33  lr 9.69e-05
ep  12  it   250/1563  loss 0.00050  recon 0.00049  kl 5.33  lr 9.69e-05
ep  12  it   300/1563  loss 0.00050  recon 0.00050  kl 5.33  lr 9.69e-05
ep  12  it   350/1563  loss 0.00050  recon 0.00050  kl 5.33  lr 9.69e-05
ep  12  it   400/1563  loss 0.00050  recon 0.00050  kl 5.33  lr 9.68e-05
ep  12  it   450/1563  loss 0.00050  recon 0.00050  kl 5.33  lr 9.68e-05
ep  12  it   500/1563  loss 0.00050  recon 0.00050  kl 5.33  lr 9.68e-05
ep  12  it   550/1563  loss 0.00050  recon 0.00050  kl 5.33  lr 9.68e-05
ep  12  it   600/1563  loss 0.00050  recon 0.00050  kl 5.32  lr 9.68e-05
ep  12  it   650/1563  loss 0.00050  recon 0.00050  kl 5.32  lr 9.68e-05
ep  12  it   700/1563  loss 0.00050  recon 0.00050  kl 5.32  lr 9.67e-05
ep  12  it   750/1563  loss 0.00050  recon 0.00050  kl 5.32  lr 9.67e-05
ep  12  it   800/1563  loss 0.00050  recon 0.00050  kl 5.32  lr 9.67e-05
ep  12  it   850/1563  loss 0.00050  recon 0.00050  kl 5.32  lr 9.67e-05
ep  12  it   900/1563  loss 0.00050  recon 0.00050  kl 5.32  lr 9.67e-05
ep  12  it   950/1563  loss 0.00050  recon 0.00049  kl 5.32  lr 9.66e-05
ep  12  it  1000/1563  loss 0.00050  recon 0.00049  kl 5.32  lr 9.66e-05
ep  12  it  1050/1563  loss 0.00050  recon 0.00049  kl 5.32  lr 9.66e-05
ep  12  it  1100/1563  loss 0.00050  recon 0.00049  kl 5.32  lr 9.66e-05
ep  12  it  1150/1563  loss 0.00050  recon 0.00049  kl 5.32  lr 9.66e-05
ep  12  it  1200/1563  loss 0.00050  recon 0.00049  kl 5.32  lr 9.66e-05
ep  12  it  1250/1563  loss 0.00050  recon 0.00049  kl 5.32  lr 9.65e-05
ep  12  it  1300/1563  loss 0.00050  recon 0.00049  kl 5.32  lr 9.65e-05
ep  12  it  1350/1563  loss 0.00050  recon 0.00049  kl 5.32  lr 9.65e-05
ep  12  it  1400/1563  loss 0.00050  recon 0.00049  kl 5.32  lr 9.65e-05
ep  12  it  1450/1563  loss 0.00050  recon 0.00049  kl 5.32  lr 9.65e-05
ep  12  it  1500/1563  loss 0.00050  recon 0.00049  kl 5.32  lr 9.64e-05
ep  12  it  1550/1563  loss 0.00049  recon 0.00049  kl 5.32  lr 9.64e-05
[epoch 12] loss=0.00049  recon=0.00049  kl=5.32  lr=9.64e-05  time=2.3 min
ep  13  it    50/1563  loss 0.00048  recon 0.00048  kl 5.31  lr 9.64e-05
ep  13  it   100/1563  loss 0.00048  recon 0.00048  kl 5.31  lr 9.64e-05
ep  13  it   150/1563  loss 0.00048  recon 0.00047  kl 5.31  lr 9.64e-05
ep  13  it   200/1563  loss 0.00048  recon 0.00047  kl 5.31  lr 9.63e-05
ep  13  it   250/1563  loss 0.00048  recon 0.00047  kl 5.31  lr 9.63e-05
ep  13  it   300/1563  loss 0.00048  recon 0.00047  kl 5.31  lr 9.63e-05
ep  13  it   350/1563  loss 0.00048  recon 0.00047  kl 5.30  lr 9.63e-05
ep  13  it   400/1563  loss 0.00048  recon 0.00047  kl 5.30  lr 9.63e-05
ep  13  it   450/1563  loss 0.00048  recon 0.00047  kl 5.30  lr 9.62e-05
ep  13  it   500/1563  loss 0.00048  recon 0.00047  kl 5.30  lr 9.62e-05
ep  13  it   550/1563  loss 0.00048  recon 0.00047  kl 5.30  lr 9.62e-05
ep  13  it   600/1563  loss 0.00048  recon 0.00047  kl 5.30  lr 9.62e-05
ep  13  it   650/1563  loss 0.00048  recon 0.00047  kl 5.30  lr 9.62e-05
ep  13  it   700/1563  loss 0.00048  recon 0.00047  kl 5.30  lr 9.61e-05
ep  13  it   750/1563  loss 0.00048  recon 0.00047  kl 5.29  lr 9.61e-05
ep  13  it   800/1563  loss 0.00048  recon 0.00047  kl 5.29  lr 9.61e-05
ep  13  it   850/1563  loss 0.00048  recon 0.00047  kl 5.29  lr 9.61e-05
ep  13  it   900/1563  loss 0.00048  recon 0.00047  kl 5.29  lr 9.61e-05
ep  13  it   950/1563  loss 0.00047  recon 0.00047  kl 5.29  lr 9.61e-05
ep  13  it  1000/1563  loss 0.00047  recon 0.00047  kl 5.29  lr 9.60e-05
ep  13  it  1050/1563  loss 0.00047  recon 0.00047  kl 5.29  lr 9.60e-05
ep  13  it  1100/1563  loss 0.00047  recon 0.00047  kl 5.29  lr 9.60e-05
ep  13  it  1150/1563  loss 0.00047  recon 0.00047  kl 5.29  lr 9.60e-05
ep  13  it  1200/1563  loss 0.00047  recon 0.00047  kl 5.29  lr 9.60e-05
ep  13  it  1250/1563  loss 0.00047  recon 0.00047  kl 5.29  lr 9.59e-05
ep  13  it  1300/1563  loss 0.00047  recon 0.00047  kl 5.29  lr 9.59e-05
ep  13  it  1350/1563  loss 0.00047  recon 0.00047  kl 5.29  lr 9.59e-05
ep  13  it  1400/1563  loss 0.00047  recon 0.00047  kl 5.29  lr 9.59e-05
ep  13  it  1450/1563  loss 0.00047  recon 0.00047  kl 5.29  lr 9.59e-05
ep  13  it  1500/1563  loss 0.00047  recon 0.00047  kl 5.29  lr 9.58e-05
ep  13  it  1550/1563  loss 0.00047  recon 0.00047  kl 5.29  lr 9.58e-05
[epoch 13] loss=0.00047  recon=0.00047  kl=5.29  lr=9.58e-05  time=2.3 min
ep  14  it    50/1563  loss 0.00047  recon 0.00046  kl 5.29  lr 9.58e-05
ep  14  it   100/1563  loss 0.00046  recon 0.00046  kl 5.28  lr 9.58e-05
ep  14  it   150/1563  loss 0.00046  recon 0.00046  kl 5.28  lr 9.57e-05
ep  14  it   200/1563  loss 0.00046  recon 0.00045  kl 5.28  lr 9.57e-05
ep  14  it   250/1563  loss 0.00046  recon 0.00045  kl 5.28  lr 9.57e-05
ep  14  it   300/1563  loss 0.00046  recon 0.00045  kl 5.28  lr 9.57e-05
ep  14  it   350/1563  loss 0.00046  recon 0.00045  kl 5.28  lr 9.57e-05
ep  14  it   400/1563  loss 0.00045  recon 0.00045  kl 5.28  lr 9.56e-05
ep  14  it   450/1563  loss 0.00045  recon 0.00045  kl 5.28  lr 9.56e-05
ep  14  it   500/1563  loss 0.00045  recon 0.00045  kl 5.28  lr 9.56e-05
ep  14  it   550/1563  loss 0.00045  recon 0.00045  kl 5.28  lr 9.56e-05
ep  14  it   600/1563  loss 0.00045  recon 0.00045  kl 5.28  lr 9.56e-05
ep  14  it   650/1563  loss 0.00045  recon 0.00045  kl 5.27  lr 9.55e-05
ep  14  it   700/1563  loss 0.00045  recon 0.00045  kl 5.28  lr 9.55e-05
ep  14  it   750/1563  loss 0.00045  recon 0.00045  kl 5.28  lr 9.55e-05
ep  14  it   800/1563  loss 0.00045  recon 0.00045  kl 5.27  lr 9.55e-05
ep  14  it   850/1563  loss 0.00045  recon 0.00045  kl 5.27  lr 9.55e-05
ep  14  it   900/1563  loss 0.00045  recon 0.00045  kl 5.27  lr 9.54e-05
ep  14  it   950/1563  loss 0.00045  recon 0.00045  kl 5.27  lr 9.54e-05
ep  14  it  1000/1563  loss 0.00045  recon 0.00045  kl 5.27  lr 9.54e-05
ep  14  it  1050/1563  loss 0.00045  recon 0.00045  kl 5.27  lr 9.54e-05
ep  14  it  1100/1563  loss 0.00045  recon 0.00045  kl 5.27  lr 9.53e-05
ep  14  it  1150/1563  loss 0.00045  recon 0.00044  kl 5.27  lr 9.53e-05
ep  14  it  1200/1563  loss 0.00045  recon 0.00044  kl 5.27  lr 9.53e-05
ep  14  it  1250/1563  loss 0.00045  recon 0.00044  kl 5.27  lr 9.53e-05
ep  14  it  1300/1563  loss 0.00045  recon 0.00044  kl 5.27  lr 9.53e-05
ep  14  it  1350/1563  loss 0.00045  recon 0.00044  kl 5.27  lr 9.52e-05
ep  14  it  1400/1563  loss 0.00045  recon 0.00044  kl 5.27  lr 9.52e-05
ep  14  it  1450/1563  loss 0.00045  recon 0.00044  kl 5.27  lr 9.52e-05
ep  14  it  1500/1563  loss 0.00045  recon 0.00044  kl 5.27  lr 9.52e-05
ep  14  it  1550/1563  loss 0.00045  recon 0.00044  kl 5.27  lr 9.52e-05
[epoch 14] loss=0.00045  recon=0.00044  kl=5.27  lr=9.51e-05  time=2.3 min
ep  15  it    50/1563  loss 0.00044  recon 0.00044  kl 5.26  lr 9.51e-05
ep  15  it   100/1563  loss 0.00044  recon 0.00044  kl 5.26  lr 9.51e-05
ep  15  it   150/1563  loss 0.00044  recon 0.00043  kl 5.26  lr 9.51e-05
ep  15  it   200/1563  loss 0.00044  recon 0.00043  kl 5.26  lr 9.51e-05
ep  15  it   250/1563  loss 0.00043  recon 0.00043  kl 5.26  lr 9.50e-05
ep  15  it   300/1563  loss 0.00044  recon 0.00043  kl 5.26  lr 9.50e-05
ep  15  it   350/1563  loss 0.00043  recon 0.00043  kl 5.26  lr 9.50e-05
ep  15  it   400/1563  loss 0.00043  recon 0.00043  kl 5.25  lr 9.50e-05
ep  15  it   450/1563  loss 0.00043  recon 0.00043  kl 5.25  lr 9.49e-05
ep  15  it   500/1563  loss 0.00043  recon 0.00043  kl 5.25  lr 9.49e-05
ep  15  it   550/1563  loss 0.00043  recon 0.00043  kl 5.25  lr 9.49e-05
ep  15  it   600/1563  loss 0.00043  recon 0.00043  kl 5.25  lr 9.49e-05
ep  15  it   650/1563  loss 0.00043  recon 0.00043  kl 5.25  lr 9.49e-05
ep  15  it   700/1563  loss 0.00043  recon 0.00043  kl 5.25  lr 9.48e-05
ep  15  it   750/1563  loss 0.00043  recon 0.00043  kl 5.25  lr 9.48e-05
ep  15  it   800/1563  loss 0.00043  recon 0.00043  kl 5.25  lr 9.48e-05
ep  15  it   850/1563  loss 0.00043  recon 0.00043  kl 5.25  lr 9.48e-05
ep  15  it   900/1563  loss 0.00043  recon 0.00043  kl 5.25  lr 9.47e-05
ep  15  it   950/1563  loss 0.00043  recon 0.00043  kl 5.25  lr 9.47e-05
ep  15  it  1000/1563  loss 0.00043  recon 0.00043  kl 5.25  lr 9.47e-05
ep  15  it  1050/1563  loss 0.00043  recon 0.00043  kl 5.25  lr 9.47e-05
ep  15  it  1100/1563  loss 0.00043  recon 0.00043  kl 5.25  lr 9.47e-05
ep  15  it  1150/1563  loss 0.00043  recon 0.00043  kl 5.25  lr 9.46e-05
ep  15  it  1200/1563  loss 0.00043  recon 0.00043  kl 5.25  lr 9.46e-05
ep  15  it  1250/1563  loss 0.00043  recon 0.00043  kl 5.25  lr 9.46e-05
ep  15  it  1300/1563  loss 0.00043  recon 0.00043  kl 5.25  lr 9.46e-05
ep  15  it  1350/1563  loss 0.00043  recon 0.00042  kl 5.24  lr 9.45e-05
ep  15  it  1400/1563  loss 0.00043  recon 0.00042  kl 5.24  lr 9.45e-05
ep  15  it  1450/1563  loss 0.00043  recon 0.00042  kl 5.24  lr 9.45e-05
ep  15  it  1500/1563  loss 0.00043  recon 0.00042  kl 5.24  lr 9.45e-05
ep  15  it  1550/1563  loss 0.00043  recon 0.00042  kl 5.24  lr 9.44e-05
[epoch 15] loss=0.00043  recon=0.00042  kl=5.24  lr=9.44e-05  time=2.4 min
ep  16  it    50/1563  loss 0.00041  recon 0.00041  kl 5.23  lr 9.44e-05
ep  16  it   100/1563  loss 0.00041  recon 0.00040  kl 5.22  lr 9.44e-05
ep  16  it   150/1563  loss 0.00042  recon 0.00041  kl 5.22  lr 9.44e-05
ep  16  it   200/1563  loss 0.00041  recon 0.00041  kl 5.22  lr 9.43e-05
ep  16  it   250/1563  loss 0.00042  recon 0.00041  kl 5.23  lr 9.43e-05
ep  16  it   300/1563  loss 0.00042  recon 0.00041  kl 5.22  lr 9.43e-05
ep  16  it   350/1563  loss 0.00042  recon 0.00041  kl 5.23  lr 9.43e-05
ep  16  it   400/1563  loss 0.00042  recon 0.00041  kl 5.23  lr 9.43e-05
ep  16  it   450/1563  loss 0.00042  recon 0.00041  kl 5.23  lr 9.42e-05
ep  16  it   500/1563  loss 0.00042  recon 0.00041  kl 5.23  lr 9.42e-05
ep  16  it   550/1563  loss 0.00042  recon 0.00041  kl 5.23  lr 9.42e-05
ep  16  it   600/1563  loss 0.00042  recon 0.00041  kl 5.23  lr 9.42e-05
ep  16  it   650/1563  loss 0.00042  recon 0.00041  kl 5.23  lr 9.41e-05
ep  16  it   700/1563  loss 0.00042  recon 0.00041  kl 5.22  lr 9.41e-05
ep  16  it   750/1563  loss 0.00041  recon 0.00041  kl 5.22  lr 9.41e-05
ep  16  it   800/1563  loss 0.00041  recon 0.00041  kl 5.22  lr 9.41e-05
ep  16  it   850/1563  loss 0.00041  recon 0.00041  kl 5.22  lr 9.40e-05
ep  16  it   900/1563  loss 0.00042  recon 0.00041  kl 5.22  lr 9.40e-05
ep  16  it   950/1563  loss 0.00041  recon 0.00041  kl 5.22  lr 9.40e-05
ep  16  it  1000/1563  loss 0.00041  recon 0.00041  kl 5.22  lr 9.40e-05
ep  16  it  1050/1563  loss 0.00041  recon 0.00041  kl 5.22  lr 9.39e-05
ep  16  it  1100/1563  loss 0.00041  recon 0.00041  kl 5.22  lr 9.39e-05
ep  16  it  1150/1563  loss 0.00041  recon 0.00041  kl 5.22  lr 9.39e-05
ep  16  it  1200/1563  loss 0.00041  recon 0.00041  kl 5.22  lr 9.39e-05
ep  16  it  1250/1563  loss 0.00041  recon 0.00041  kl 5.22  lr 9.38e-05
ep  16  it  1300/1563  loss 0.00041  recon 0.00041  kl 5.22  lr 9.38e-05
ep  16  it  1350/1563  loss 0.00041  recon 0.00041  kl 5.22  lr 9.38e-05
ep  16  it  1400/1563  loss 0.00041  recon 0.00041  kl 5.22  lr 9.38e-05
ep  16  it  1450/1563  loss 0.00041  recon 0.00041  kl 5.22  lr 9.37e-05
ep  16  it  1500/1563  loss 0.00041  recon 0.00041  kl 5.22  lr 9.37e-05
ep  16  it  1550/1563  loss 0.00041  recon 0.00041  kl 5.22  lr 9.37e-05
[epoch 16] loss=0.00041  recon=0.00041  kl=5.22  lr=9.37e-05  time=2.4 min
ep  17  it    50/1563  loss 0.00040  recon 0.00040  kl 5.22  lr 9.37e-05
ep  17  it   100/1563  loss 0.00041  recon 0.00040  kl 5.22  lr 9.36e-05
ep  17  it   150/1563  loss 0.00040  recon 0.00040  kl 5.22  lr 9.36e-05
ep  17  it   200/1563  loss 0.00040  recon 0.00040  kl 5.22  lr 9.36e-05
ep  17  it   250/1563  loss 0.00040  recon 0.00039  kl 5.22  lr 9.36e-05
ep  17  it   300/1563  loss 0.00040  recon 0.00039  kl 5.22  lr 9.35e-05
ep  17  it   350/1563  loss 0.00040  recon 0.00039  kl 5.21  lr 9.35e-05
ep  17  it   400/1563  loss 0.00040  recon 0.00039  kl 5.21  lr 9.35e-05
ep  17  it   450/1563  loss 0.00040  recon 0.00039  kl 5.21  lr 9.35e-05
ep  17  it   500/1563  loss 0.00040  recon 0.00039  kl 5.21  lr 9.34e-05
ep  17  it   550/1563  loss 0.00040  recon 0.00039  kl 5.21  lr 9.34e-05
ep  17  it   600/1563  loss 0.00040  recon 0.00039  kl 5.21  lr 9.34e-05
ep  17  it   650/1563  loss 0.00040  recon 0.00039  kl 5.21  lr 9.34e-05
ep  17  it   700/1563  loss 0.00040  recon 0.00039  kl 5.21  lr 9.33e-05
ep  17  it   750/1563  loss 0.00040  recon 0.00039  kl 5.21  lr 9.33e-05
ep  17  it   800/1563  loss 0.00040  recon 0.00039  kl 5.21  lr 9.33e-05
ep  17  it   850/1563  loss 0.00040  recon 0.00039  kl 5.21  lr 9.33e-05
ep  17  it   900/1563  loss 0.00040  recon 0.00039  kl 5.21  lr 9.32e-05
ep  17  it   950/1563  loss 0.00040  recon 0.00039  kl 5.21  lr 9.32e-05
ep  17  it  1000/1563  loss 0.00040  recon 0.00039  kl 5.21  lr 9.32e-05
ep  17  it  1050/1563  loss 0.00040  recon 0.00039  kl 5.21  lr 9.32e-05
ep  17  it  1100/1563  loss 0.00040  recon 0.00039  kl 5.21  lr 9.31e-05
ep  17  it  1150/1563  loss 0.00040  recon 0.00039  kl 5.21  lr 9.31e-05
ep  17  it  1200/1563  loss 0.00040  recon 0.00039  kl 5.21  lr 9.31e-05
ep  17  it  1250/1563  loss 0.00040  recon 0.00039  kl 5.21  lr 9.31e-05
ep  17  it  1300/1563  loss 0.00040  recon 0.00039  kl 5.21  lr 9.30e-05
ep  17  it  1350/1563  loss 0.00040  recon 0.00039  kl 5.21  lr 9.30e-05
ep  17  it  1400/1563  loss 0.00040  recon 0.00039  kl 5.21  lr 9.30e-05
ep  17  it  1450/1563  loss 0.00040  recon 0.00039  kl 5.21  lr 9.30e-05
ep  17  it  1500/1563  loss 0.00040  recon 0.00039  kl 5.21  lr 9.29e-05
ep  17  it  1550/1563  loss 0.00040  recon 0.00039  kl 5.21  lr 9.29e-05
[epoch 17] loss=0.00040  recon=0.00039  kl=5.21  lr=9.29e-05  time=2.4 min
ep  18  it    50/1563  loss 0.00038  recon 0.00038  kl 5.20  lr 9.29e-05
ep  18  it   100/1563  loss 0.00038  recon 0.00038  kl 5.20  lr 9.28e-05
ep  18  it   150/1563  loss 0.00038  recon 0.00038  kl 5.20  lr 9.28e-05
ep  18  it   200/1563  loss 0.00039  recon 0.00038  kl 5.20  lr 9.28e-05
ep  18  it   250/1563  loss 0.00039  recon 0.00038  kl 5.20  lr 9.28e-05
ep  18  it   300/1563  loss 0.00039  recon 0.00038  kl 5.20  lr 9.27e-05
ep  18  it   350/1563  loss 0.00039  recon 0.00038  kl 5.20  lr 9.27e-05
ep  18  it   400/1563  loss 0.00039  recon 0.00038  kl 5.20  lr 9.27e-05
ep  18  it   450/1563  loss 0.00038  recon 0.00038  kl 5.20  lr 9.27e-05
ep  18  it   500/1563  loss 0.00038  recon 0.00038  kl 5.20  lr 9.26e-05
ep  18  it   550/1563  loss 0.00038  recon 0.00038  kl 5.20  lr 9.26e-05
ep  18  it   600/1563  loss 0.00039  recon 0.00038  kl 5.20  lr 9.26e-05
ep  18  it   650/1563  loss 0.00039  recon 0.00038  kl 5.20  lr 9.26e-05
ep  18  it   700/1563  loss 0.00039  recon 0.00038  kl 5.20  lr 9.25e-05
ep  18  it   750/1563  loss 0.00039  recon 0.00038  kl 5.20  lr 9.25e-05
ep  18  it   800/1563  loss 0.00039  recon 0.00038  kl 5.20  lr 9.25e-05
ep  18  it   850/1563  loss 0.00038  recon 0.00038  kl 5.20  lr 9.24e-05
ep  18  it   900/1563  loss 0.00038  recon 0.00038  kl 5.19  lr 9.24e-05
ep  18  it   950/1563  loss 0.00038  recon 0.00038  kl 5.20  lr 9.24e-05
ep  18  it  1000/1563  loss 0.00038  recon 0.00038  kl 5.19  lr 9.24e-05
ep  18  it  1050/1563  loss 0.00038  recon 0.00038  kl 5.19  lr 9.23e-05
ep  18  it  1100/1563  loss 0.00038  recon 0.00038  kl 5.19  lr 9.23e-05
ep  18  it  1150/1563  loss 0.00038  recon 0.00038  kl 5.19  lr 9.23e-05
ep  18  it  1200/1563  loss 0.00038  recon 0.00038  kl 5.19  lr 9.23e-05
ep  18  it  1250/1563  loss 0.00038  recon 0.00038  kl 5.19  lr 9.22e-05
ep  18  it  1300/1563  loss 0.00038  recon 0.00038  kl 5.19  lr 9.22e-05
ep  18  it  1350/1563  loss 0.00038  recon 0.00038  kl 5.19  lr 9.22e-05
ep  18  it  1400/1563  loss 0.00038  recon 0.00038  kl 5.19  lr 9.22e-05
ep  18  it  1450/1563  loss 0.00038  recon 0.00038  kl 5.19  lr 9.21e-05
ep  18  it  1500/1563  loss 0.00038  recon 0.00038  kl 5.19  lr 9.21e-05
ep  18  it  1550/1563  loss 0.00038  recon 0.00038  kl 5.19  lr 9.21e-05
[epoch 18] loss=0.00038  recon=0.00038  kl=5.19  lr=9.21e-05  time=2.4 min
ep  19  it    50/1563  loss 0.00038  recon 0.00037  kl 5.18  lr 9.20e-05
ep  19  it   100/1563  loss 0.00038  recon 0.00037  kl 5.18  lr 9.20e-05
ep  19  it   150/1563  loss 0.00038  recon 0.00037  kl 5.18  lr 9.20e-05
ep  19  it   200/1563  loss 0.00038  recon 0.00037  kl 5.18  lr 9.20e-05
ep  19  it   250/1563  loss 0.00037  recon 0.00037  kl 5.18  lr 9.19e-05
ep  19  it   300/1563  loss 0.00038  recon 0.00037  kl 5.19  lr 9.19e-05
ep  19  it   350/1563  loss 0.00038  recon 0.00037  kl 5.19  lr 9.19e-05
ep  19  it   400/1563  loss 0.00038  recon 0.00037  kl 5.19  lr 9.18e-05
ep  19  it   450/1563  loss 0.00037  recon 0.00037  kl 5.19  lr 9.18e-05
ep  19  it   500/1563  loss 0.00037  recon 0.00037  kl 5.19  lr 9.18e-05
ep  19  it   550/1563  loss 0.00037  recon 0.00037  kl 5.19  lr 9.18e-05
ep  19  it   600/1563  loss 0.00037  recon 0.00037  kl 5.19  lr 9.17e-05
ep  19  it   650/1563  loss 0.00037  recon 0.00037  kl 5.19  lr 9.17e-05
ep  19  it   700/1563  loss 0.00037  recon 0.00037  kl 5.19  lr 9.17e-05
ep  19  it   750/1563  loss 0.00037  recon 0.00037  kl 5.19  lr 9.16e-05
ep  19  it   800/1563  loss 0.00037  recon 0.00037  kl 5.19  lr 9.16e-05
ep  19  it   850/1563  loss 0.00037  recon 0.00037  kl 5.19  lr 9.16e-05
ep  19  it   900/1563  loss 0.00037  recon 0.00037  kl 5.19  lr 9.16e-05
ep  19  it   950/1563  loss 0.00037  recon 0.00037  kl 5.18  lr 9.15e-05
ep  19  it  1000/1563  loss 0.00037  recon 0.00037  kl 5.18  lr 9.15e-05
ep  19  it  1050/1563  loss 0.00037  recon 0.00037  kl 5.19  lr 9.15e-05
ep  19  it  1100/1563  loss 0.00037  recon 0.00037  kl 5.19  lr 9.14e-05
ep  19  it  1150/1563  loss 0.00037  recon 0.00037  kl 5.19  lr 9.14e-05
ep  19  it  1200/1563  loss 0.00037  recon 0.00037  kl 5.18  lr 9.14e-05
ep  19  it  1250/1563  loss 0.00037  recon 0.00037  kl 5.18  lr 9.14e-05
ep  19  it  1300/1563  loss 0.00037  recon 0.00036  kl 5.18  lr 9.13e-05
ep  19  it  1350/1563  loss 0.00037  recon 0.00036  kl 5.18  lr 9.13e-05
ep  19  it  1400/1563  loss 0.00037  recon 0.00036  kl 5.18  lr 9.13e-05
ep  19  it  1450/1563  loss 0.00037  recon 0.00036  kl 5.18  lr 9.12e-05
ep  19  it  1500/1563  loss 0.00037  recon 0.00036  kl 5.18  lr 9.12e-05
ep  19  it  1550/1563  loss 0.00037  recon 0.00036  kl 5.18  lr 9.12e-05
[epoch 19] loss=0.00037  recon=0.00036  kl=5.18  lr=9.12e-05  time=2.4 min
ep  20  it    50/1563  loss 0.00036  recon 0.00035  kl 5.16  lr 9.12e-05
ep  20  it   100/1563  loss 0.00036  recon 0.00035  kl 5.17  lr 9.11e-05
ep  20  it   150/1563  loss 0.00035  recon 0.00035  kl 5.17  lr 9.11e-05
ep  20  it   200/1563  loss 0.00036  recon 0.00035  kl 5.17  lr 9.11e-05
ep  20  it   250/1563  loss 0.00036  recon 0.00035  kl 5.17  lr 9.10e-05
ep  20  it   300/1563  loss 0.00036  recon 0.00035  kl 5.17  lr 9.10e-05
ep  20  it   350/1563  loss 0.00036  recon 0.00035  kl 5.17  lr 9.10e-05
ep  20  it   400/1563  loss 0.00036  recon 0.00035  kl 5.17  lr 9.10e-05
ep  20  it   450/1563  loss 0.00036  recon 0.00035  kl 5.17  lr 9.09e-05
ep  20  it   500/1563  loss 0.00036  recon 0.00035  kl 5.17  lr 9.09e-05
ep  20  it   550/1563  loss 0.00036  recon 0.00036  kl 5.18  lr 9.09e-05
ep  20  it   600/1563  loss 0.00036  recon 0.00035  kl 5.18  lr 9.08e-05
ep  20  it   650/1563  loss 0.00036  recon 0.00035  kl 5.17  lr 9.08e-05
ep  20  it   700/1563  loss 0.00036  recon 0.00035  kl 5.17  lr 9.08e-05
ep  20  it   750/1563  loss 0.00036  recon 0.00035  kl 5.17  lr 9.07e-05
ep  20  it   800/1563  loss 0.00036  recon 0.00035  kl 5.17  lr 9.07e-05
ep  20  it   850/1563  loss 0.00036  recon 0.00035  kl 5.17  lr 9.07e-05
ep  20  it   900/1563  loss 0.00036  recon 0.00035  kl 5.17  lr 9.07e-05
ep  20  it   950/1563  loss 0.00036  recon 0.00035  kl 5.17  lr 9.06e-05
ep  20  it  1000/1563  loss 0.00036  recon 0.00035  kl 5.17  lr 9.06e-05
ep  20  it  1050/1563  loss 0.00036  recon 0.00035  kl 5.17  lr 9.06e-05
ep  20  it  1100/1563  loss 0.00036  recon 0.00035  kl 5.17  lr 9.05e-05
ep  20  it  1150/1563  loss 0.00036  recon 0.00035  kl 5.17  lr 9.05e-05
ep  20  it  1200/1563  loss 0.00036  recon 0.00035  kl 5.17  lr 9.05e-05
ep  20  it  1250/1563  loss 0.00036  recon 0.00035  kl 5.17  lr 9.05e-05
ep  20  it  1300/1563  loss 0.00036  recon 0.00035  kl 5.17  lr 9.04e-05
ep  20  it  1350/1563  loss 0.00036  recon 0.00035  kl 5.17  lr 9.04e-05
ep  20  it  1400/1563  loss 0.00036  recon 0.00035  kl 5.17  lr 9.04e-05
ep  20  it  1450/1563  loss 0.00036  recon 0.00035  kl 5.17  lr 9.03e-05
ep  20  it  1500/1563  loss 0.00036  recon 0.00035  kl 5.17  lr 9.03e-05
ep  20  it  1550/1563  loss 0.00036  recon 0.00035  kl 5.17  lr 9.03e-05
[epoch 20] loss=0.00036  recon=0.00035  kl=5.17  lr=9.03e-05  time=2.6 min
ep  21  it    50/1563  loss 0.00034  recon 0.00033  kl 5.16  lr 9.02e-05
ep  21  it   100/1563  loss 0.00034  recon 0.00034  kl 5.16  lr 9.02e-05
ep  21  it   150/1563  loss 0.00035  recon 0.00034  kl 5.16  lr 9.02e-05
ep  21  it   200/1563  loss 0.00035  recon 0.00034  kl 5.16  lr 9.01e-05
ep  21  it   250/1563  loss 0.00035  recon 0.00034  kl 5.16  lr 9.01e-05
ep  21  it   300/1563  loss 0.00035  recon 0.00034  kl 5.16  lr 9.01e-05
ep  21  it   350/1563  loss 0.00035  recon 0.00034  kl 5.16  lr 9.01e-05
ep  21  it   400/1563  loss 0.00035  recon 0.00034  kl 5.16  lr 9.00e-05
ep  21  it   450/1563  loss 0.00035  recon 0.00034  kl 5.16  lr 9.00e-05
ep  21  it   500/1563  loss 0.00035  recon 0.00034  kl 5.16  lr 9.00e-05
ep  21  it   550/1563  loss 0.00035  recon 0.00034  kl 5.16  lr 8.99e-05
ep  21  it   600/1563  loss 0.00035  recon 0.00034  kl 5.16  lr 8.99e-05
ep  21  it   650/1563  loss 0.00035  recon 0.00034  kl 5.16  lr 8.99e-05
ep  21  it   700/1563  loss 0.00035  recon 0.00034  kl 5.16  lr 8.98e-05
ep  21  it   750/1563  loss 0.00035  recon 0.00034  kl 5.16  lr 8.98e-05
ep  21  it   800/1563  loss 0.00035  recon 0.00034  kl 5.16  lr 8.98e-05
ep  21  it   850/1563  loss 0.00035  recon 0.00034  kl 5.16  lr 8.97e-05
ep  21  it   900/1563  loss 0.00035  recon 0.00034  kl 5.16  lr 8.97e-05
ep  21  it   950/1563  loss 0.00035  recon 0.00034  kl 5.16  lr 8.97e-05
ep  21  it  1000/1563  loss 0.00035  recon 0.00034  kl 5.16  lr 8.97e-05
ep  21  it  1050/1563  loss 0.00035  recon 0.00034  kl 5.16  lr 8.96e-05
ep  21  it  1100/1563  loss 0.00035  recon 0.00034  kl 5.16  lr 8.96e-05
ep  21  it  1150/1563  loss 0.00035  recon 0.00034  kl 5.16  lr 8.96e-05
ep  21  it  1200/1563  loss 0.00035  recon 0.00034  kl 5.16  lr 8.95e-05
ep  21  it  1250/1563  loss 0.00035  recon 0.00034  kl 5.16  lr 8.95e-05
ep  21  it  1300/1563  loss 0.00035  recon 0.00034  kl 5.16  lr 8.95e-05
ep  21  it  1350/1563  loss 0.00035  recon 0.00034  kl 5.16  lr 8.94e-05
ep  21  it  1400/1563  loss 0.00035  recon 0.00034  kl 5.16  lr 8.94e-05
ep  21  it  1450/1563  loss 0.00035  recon 0.00034  kl 5.16  lr 8.94e-05
ep  21  it  1500/1563  loss 0.00035  recon 0.00034  kl 5.16  lr 8.93e-05
ep  21  it  1550/1563  loss 0.00035  recon 0.00034  kl 5.16  lr 8.93e-05
[epoch 21] loss=0.00035  recon=0.00034  kl=5.16  lr=8.93e-05  time=2.6 min
ep  22  it    50/1563  loss 0.00035  recon 0.00034  kl 5.15  lr 8.93e-05
ep  22  it   100/1563  loss 0.00034  recon 0.00034  kl 5.15  lr 8.92e-05
ep  22  it   150/1563  loss 0.00034  recon 0.00034  kl 5.15  lr 8.92e-05
ep  22  it   200/1563  loss 0.00034  recon 0.00034  kl 5.15  lr 8.92e-05
ep  22  it   250/1563  loss 0.00034  recon 0.00034  kl 5.15  lr 8.91e-05
ep  22  it   300/1563  loss 0.00034  recon 0.00033  kl 5.15  lr 8.91e-05
ep  22  it   350/1563  loss 0.00034  recon 0.00033  kl 5.15  lr 8.91e-05
ep  22  it   400/1563  loss 0.00034  recon 0.00033  kl 5.15  lr 8.91e-05
ep  22  it   450/1563  loss 0.00034  recon 0.00033  kl 5.15  lr 8.90e-05
ep  22  it   500/1563  loss 0.00034  recon 0.00033  kl 5.15  lr 8.90e-05
ep  22  it   550/1563  loss 0.00034  recon 0.00033  kl 5.15  lr 8.90e-05
ep  22  it   600/1563  loss 0.00034  recon 0.00033  kl 5.15  lr 8.89e-05
ep  22  it   650/1563  loss 0.00034  recon 0.00033  kl 5.15  lr 8.89e-05
ep  22  it   700/1563  loss 0.00034  recon 0.00033  kl 5.15  lr 8.89e-05
ep  22  it   750/1563  loss 0.00034  recon 0.00033  kl 5.15  lr 8.88e-05
ep  22  it   800/1563  loss 0.00034  recon 0.00033  kl 5.15  lr 8.88e-05
ep  22  it   850/1563  loss 0.00034  recon 0.00033  kl 5.15  lr 8.88e-05
ep  22  it   900/1563  loss 0.00034  recon 0.00033  kl 5.15  lr 8.87e-05
ep  22  it   950/1563  loss 0.00034  recon 0.00033  kl 5.15  lr 8.87e-05
ep  22  it  1000/1563  loss 0.00034  recon 0.00033  kl 5.15  lr 8.87e-05
ep  22  it  1050/1563  loss 0.00034  recon 0.00033  kl 5.15  lr 8.86e-05
ep  22  it  1100/1563  loss 0.00034  recon 0.00033  kl 5.15  lr 8.86e-05
ep  22  it  1150/1563  loss 0.00034  recon 0.00033  kl 5.15  lr 8.86e-05
ep  22  it  1200/1563  loss 0.00034  recon 0.00033  kl 5.15  lr 8.85e-05
ep  22  it  1250/1563  loss 0.00034  recon 0.00033  kl 5.15  lr 8.85e-05
ep  22  it  1300/1563  loss 0.00034  recon 0.00033  kl 5.15  lr 8.85e-05
ep  22  it  1350/1563  loss 0.00034  recon 0.00033  kl 5.15  lr 8.84e-05
ep  22  it  1400/1563  loss 0.00034  recon 0.00033  kl 5.15  lr 8.84e-05
ep  22  it  1450/1563  loss 0.00034  recon 0.00033  kl 5.15  lr 8.84e-05
ep  22  it  1500/1563  loss 0.00034  recon 0.00033  kl 5.15  lr 8.83e-05
ep  22  it  1550/1563  loss 0.00034  recon 0.00033  kl 5.15  lr 8.83e-05
[epoch 22] loss=0.00034  recon=0.00033  kl=5.15  lr=8.83e-05  time=2.6 min
ep  23  it    50/1563  loss 0.00033  recon 0.00033  kl 5.16  lr 8.83e-05
ep  23  it   100/1563  loss 0.00033  recon 0.00033  kl 5.16  lr 8.82e-05
ep  23  it   150/1563  loss 0.00033  recon 0.00033  kl 5.15  lr 8.82e-05
ep  23  it   200/1563  loss 0.00033  recon 0.00032  kl 5.15  lr 8.82e-05
ep  23  it   250/1563  loss 0.00033  recon 0.00032  kl 5.15  lr 8.81e-05
ep  23  it   300/1563  loss 0.00033  recon 0.00032  kl 5.14  lr 8.81e-05
ep  23  it   350/1563  loss 0.00033  recon 0.00032  kl 5.14  lr 8.81e-05
ep  23  it   400/1563  loss 0.00033  recon 0.00032  kl 5.14  lr 8.80e-05
ep  23  it   450/1563  loss 0.00033  recon 0.00032  kl 5.14  lr 8.80e-05
ep  23  it   500/1563  loss 0.00033  recon 0.00032  kl 5.14  lr 8.80e-05
ep  23  it   550/1563  loss 0.00033  recon 0.00032  kl 5.14  lr 8.79e-05
ep  23  it   600/1563  loss 0.00033  recon 0.00032  kl 5.15  lr 8.79e-05
ep  23  it   650/1563  loss 0.00033  recon 0.00032  kl 5.15  lr 8.79e-05
ep  23  it   700/1563  loss 0.00033  recon 0.00032  kl 5.15  lr 8.78e-05
ep  23  it   750/1563  loss 0.00033  recon 0.00032  kl 5.15  lr 8.78e-05
ep  23  it   800/1563  loss 0.00033  recon 0.00032  kl 5.15  lr 8.78e-05
ep  23  it   850/1563  loss 0.00033  recon 0.00032  kl 5.15  lr 8.77e-05
ep  23  it   900/1563  loss 0.00033  recon 0.00032  kl 5.15  lr 8.77e-05
ep  23  it   950/1563  loss 0.00033  recon 0.00032  kl 5.15  lr 8.77e-05
ep  23  it  1000/1563  loss 0.00033  recon 0.00032  kl 5.15  lr 8.76e-05
ep  23  it  1050/1563  loss 0.00033  recon 0.00032  kl 5.15  lr 8.76e-05
ep  23  it  1100/1563  loss 0.00033  recon 0.00032  kl 5.15  lr 8.76e-05
ep  23  it  1150/1563  loss 0.00033  recon 0.00032  kl 5.15  lr 8.75e-05
ep  23  it  1200/1563  loss 0.00033  recon 0.00032  kl 5.15  lr 8.75e-05
ep  23  it  1250/1563  loss 0.00033  recon 0.00032  kl 5.15  lr 8.75e-05
ep  23  it  1300/1563  loss 0.00033  recon 0.00032  kl 5.15  lr 8.74e-05
ep  23  it  1350/1563  loss 0.00033  recon 0.00032  kl 5.15  lr 8.74e-05
ep  23  it  1400/1563  loss 0.00033  recon 0.00032  kl 5.15  lr 8.74e-05
ep  23  it  1450/1563  loss 0.00033  recon 0.00032  kl 5.15  lr 8.73e-05
ep  23  it  1500/1563  loss 0.00033  recon 0.00032  kl 5.15  lr 8.73e-05
ep  23  it  1550/1563  loss 0.00033  recon 0.00032  kl 5.15  lr 8.73e-05
[epoch 23] loss=0.00033  recon=0.00032  kl=5.15  lr=8.73e-05  time=2.6 min
ep  24  it    50/1563  loss 0.00032  recon 0.00032  kl 5.15  lr 8.72e-05
ep  24  it   100/1563  loss 0.00032  recon 0.00031  kl 5.14  lr 8.72e-05
ep  24  it   150/1563  loss 0.00032  recon 0.00031  kl 5.14  lr 8.72e-05
ep  24  it   200/1563  loss 0.00032  recon 0.00031  kl 5.14  lr 8.71e-05
ep  24  it   250/1563  loss 0.00032  recon 0.00031  kl 5.14  lr 8.71e-05
ep  24  it   300/1563  loss 0.00032  recon 0.00031  kl 5.14  lr 8.71e-05
ep  24  it   350/1563  loss 0.00032  recon 0.00031  kl 5.14  lr 8.70e-05
ep  24  it   400/1563  loss 0.00032  recon 0.00031  kl 5.14  lr 8.70e-05
ep  24  it   450/1563  loss 0.00032  recon 0.00031  kl 5.14  lr 8.70e-05
ep  24  it   500/1563  loss 0.00032  recon 0.00031  kl 5.14  lr 8.69e-05
ep  24  it   550/1563  loss 0.00032  recon 0.00031  kl 5.14  lr 8.69e-05
ep  24  it   600/1563  loss 0.00032  recon 0.00031  kl 5.14  lr 8.69e-05
ep  24  it   650/1563  loss 0.00032  recon 0.00031  kl 5.14  lr 8.68e-05
ep  24  it   700/1563  loss 0.00032  recon 0.00031  kl 5.14  lr 8.68e-05
ep  24  it   750/1563  loss 0.00032  recon 0.00031  kl 5.14  lr 8.68e-05
ep  24  it   800/1563  loss 0.00032  recon 0.00031  kl 5.14  lr 8.67e-05
ep  24  it   850/1563  loss 0.00032  recon 0.00031  kl 5.14  lr 8.67e-05
ep  24  it   900/1563  loss 0.00032  recon 0.00031  kl 5.14  lr 8.66e-05
ep  24  it   950/1563  loss 0.00032  recon 0.00031  kl 5.14  lr 8.66e-05
ep  24  it  1000/1563  loss 0.00032  recon 0.00031  kl 5.14  lr 8.66e-05
ep  24  it  1050/1563  loss 0.00032  recon 0.00031  kl 5.14  lr 8.65e-05
ep  24  it  1100/1563  loss 0.00032  recon 0.00031  kl 5.14  lr 8.65e-05
ep  24  it  1150/1563  loss 0.00032  recon 0.00031  kl 5.14  lr 8.65e-05
ep  24  it  1200/1563  loss 0.00032  recon 0.00031  kl 5.14  lr 8.64e-05
ep  24  it  1250/1563  loss 0.00032  recon 0.00031  kl 5.14  lr 8.64e-05
ep  24  it  1300/1563  loss 0.00032  recon 0.00031  kl 5.14  lr 8.64e-05
ep  24  it  1350/1563  loss 0.00032  recon 0.00031  kl 5.14  lr 8.63e-05
ep  24  it  1400/1563  loss 0.00032  recon 0.00031  kl 5.14  lr 8.63e-05
ep  24  it  1450/1563  loss 0.00032  recon 0.00031  kl 5.14  lr 8.63e-05
ep  24  it  1500/1563  loss 0.00032  recon 0.00031  kl 5.13  lr 8.62e-05
ep  24  it  1550/1563  loss 0.00032  recon 0.00031  kl 5.14  lr 8.62e-05
[epoch 24] loss=0.00032  recon=0.00031  kl=5.13  lr=8.62e-05  time=2.4 min
ep  25  it    50/1563  loss 0.00030  recon 0.00029  kl 5.12  lr 8.62e-05
ep  25  it   100/1563  loss 0.00030  recon 0.00030  kl 5.13  lr 8.61e-05
ep  25  it   150/1563  loss 0.00031  recon 0.00031  kl 5.13  lr 8.61e-05
ep  25  it   200/1563  loss 0.00031  recon 0.00030  kl 5.13  lr 8.60e-05
ep  25  it   250/1563  loss 0.00031  recon 0.00030  kl 5.13  lr 8.60e-05
ep  25  it   300/1563  loss 0.00031  recon 0.00030  kl 5.13  lr 8.60e-05
ep  25  it   350/1563  loss 0.00031  recon 0.00030  kl 5.13  lr 8.59e-05
ep  25  it   400/1563  loss 0.00031  recon 0.00030  kl 5.13  lr 8.59e-05
ep  25  it   450/1563  loss 0.00031  recon 0.00030  kl 5.13  lr 8.59e-05
ep  25  it   500/1563  loss 0.00031  recon 0.00030  kl 5.13  lr 8.58e-05
ep  25  it   550/1563  loss 0.00031  recon 0.00030  kl 5.13  lr 8.58e-05
ep  25  it   600/1563  loss 0.00031  recon 0.00030  kl 5.13  lr 8.58e-05
ep  25  it   650/1563  loss 0.00031  recon 0.00030  kl 5.13  lr 8.57e-05
ep  25  it   700/1563  loss 0.00031  recon 0.00030  kl 5.13  lr 8.57e-05
ep  25  it   750/1563  loss 0.00031  recon 0.00030  kl 5.13  lr 8.57e-05
ep  25  it   800/1563  loss 0.00031  recon 0.00030  kl 5.13  lr 8.56e-05
ep  25  it   850/1563  loss 0.00031  recon 0.00030  kl 5.13  lr 8.56e-05
ep  25  it   900/1563  loss 0.00031  recon 0.00030  kl 5.13  lr 8.56e-05
ep  25  it   950/1563  loss 0.00031  recon 0.00030  kl 5.13  lr 8.55e-05
ep  25  it  1000/1563  loss 0.00031  recon 0.00030  kl 5.13  lr 8.55e-05
ep  25  it  1050/1563  loss 0.00031  recon 0.00030  kl 5.13  lr 8.54e-05
ep  25  it  1100/1563  loss 0.00031  recon 0.00030  kl 5.13  lr 8.54e-05
ep  25  it  1150/1563  loss 0.00031  recon 0.00030  kl 5.13  lr 8.54e-05
ep  25  it  1200/1563  loss 0.00031  recon 0.00030  kl 5.13  lr 8.53e-05
ep  25  it  1250/1563  loss 0.00031  recon 0.00030  kl 5.13  lr 8.53e-05
ep  25  it  1300/1563  loss 0.00031  recon 0.00030  kl 5.13  lr 8.53e-05
ep  25  it  1350/1563  loss 0.00031  recon 0.00030  kl 5.13  lr 8.52e-05
ep  25  it  1400/1563  loss 0.00031  recon 0.00030  kl 5.13  lr 8.52e-05
ep  25  it  1450/1563  loss 0.00031  recon 0.00030  kl 5.13  lr 8.52e-05
ep  25  it  1500/1563  loss 0.00031  recon 0.00030  kl 5.13  lr 8.51e-05
ep  25  it  1550/1563  loss 0.00031  recon 0.00030  kl 5.13  lr 8.51e-05
[epoch 25] loss=0.00031  recon=0.00030  kl=5.13  lr=8.51e-05  time=2.4 min
ep  26  it    50/1563  loss 0.00030  recon 0.00030  kl 5.12  lr 8.50e-05
ep  26  it   100/1563  loss 0.00031  recon 0.00030  kl 5.11  lr 8.50e-05
ep  26  it   150/1563  loss 0.00030  recon 0.00030  kl 5.12  lr 8.50e-05
ep  26  it   200/1563  loss 0.00031  recon 0.00030  kl 5.12  lr 8.49e-05
ep  26  it   250/1563  loss 0.00030  recon 0.00030  kl 5.12  lr 8.49e-05
ep  26  it   300/1563  loss 0.00031  recon 0.00030  kl 5.12  lr 8.49e-05
ep  26  it   350/1563  loss 0.00030  recon 0.00030  kl 5.12  lr 8.48e-05
ep  26  it   400/1563  loss 0.00030  recon 0.00030  kl 5.12  lr 8.48e-05
ep  26  it   450/1563  loss 0.00030  recon 0.00030  kl 5.12  lr 8.47e-05
ep  26  it   500/1563  loss 0.00030  recon 0.00030  kl 5.12  lr 8.47e-05
ep  26  it   550/1563  loss 0.00030  recon 0.00030  kl 5.12  lr 8.47e-05
ep  26  it   600/1563  loss 0.00030  recon 0.00030  kl 5.12  lr 8.46e-05
ep  26  it   650/1563  loss 0.00030  recon 0.00030  kl 5.12  lr 8.46e-05
ep  26  it   700/1563  loss 0.00030  recon 0.00030  kl 5.12  lr 8.46e-05
ep  26  it   750/1563  loss 0.00030  recon 0.00030  kl 5.12  lr 8.45e-05
ep  26  it   800/1563  loss 0.00030  recon 0.00030  kl 5.12  lr 8.45e-05
ep  26  it   850/1563  loss 0.00030  recon 0.00030  kl 5.12  lr 8.45e-05
ep  26  it   900/1563  loss 0.00030  recon 0.00030  kl 5.12  lr 8.44e-05
ep  26  it   950/1563  loss 0.00030  recon 0.00030  kl 5.12  lr 8.44e-05
ep  26  it  1000/1563  loss 0.00030  recon 0.00030  kl 5.12  lr 8.43e-05
ep  26  it  1050/1563  loss 0.00030  recon 0.00030  kl 5.12  lr 8.43e-05
ep  26  it  1100/1563  loss 0.00030  recon 0.00030  kl 5.12  lr 8.43e-05
ep  26  it  1150/1563  loss 0.00030  recon 0.00030  kl 5.12  lr 8.42e-05
ep  26  it  1200/1563  loss 0.00030  recon 0.00030  kl 5.12  lr 8.42e-05
ep  26  it  1250/1563  loss 0.00030  recon 0.00030  kl 5.12  lr 8.42e-05
ep  26  it  1300/1563  loss 0.00030  recon 0.00030  kl 5.12  lr 8.41e-05
ep  26  it  1350/1563  loss 0.00030  recon 0.00030  kl 5.12  lr 8.41e-05
ep  26  it  1400/1563  loss 0.00030  recon 0.00030  kl 5.12  lr 8.40e-05
ep  26  it  1450/1563  loss 0.00030  recon 0.00030  kl 5.12  lr 8.40e-05
ep  26  it  1500/1563  loss 0.00030  recon 0.00030  kl 5.12  lr 8.40e-05
ep  26  it  1550/1563  loss 0.00030  recon 0.00030  kl 5.12  lr 8.39e-05
[epoch 26] loss=0.00030  recon=0.00030  kl=5.12  lr=8.39e-05  time=2.6 min
ep  27  it    50/1563  loss 0.00030  recon 0.00029  kl 5.13  lr 8.39e-05
ep  27  it   100/1563  loss 0.00029  recon 0.00029  kl 5.12  lr 8.39e-05
ep  27  it   150/1563  loss 0.00030  recon 0.00029  kl 5.12  lr 8.38e-05
ep  27  it   200/1563  loss 0.00030  recon 0.00029  kl 5.12  lr 8.38e-05
ep  27  it   250/1563  loss 0.00030  recon 0.00029  kl 5.12  lr 8.37e-05
ep  27  it   300/1563  loss 0.00030  recon 0.00029  kl 5.12  lr 8.37e-05
ep  27  it   350/1563  loss 0.00030  recon 0.00029  kl 5.12  lr 8.37e-05
ep  27  it   400/1563  loss 0.00030  recon 0.00029  kl 5.12  lr 8.36e-05
ep  27  it   450/1563  loss 0.00030  recon 0.00029  kl 5.12  lr 8.36e-05
ep  27  it   500/1563  loss 0.00030  recon 0.00029  kl 5.12  lr 8.36e-05
ep  27  it   550/1563  loss 0.00030  recon 0.00029  kl 5.12  lr 8.35e-05
ep  27  it   600/1563  loss 0.00030  recon 0.00029  kl 5.12  lr 8.35e-05
ep  27  it   650/1563  loss 0.00030  recon 0.00029  kl 5.12  lr 8.34e-05
ep  27  it   700/1563  loss 0.00030  recon 0.00029  kl 5.12  lr 8.34e-05
ep  27  it   750/1563  loss 0.00030  recon 0.00029  kl 5.12  lr 8.34e-05
ep  27  it   800/1563  loss 0.00030  recon 0.00029  kl 5.12  lr 8.33e-05
ep  27  it   850/1563  loss 0.00030  recon 0.00029  kl 5.12  lr 8.33e-05
ep  27  it   900/1563  loss 0.00030  recon 0.00029  kl 5.12  lr 8.32e-05
ep  27  it   950/1563  loss 0.00030  recon 0.00029  kl 5.12  lr 8.32e-05
ep  27  it  1000/1563  loss 0.00029  recon 0.00029  kl 5.12  lr 8.32e-05
ep  27  it  1050/1563  loss 0.00030  recon 0.00029  kl 5.12  lr 8.31e-05
ep  27  it  1100/1563  loss 0.00030  recon 0.00029  kl 5.12  lr 8.31e-05
ep  27  it  1150/1563  loss 0.00029  recon 0.00029  kl 5.12  lr 8.31e-05
ep  27  it  1200/1563  loss 0.00029  recon 0.00029  kl 5.12  lr 8.30e-05
ep  27  it  1250/1563  loss 0.00029  recon 0.00029  kl 5.12  lr 8.30e-05
ep  27  it  1300/1563  loss 0.00029  recon 0.00029  kl 5.12  lr 8.29e-05
ep  27  it  1350/1563  loss 0.00029  recon 0.00029  kl 5.12  lr 8.29e-05
ep  27  it  1400/1563  loss 0.00029  recon 0.00029  kl 5.12  lr 8.29e-05
ep  27  it  1450/1563  loss 0.00029  recon 0.00029  kl 5.12  lr 8.28e-05
ep  27  it  1500/1563  loss 0.00029  recon 0.00029  kl 5.12  lr 8.28e-05
ep  27  it  1550/1563  loss 0.00029  recon 0.00029  kl 5.12  lr 8.28e-05
[epoch 27] loss=0.00029  recon=0.00029  kl=5.12  lr=8.27e-05  time=2.4 min
ep  28  it    50/1563  loss 0.00029  recon 0.00028  kl 5.10  lr 8.27e-05
ep  28  it   100/1563  loss 0.00029  recon 0.00028  kl 5.10  lr 8.27e-05
ep  28  it   150/1563  loss 0.00029  recon 0.00028  kl 5.11  lr 8.26e-05
ep  28  it   200/1563  loss 0.00029  recon 0.00028  kl 5.11  lr 8.26e-05
ep  28  it   250/1563  loss 0.00029  recon 0.00028  kl 5.11  lr 8.26e-05
ep  28  it   300/1563  loss 0.00029  recon 0.00028  kl 5.11  lr 8.25e-05
ep  28  it   350/1563  loss 0.00029  recon 0.00028  kl 5.11  lr 8.25e-05
ep  28  it   400/1563  loss 0.00029  recon 0.00028  kl 5.11  lr 8.24e-05
ep  28  it   450/1563  loss 0.00029  recon 0.00028  kl 5.11  lr 8.24e-05
ep  28  it   500/1563  loss 0.00029  recon 0.00028  kl 5.11  lr 8.24e-05
ep  28  it   550/1563  loss 0.00029  recon 0.00028  kl 5.11  lr 8.23e-05
ep  28  it   600/1563  loss 0.00029  recon 0.00028  kl 5.11  lr 8.23e-05
ep  28  it   650/1563  loss 0.00029  recon 0.00028  kl 5.11  lr 8.22e-05
ep  28  it   700/1563  loss 0.00029  recon 0.00028  kl 5.11  lr 8.22e-05
ep  28  it   750/1563  loss 0.00029  recon 0.00028  kl 5.11  lr 8.22e-05
ep  28  it   800/1563  loss 0.00029  recon 0.00028  kl 5.11  lr 8.21e-05
ep  28  it   850/1563  loss 0.00029  recon 0.00028  kl 5.11  lr 8.21e-05
ep  28  it   900/1563  loss 0.00029  recon 0.00028  kl 5.11  lr 8.20e-05
ep  28  it   950/1563  loss 0.00029  recon 0.00028  kl 5.11  lr 8.20e-05
ep  28  it  1000/1563  loss 0.00029  recon 0.00028  kl 5.11  lr 8.20e-05
ep  28  it  1050/1563  loss 0.00029  recon 0.00028  kl 5.11  lr 8.19e-05
ep  28  it  1100/1563  loss 0.00029  recon 0.00028  kl 5.11  lr 8.19e-05
ep  28  it  1150/1563  loss 0.00029  recon 0.00028  kl 5.11  lr 8.19e-05
ep  28  it  1200/1563  loss 0.00029  recon 0.00028  kl 5.11  lr 8.18e-05
ep  28  it  1250/1563  loss 0.00029  recon 0.00028  kl 5.11  lr 8.18e-05
ep  28  it  1300/1563  loss 0.00029  recon 0.00028  kl 5.11  lr 8.17e-05
ep  28  it  1350/1563  loss 0.00029  recon 0.00028  kl 5.11  lr 8.17e-05
ep  28  it  1400/1563  loss 0.00029  recon 0.00028  kl 5.11  lr 8.17e-05
ep  28  it  1450/1563  loss 0.00029  recon 0.00028  kl 5.11  lr 8.16e-05
ep  28  it  1500/1563  loss 0.00029  recon 0.00028  kl 5.11  lr 8.16e-05
ep  28  it  1550/1563  loss 0.00029  recon 0.00028  kl 5.11  lr 8.15e-05
[epoch 28] loss=0.00029  recon=0.00028  kl=5.11  lr=8.15e-05  time=2.4 min
ep  29  it    50/1563  loss 0.00028  recon 0.00027  kl 5.09  lr 8.15e-05
ep  29  it   100/1563  loss 0.00028  recon 0.00027  kl 5.10  lr 8.14e-05
ep  29  it   150/1563  loss 0.00028  recon 0.00027  kl 5.10  lr 8.14e-05
ep  29  it   200/1563  loss 0.00028  recon 0.00027  kl 5.10  lr 8.14e-05
ep  29  it   250/1563  loss 0.00028  recon 0.00027  kl 5.11  lr 8.13e-05
ep  29  it   300/1563  loss 0.00028  recon 0.00027  kl 5.11  lr 8.13e-05
ep  29  it   350/1563  loss 0.00028  recon 0.00027  kl 5.11  lr 8.13e-05
ep  29  it   400/1563  loss 0.00028  recon 0.00027  kl 5.11  lr 8.12e-05
ep  29  it   450/1563  loss 0.00028  recon 0.00028  kl 5.11  lr 8.12e-05
ep  29  it   500/1563  loss 0.00028  recon 0.00028  kl 5.11  lr 8.11e-05
ep  29  it   550/1563  loss 0.00028  recon 0.00028  kl 5.11  lr 8.11e-05
ep  29  it   600/1563  loss 0.00028  recon 0.00028  kl 5.11  lr 8.11e-05
ep  29  it   650/1563  loss 0.00028  recon 0.00028  kl 5.11  lr 8.10e-05
ep  29  it   700/1563  loss 0.00028  recon 0.00028  kl 5.10  lr 8.10e-05
ep  29  it   750/1563  loss 0.00028  recon 0.00028  kl 5.10  lr 8.09e-05
ep  29  it   800/1563  loss 0.00028  recon 0.00028  kl 5.10  lr 8.09e-05
ep  29  it   850/1563  loss 0.00028  recon 0.00028  kl 5.10  lr 8.09e-05
ep  29  it   900/1563  loss 0.00028  recon 0.00028  kl 5.10  lr 8.08e-05
ep  29  it   950/1563  loss 0.00028  recon 0.00028  kl 5.10  lr 8.08e-05
ep  29  it  1000/1563  loss 0.00028  recon 0.00028  kl 5.10  lr 8.07e-05
ep  29  it  1050/1563  loss 0.00028  recon 0.00028  kl 5.10  lr 8.07e-05
ep  29  it  1100/1563  loss 0.00028  recon 0.00028  kl 5.10  lr 8.07e-05
ep  29  it  1150/1563  loss 0.00028  recon 0.00028  kl 5.10  lr 8.06e-05
ep  29  it  1200/1563  loss 0.00028  recon 0.00028  kl 5.10  lr 8.06e-05
ep  29  it  1250/1563  loss 0.00028  recon 0.00028  kl 5.10  lr 8.05e-05
ep  29  it  1300/1563  loss 0.00028  recon 0.00028  kl 5.10  lr 8.05e-05
ep  29  it  1350/1563  loss 0.00028  recon 0.00028  kl 5.10  lr 8.05e-05
ep  29  it  1400/1563  loss 0.00028  recon 0.00028  kl 5.10  lr 8.04e-05
ep  29  it  1450/1563  loss 0.00028  recon 0.00028  kl 5.11  lr 8.04e-05
ep  29  it  1500/1563  loss 0.00028  recon 0.00028  kl 5.11  lr 8.03e-05
ep  29  it  1550/1563  loss 0.00028  recon 0.00028  kl 5.11  lr 8.03e-05
[epoch 29] loss=0.00028  recon=0.00028  kl=5.11  lr=8.03e-05  time=2.4 min
ep  30  it    50/1563  loss 0.00028  recon 0.00027  kl 5.11  lr 8.02e-05
ep  30  it   100/1563  loss 0.00028  recon 0.00027  kl 5.11  lr 8.02e-05
ep  30  it   150/1563  loss 0.00028  recon 0.00027  kl 5.10  lr 8.02e-05
ep  30  it   200/1563  loss 0.00028  recon 0.00027  kl 5.10  lr 8.01e-05
ep  30  it   250/1563  loss 0.00028  recon 0.00027  kl 5.10  lr 8.01e-05
ep  30  it   300/1563  loss 0.00028  recon 0.00027  kl 5.10  lr 8.00e-05
ep  30  it   350/1563  loss 0.00028  recon 0.00027  kl 5.10  lr 8.00e-05
ep  30  it   400/1563  loss 0.00028  recon 0.00027  kl 5.10  lr 8.00e-05
ep  30  it   450/1563  loss 0.00028  recon 0.00027  kl 5.10  lr 7.99e-05
ep  30  it   500/1563  loss 0.00028  recon 0.00027  kl 5.10  lr 7.99e-05
ep  30  it   550/1563  loss 0.00027  recon 0.00027  kl 5.10  lr 7.98e-05
ep  30  it   600/1563  loss 0.00027  recon 0.00027  kl 5.10  lr 7.98e-05
ep  30  it   650/1563  loss 0.00027  recon 0.00027  kl 5.10  lr 7.98e-05
ep  30  it   700/1563  loss 0.00027  recon 0.00027  kl 5.10  lr 7.97e-05
ep  30  it   750/1563  loss 0.00027  recon 0.00027  kl 5.10  lr 7.97e-05
ep  30  it   800/1563  loss 0.00028  recon 0.00027  kl 5.10  lr 7.96e-05
ep  30  it   850/1563  loss 0.00027  recon 0.00027  kl 5.10  lr 7.96e-05
ep  30  it   900/1563  loss 0.00028  recon 0.00027  kl 5.10  lr 7.95e-05
ep  30  it   950/1563  loss 0.00028  recon 0.00027  kl 5.10  lr 7.95e-05
ep  30  it  1000/1563  loss 0.00028  recon 0.00027  kl 5.10  lr 7.95e-05
ep  30  it  1050/1563  loss 0.00028  recon 0.00027  kl 5.10  lr 7.94e-05
ep  30  it  1100/1563  loss 0.00028  recon 0.00027  kl 5.10  lr 7.94e-05
ep  30  it  1150/1563  loss 0.00028  recon 0.00027  kl 5.10  lr 7.93e-05
ep  30  it  1200/1563  loss 0.00028  recon 0.00027  kl 5.10  lr 7.93e-05
ep  30  it  1250/1563  loss 0.00028  recon 0.00027  kl 5.10  lr 7.93e-05
ep  30  it  1300/1563  loss 0.00028  recon 0.00027  kl 5.10  lr 7.92e-05
ep  30  it  1350/1563  loss 0.00028  recon 0.00027  kl 5.10  lr 7.92e-05
ep  30  it  1400/1563  loss 0.00028  recon 0.00027  kl 5.10  lr 7.91e-05
ep  30  it  1450/1563  loss 0.00028  recon 0.00027  kl 5.10  lr 7.91e-05
ep  30  it  1500/1563  loss 0.00028  recon 0.00027  kl 5.10  lr 7.91e-05
ep  30  it  1550/1563  loss 0.00028  recon 0.00027  kl 5.10  lr 7.90e-05
[epoch 30] loss=0.00028  recon=0.00027  kl=5.10  lr=7.90e-05  time=2.3 min
ep  31  it    50/1563  loss 0.00027  recon 0.00027  kl 5.10  lr 7.90e-05
ep  31  it   100/1563  loss 0.00027  recon 0.00026  kl 5.10  lr 7.89e-05
ep  31  it   150/1563  loss 0.00027  recon 0.00027  kl 5.10  lr 7.89e-05
ep  31  it   200/1563  loss 0.00027  recon 0.00027  kl 5.10  lr 7.88e-05
ep  31  it   250/1563  loss 0.00027  recon 0.00027  kl 5.10  lr 7.88e-05
ep  31  it   300/1563  loss 0.00027  recon 0.00026  kl 5.10  lr 7.88e-05
ep  31  it   350/1563  loss 0.00027  recon 0.00027  kl 5.10  lr 7.87e-05
ep  31  it   400/1563  loss 0.00027  recon 0.00026  kl 5.10  lr 7.87e-05
ep  31  it   450/1563  loss 0.00027  recon 0.00026  kl 5.10  lr 7.86e-05
ep  31  it   500/1563  loss 0.00027  recon 0.00026  kl 5.09  lr 7.86e-05
ep  31  it   550/1563  loss 0.00027  recon 0.00026  kl 5.09  lr 7.85e-05
ep  31  it   600/1563  loss 0.00027  recon 0.00026  kl 5.09  lr 7.85e-05
ep  31  it   650/1563  loss 0.00027  recon 0.00026  kl 5.09  lr 7.85e-05
ep  31  it   700/1563  loss 0.00027  recon 0.00026  kl 5.09  lr 7.84e-05
ep  31  it   750/1563  loss 0.00027  recon 0.00026  kl 5.09  lr 7.84e-05
ep  31  it   800/1563  loss 0.00027  recon 0.00026  kl 5.09  lr 7.83e-05
ep  31  it   850/1563  loss 0.00027  recon 0.00026  kl 5.09  lr 7.83e-05
ep  31  it   900/1563  loss 0.00027  recon 0.00026  kl 5.09  lr 7.83e-05
ep  31  it   950/1563  loss 0.00027  recon 0.00026  kl 5.10  lr 7.82e-05
ep  31  it  1000/1563  loss 0.00027  recon 0.00026  kl 5.10  lr 7.82e-05
ep  31  it  1050/1563  loss 0.00027  recon 0.00026  kl 5.09  lr 7.81e-05
ep  31  it  1100/1563  loss 0.00027  recon 0.00027  kl 5.09  lr 7.81e-05
ep  31  it  1150/1563  loss 0.00027  recon 0.00027  kl 5.09  lr 7.80e-05
ep  31  it  1200/1563  loss 0.00027  recon 0.00027  kl 5.09  lr 7.80e-05
ep  31  it  1250/1563  loss 0.00027  recon 0.00026  kl 5.10  lr 7.80e-05
ep  31  it  1300/1563  loss 0.00027  recon 0.00026  kl 5.09  lr 7.79e-05
ep  31  it  1350/1563  loss 0.00027  recon 0.00027  kl 5.09  lr 7.79e-05
ep  31  it  1400/1563  loss 0.00027  recon 0.00026  kl 5.09  lr 7.78e-05
ep  31  it  1450/1563  loss 0.00027  recon 0.00026  kl 5.09  lr 7.78e-05
ep  31  it  1500/1563  loss 0.00027  recon 0.00026  kl 5.09  lr 7.77e-05
ep  31  it  1550/1563  loss 0.00027  recon 0.00026  kl 5.09  lr 7.77e-05
[epoch 31] loss=0.00027  recon=0.00026  kl=5.09  lr=7.77e-05  time=2.3 min
ep  32  it    50/1563  loss 0.00027  recon 0.00026  kl 5.09  lr 7.77e-05
ep  32  it   100/1563  loss 0.00027  recon 0.00027  kl 5.09  lr 7.76e-05
ep  32  it   150/1563  loss 0.00027  recon 0.00026  kl 5.09  lr 7.76e-05
ep  32  it   200/1563  loss 0.00027  recon 0.00026  kl 5.09  lr 7.75e-05
ep  32  it   250/1563  loss 0.00027  recon 0.00026  kl 5.09  lr 7.75e-05
ep  32  it   300/1563  loss 0.00026  recon 0.00026  kl 5.09  lr 7.74e-05
ep  32  it   350/1563  loss 0.00026  recon 0.00026  kl 5.09  lr 7.74e-05
ep  32  it   400/1563  loss 0.00026  recon 0.00026  kl 5.09  lr 7.74e-05
ep  32  it   450/1563  loss 0.00026  recon 0.00026  kl 5.09  lr 7.73e-05
ep  32  it   500/1563  loss 0.00026  recon 0.00026  kl 5.09  lr 7.73e-05
ep  32  it   550/1563  loss 0.00026  recon 0.00026  kl 5.09  lr 7.72e-05
ep  32  it   600/1563  loss 0.00026  recon 0.00026  kl 5.09  lr 7.72e-05
ep  32  it   650/1563  loss 0.00026  recon 0.00026  kl 5.09  lr 7.71e-05
ep  32  it   700/1563  loss 0.00026  recon 0.00026  kl 5.09  lr 7.71e-05
ep  32  it   750/1563  loss 0.00026  recon 0.00026  kl 5.09  lr 7.71e-05
ep  32  it   800/1563  loss 0.00026  recon 0.00026  kl 5.09  lr 7.70e-05
ep  32  it   850/1563  loss 0.00026  recon 0.00026  kl 5.09  lr 7.70e-05
ep  32  it   900/1563  loss 0.00026  recon 0.00026  kl 5.09  lr 7.69e-05
ep  32  it   950/1563  loss 0.00026  recon 0.00026  kl 5.09  lr 7.69e-05
ep  32  it  1000/1563  loss 0.00026  recon 0.00026  kl 5.09  lr 7.68e-05
ep  32  it  1050/1563  loss 0.00026  recon 0.00026  kl 5.09  lr 7.68e-05
ep  32  it  1100/1563  loss 0.00026  recon 0.00026  kl 5.09  lr 7.68e-05
ep  32  it  1150/1563  loss 0.00026  recon 0.00026  kl 5.09  lr 7.67e-05
ep  32  it  1200/1563  loss 0.00026  recon 0.00026  kl 5.09  lr 7.67e-05
ep  32  it  1250/1563  loss 0.00026  recon 0.00026  kl 5.09  lr 7.66e-05
ep  32  it  1300/1563  loss 0.00026  recon 0.00026  kl 5.09  lr 7.66e-05
ep  32  it  1350/1563  loss 0.00026  recon 0.00026  kl 5.09  lr 7.65e-05
ep  32  it  1400/1563  loss 0.00026  recon 0.00026  kl 5.09  lr 7.65e-05
ep  32  it  1450/1563  loss 0.00026  recon 0.00026  kl 5.09  lr 7.65e-05
ep  32  it  1500/1563  loss 0.00026  recon 0.00026  kl 5.09  lr 7.64e-05
ep  32  it  1550/1563  loss 0.00026  recon 0.00026  kl 5.09  lr 7.64e-05
[epoch 32] loss=0.00026  recon=0.00026  kl=5.09  lr=7.64e-05  time=2.3 min
ep  33  it    50/1563  loss 0.00026  recon 0.00026  kl 5.08  lr 7.63e-05
ep  33  it   100/1563  loss 0.00026  recon 0.00025  kl 5.07  lr 7.63e-05
ep  33  it   150/1563  loss 0.00026  recon 0.00026  kl 5.08  lr 7.62e-05
ep  33  it   200/1563  loss 0.00026  recon 0.00025  kl 5.08  lr 7.62e-05
ep  33  it   250/1563  loss 0.00026  recon 0.00026  kl 5.08  lr 7.61e-05
ep  33  it   300/1563  loss 0.00026  recon 0.00026  kl 5.08  lr 7.61e-05
ep  33  it   350/1563  loss 0.00026  recon 0.00026  kl 5.08  lr 7.61e-05
ep  33  it   400/1563  loss 0.00026  recon 0.00026  kl 5.09  lr 7.60e-05
ep  33  it   450/1563  loss 0.00026  recon 0.00026  kl 5.09  lr 7.60e-05
ep  33  it   500/1563  loss 0.00026  recon 0.00026  kl 5.09  lr 7.59e-05
ep  33  it   550/1563  loss 0.00026  recon 0.00026  kl 5.09  lr 7.59e-05
ep  33  it   600/1563  loss 0.00026  recon 0.00026  kl 5.09  lr 7.58e-05
ep  33  it   650/1563  loss 0.00026  recon 0.00026  kl 5.09  lr 7.58e-05
ep  33  it   700/1563  loss 0.00026  recon 0.00025  kl 5.09  lr 7.58e-05
ep  33  it   750/1563  loss 0.00026  recon 0.00025  kl 5.09  lr 7.57e-05
ep  33  it   800/1563  loss 0.00026  recon 0.00025  kl 5.09  lr 7.57e-05
ep  33  it   850/1563  loss 0.00026  recon 0.00025  kl 5.09  lr 7.56e-05
ep  33  it   900/1563  loss 0.00026  recon 0.00025  kl 5.08  lr 7.56e-05
ep  33  it   950/1563  loss 0.00026  recon 0.00025  kl 5.08  lr 7.55e-05
ep  33  it  1000/1563  loss 0.00026  recon 0.00025  kl 5.09  lr 7.55e-05
ep  33  it  1050/1563  loss 0.00026  recon 0.00025  kl 5.09  lr 7.54e-05
ep  33  it  1100/1563  loss 0.00026  recon 0.00025  kl 5.08  lr 7.54e-05
ep  33  it  1150/1563  loss 0.00026  recon 0.00025  kl 5.08  lr 7.54e-05
ep  33  it  1200/1563  loss 0.00026  recon 0.00025  kl 5.08  lr 7.53e-05
ep  33  it  1250/1563  loss 0.00026  recon 0.00025  kl 5.08  lr 7.53e-05
ep  33  it  1300/1563  loss 0.00026  recon 0.00025  kl 5.08  lr 7.52e-05
ep  33  it  1350/1563  loss 0.00026  recon 0.00025  kl 5.08  lr 7.52e-05
ep  33  it  1400/1563  loss 0.00026  recon 0.00025  kl 5.08  lr 7.51e-05
ep  33  it  1450/1563  loss 0.00026  recon 0.00025  kl 5.08  lr 7.51e-05
ep  33  it  1500/1563  loss 0.00026  recon 0.00025  kl 5.08  lr 7.51e-05
ep  33  it  1550/1563  loss 0.00026  recon 0.00025  kl 5.08  lr 7.50e-05
[epoch 33] loss=0.00026  recon=0.00025  kl=5.08  lr=7.50e-05  time=2.3 min
ep  34  it    50/1563  loss 0.00025  recon 0.00025  kl 5.10  lr 7.50e-05
ep  34  it   100/1563  loss 0.00026  recon 0.00025  kl 5.10  lr 7.49e-05
ep  34  it   150/1563  loss 0.00026  recon 0.00025  kl 5.10  lr 7.49e-05
ep  34  it   200/1563  loss 0.00026  recon 0.00025  kl 5.09  lr 7.48e-05
ep  34  it   250/1563  loss 0.00026  recon 0.00025  kl 5.09  lr 7.48e-05
ep  34  it   300/1563  loss 0.00026  recon 0.00025  kl 5.09  lr 7.47e-05
ep  34  it   350/1563  loss 0.00026  recon 0.00025  kl 5.09  lr 7.47e-05
ep  34  it   400/1563  loss 0.00025  recon 0.00025  kl 5.09  lr 7.46e-05
ep  34  it   450/1563  loss 0.00025  recon 0.00025  kl 5.08  lr 7.46e-05
ep  34  it   500/1563  loss 0.00025  recon 0.00025  kl 5.08  lr 7.46e-05
ep  34  it   550/1563  loss 0.00025  recon 0.00025  kl 5.08  lr 7.45e-05
ep  34  it   600/1563  loss 0.00025  recon 0.00025  kl 5.08  lr 7.45e-05
ep  34  it   650/1563  loss 0.00025  recon 0.00025  kl 5.08  lr 7.44e-05
ep  34  it   700/1563  loss 0.00025  recon 0.00025  kl 5.08  lr 7.44e-05
ep  34  it   750/1563  loss 0.00025  recon 0.00025  kl 5.08  lr 7.43e-05
ep  34  it   800/1563  loss 0.00025  recon 0.00025  kl 5.08  lr 7.43e-05
ep  34  it   850/1563  loss 0.00025  recon 0.00025  kl 5.08  lr 7.42e-05
ep  34  it   900/1563  loss 0.00025  recon 0.00025  kl 5.08  lr 7.42e-05
ep  34  it   950/1563  loss 0.00025  recon 0.00025  kl 5.08  lr 7.42e-05
ep  34  it  1000/1563  loss 0.00025  recon 0.00025  kl 5.08  lr 7.41e-05
ep  34  it  1050/1563  loss 0.00025  recon 0.00025  kl 5.08  lr 7.41e-05
ep  34  it  1100/1563  loss 0.00025  recon 0.00025  kl 5.08  lr 7.40e-05
ep  34  it  1150/1563  loss 0.00025  recon 0.00025  kl 5.08  lr 7.40e-05
ep  34  it  1200/1563  loss 0.00025  recon 0.00025  kl 5.08  lr 7.39e-05
ep  34  it  1250/1563  loss 0.00025  recon 0.00025  kl 5.08  lr 7.39e-05
ep  34  it  1300/1563  loss 0.00025  recon 0.00025  kl 5.08  lr 7.38e-05
ep  34  it  1350/1563  loss 0.00025  recon 0.00025  kl 5.08  lr 7.38e-05
ep  34  it  1400/1563  loss 0.00025  recon 0.00025  kl 5.08  lr 7.38e-05
ep  34  it  1450/1563  loss 0.00025  recon 0.00025  kl 5.08  lr 7.37e-05
ep  34  it  1500/1563  loss 0.00025  recon 0.00025  kl 5.08  lr 7.37e-05
ep  34  it  1550/1563  loss 0.00025  recon 0.00025  kl 5.08  lr 7.36e-05
[epoch 34] loss=0.00025  recon=0.00025  kl=5.08  lr=7.36e-05  time=2.3 min
ep  35  it    50/1563  loss 0.00025  recon 0.00024  kl 5.08  lr 7.36e-05
ep  35  it   100/1563  loss 0.00025  recon 0.00024  kl 5.07  lr 7.35e-05
ep  35  it   150/1563  loss 0.00025  recon 0.00025  kl 5.07  lr 7.35e-05
ep  35  it   200/1563  loss 0.00025  recon 0.00025  kl 5.08  lr 7.34e-05
ep  35  it   250/1563  loss 0.00025  recon 0.00025  kl 5.08  lr 7.34e-05
ep  35  it   300/1563  loss 0.00025  recon 0.00025  kl 5.08  lr 7.33e-05
ep  35  it   350/1563  loss 0.00025  recon 0.00025  kl 5.08  lr 7.33e-05
ep  35  it   400/1563  loss 0.00025  recon 0.00025  kl 5.08  lr 7.33e-05
ep  35  it   450/1563  loss 0.00025  recon 0.00025  kl 5.08  lr 7.32e-05
ep  35  it   500/1563  loss 0.00025  recon 0.00025  kl 5.08  lr 7.32e-05
ep  35  it   550/1563  loss 0.00025  recon 0.00025  kl 5.08  lr 7.31e-05
ep  35  it   600/1563  loss 0.00025  recon 0.00025  kl 5.08  lr 7.31e-05
ep  35  it   650/1563  loss 0.00025  recon 0.00025  kl 5.08  lr 7.30e-05
ep  35  it   700/1563  loss 0.00025  recon 0.00025  kl 5.08  lr 7.30e-05
ep  35  it   750/1563  loss 0.00025  recon 0.00025  kl 5.08  lr 7.29e-05
ep  35  it   800/1563  loss 0.00025  recon 0.00025  kl 5.08  lr 7.29e-05
ep  35  it   850/1563  loss 0.00025  recon 0.00025  kl 5.08  lr 7.28e-05
ep  35  it   900/1563  loss 0.00025  recon 0.00025  kl 5.08  lr 7.28e-05
ep  35  it   950/1563  loss 0.00025  recon 0.00025  kl 5.08  lr 7.28e-05
ep  35  it  1000/1563  loss 0.00025  recon 0.00025  kl 5.08  lr 7.27e-05
ep  35  it  1050/1563  loss 0.00025  recon 0.00025  kl 5.08  lr 7.27e-05
ep  35  it  1100/1563  loss 0.00025  recon 0.00025  kl 5.08  lr 7.26e-05
ep  35  it  1150/1563  loss 0.00025  recon 0.00025  kl 5.08  lr 7.26e-05
ep  35  it  1200/1563  loss 0.00025  recon 0.00025  kl 5.08  lr 7.25e-05
ep  35  it  1250/1563  loss 0.00025  recon 0.00025  kl 5.08  lr 7.25e-05
ep  35  it  1300/1563  loss 0.00025  recon 0.00025  kl 5.08  lr 7.24e-05
ep  35  it  1350/1563  loss 0.00025  recon 0.00025  kl 5.08  lr 7.24e-05
ep  35  it  1400/1563  loss 0.00025  recon 0.00025  kl 5.08  lr 7.24e-05
ep  35  it  1450/1563  loss 0.00025  recon 0.00025  kl 5.08  lr 7.23e-05
ep  35  it  1500/1563  loss 0.00025  recon 0.00025  kl 5.08  lr 7.23e-05
ep  35  it  1550/1563  loss 0.00025  recon 0.00025  kl 5.08  lr 7.22e-05
[epoch 35] loss=0.00025  recon=0.00025  kl=5.08  lr=7.22e-05  time=2.3 min
ep  36  it    50/1563  loss 0.00025  recon 0.00024  kl 5.09  lr 7.22e-05
ep  36  it   100/1563  loss 0.00025  recon 0.00024  kl 5.08  lr 7.21e-05
ep  36  it   150/1563  loss 0.00024  recon 0.00024  kl 5.07  lr 7.21e-05
ep  36  it   200/1563  loss 0.00024  recon 0.00024  kl 5.06  lr 7.20e-05
ep  36  it   250/1563  loss 0.00024  recon 0.00024  kl 5.07  lr 7.20e-05
ep  36  it   300/1563  loss 0.00024  recon 0.00024  kl 5.07  lr 7.19e-05
ep  36  it   350/1563  loss 0.00025  recon 0.00024  kl 5.07  lr 7.19e-05
ep  36  it   400/1563  loss 0.00025  recon 0.00024  kl 5.07  lr 7.18e-05
ep  36  it   450/1563  loss 0.00025  recon 0.00024  kl 5.07  lr 7.18e-05
ep  36  it   500/1563  loss 0.00025  recon 0.00024  kl 5.07  lr 7.17e-05
ep  36  it   550/1563  loss 0.00025  recon 0.00024  kl 5.07  lr 7.17e-05
ep  36  it   600/1563  loss 0.00025  recon 0.00024  kl 5.07  lr 7.17e-05
ep  36  it   650/1563  loss 0.00025  recon 0.00024  kl 5.07  lr 7.16e-05
ep  36  it   700/1563  loss 0.00025  recon 0.00024  kl 5.07  lr 7.16e-05
ep  36  it   750/1563  loss 0.00025  recon 0.00024  kl 5.07  lr 7.15e-05
ep  36  it   800/1563  loss 0.00025  recon 0.00024  kl 5.07  lr 7.15e-05
ep  36  it   850/1563  loss 0.00025  recon 0.00024  kl 5.07  lr 7.14e-05
ep  36  it   900/1563  loss 0.00025  recon 0.00024  kl 5.07  lr 7.14e-05
ep  36  it   950/1563  loss 0.00025  recon 0.00024  kl 5.07  lr 7.13e-05
ep  36  it  1000/1563  loss 0.00025  recon 0.00024  kl 5.07  lr 7.13e-05
ep  36  it  1050/1563  loss 0.00025  recon 0.00024  kl 5.07  lr 7.12e-05
ep  36  it  1100/1563  loss 0.00025  recon 0.00024  kl 5.07  lr 7.12e-05
ep  36  it  1150/1563  loss 0.00025  recon 0.00024  kl 5.07  lr 7.12e-05
ep  36  it  1200/1563  loss 0.00025  recon 0.00024  kl 5.07  lr 7.11e-05
ep  36  it  1250/1563  loss 0.00025  recon 0.00024  kl 5.07  lr 7.11e-05
ep  36  it  1300/1563  loss 0.00025  recon 0.00024  kl 5.07  lr 7.10e-05
ep  36  it  1350/1563  loss 0.00025  recon 0.00024  kl 5.07  lr 7.10e-05
ep  36  it  1400/1563  loss 0.00025  recon 0.00024  kl 5.07  lr 7.09e-05
ep  36  it  1450/1563  loss 0.00025  recon 0.00024  kl 5.07  lr 7.09e-05
ep  36  it  1500/1563  loss 0.00025  recon 0.00024  kl 5.07  lr 7.08e-05
ep  36  it  1550/1563  loss 0.00025  recon 0.00024  kl 5.07  lr 7.08e-05
[epoch 36] loss=0.00025  recon=0.00024  kl=5.07  lr=7.08e-05  time=2.3 min
ep  37  it    50/1563  loss 0.00024  recon 0.00023  kl 5.07  lr 7.07e-05
ep  37  it   100/1563  loss 0.00024  recon 0.00023  kl 5.07  lr 7.07e-05
ep  37  it   150/1563  loss 0.00024  recon 0.00023  kl 5.07  lr 7.06e-05
ep  37  it   200/1563  loss 0.00024  recon 0.00024  kl 5.07  lr 7.06e-05
ep  37  it   250/1563  loss 0.00024  recon 0.00024  kl 5.07  lr 7.05e-05
ep  37  it   300/1563  loss 0.00024  recon 0.00024  kl 5.07  lr 7.05e-05
ep  37  it   350/1563  loss 0.00024  recon 0.00024  kl 5.07  lr 7.04e-05
ep  37  it   400/1563  loss 0.00024  recon 0.00024  kl 5.07  lr 7.04e-05
ep  37  it   450/1563  loss 0.00024  recon 0.00024  kl 5.07  lr 7.04e-05
ep  37  it   500/1563  loss 0.00024  recon 0.00024  kl 5.07  lr 7.03e-05
ep  37  it   550/1563  loss 0.00024  recon 0.00024  kl 5.07  lr 7.03e-05
ep  37  it   600/1563  loss 0.00024  recon 0.00024  kl 5.07  lr 7.02e-05
ep  37  it   650/1563  loss 0.00024  recon 0.00024  kl 5.07  lr 7.02e-05
ep  37  it   700/1563  loss 0.00024  recon 0.00024  kl 5.07  lr 7.01e-05
ep  37  it   750/1563  loss 0.00024  recon 0.00024  kl 5.07  lr 7.01e-05
ep  37  it   800/1563  loss 0.00024  recon 0.00024  kl 5.07  lr 7.00e-05
ep  37  it   850/1563  loss 0.00024  recon 0.00024  kl 5.07  lr 7.00e-05
ep  37  it   900/1563  loss 0.00024  recon 0.00024  kl 5.07  lr 6.99e-05
ep  37  it   950/1563  loss 0.00024  recon 0.00024  kl 5.07  lr 6.99e-05
ep  37  it  1000/1563  loss 0.00024  recon 0.00024  kl 5.07  lr 6.98e-05
ep  37  it  1050/1563  loss 0.00024  recon 0.00024  kl 5.07  lr 6.98e-05
ep  37  it  1100/1563  loss 0.00024  recon 0.00024  kl 5.07  lr 6.97e-05
ep  37  it  1150/1563  loss 0.00024  recon 0.00024  kl 5.07  lr 6.97e-05
ep  37  it  1200/1563  loss 0.00024  recon 0.00024  kl 5.07  lr 6.97e-05
ep  37  it  1250/1563  loss 0.00024  recon 0.00024  kl 5.07  lr 6.96e-05
ep  37  it  1300/1563  loss 0.00024  recon 0.00024  kl 5.07  lr 6.96e-05
ep  37  it  1350/1563  loss 0.00024  recon 0.00024  kl 5.07  lr 6.95e-05
ep  37  it  1400/1563  loss 0.00024  recon 0.00024  kl 5.07  lr 6.95e-05
ep  37  it  1450/1563  loss 0.00024  recon 0.00024  kl 5.07  lr 6.94e-05
ep  37  it  1500/1563  loss 0.00024  recon 0.00024  kl 5.07  lr 6.94e-05
ep  37  it  1550/1563  loss 0.00024  recon 0.00024  kl 5.07  lr 6.93e-05
[epoch 37] loss=0.00024  recon=0.00024  kl=5.07  lr=6.93e-05  time=2.3 min
ep  38  it    50/1563  loss 0.00024  recon 0.00023  kl 5.07  lr 6.93e-05
ep  38  it   100/1563  loss 0.00024  recon 0.00023  kl 5.07  lr 6.92e-05
ep  38  it   150/1563  loss 0.00024  recon 0.00023  kl 5.06  lr 6.92e-05
ep  38  it   200/1563  loss 0.00024  recon 0.00023  kl 5.07  lr 6.91e-05
ep  38  it   250/1563  loss 0.00024  recon 0.00023  kl 5.06  lr 6.91e-05
ep  38  it   300/1563  loss 0.00024  recon 0.00023  kl 5.07  lr 6.90e-05
ep  38  it   350/1563  loss 0.00024  recon 0.00023  kl 5.07  lr 6.90e-05
ep  38  it   400/1563  loss 0.00024  recon 0.00023  kl 5.07  lr 6.89e-05
ep  38  it   450/1563  loss 0.00024  recon 0.00023  kl 5.07  lr 6.89e-05
ep  38  it   500/1563  loss 0.00024  recon 0.00023  kl 5.07  lr 6.88e-05
ep  38  it   550/1563  loss 0.00024  recon 0.00023  kl 5.06  lr 6.88e-05
ep  38  it   600/1563  loss 0.00024  recon 0.00023  kl 5.07  lr 6.88e-05
ep  38  it   650/1563  loss 0.00024  recon 0.00023  kl 5.07  lr 6.87e-05
ep  38  it   700/1563  loss 0.00024  recon 0.00023  kl 5.06  lr 6.87e-05
ep  38  it   750/1563  loss 0.00024  recon 0.00023  kl 5.07  lr 6.86e-05
ep  38  it   800/1563  loss 0.00024  recon 0.00023  kl 5.07  lr 6.86e-05
ep  38  it   850/1563  loss 0.00024  recon 0.00023  kl 5.06  lr 6.85e-05
ep  38  it   900/1563  loss 0.00024  recon 0.00023  kl 5.07  lr 6.85e-05
ep  38  it   950/1563  loss 0.00024  recon 0.00023  kl 5.06  lr 6.84e-05
ep  38  it  1000/1563  loss 0.00024  recon 0.00023  kl 5.07  lr 6.84e-05
ep  38  it  1050/1563  loss 0.00024  recon 0.00023  kl 5.07  lr 6.83e-05
ep  38  it  1100/1563  loss 0.00024  recon 0.00023  kl 5.07  lr 6.83e-05
ep  38  it  1150/1563  loss 0.00024  recon 0.00023  kl 5.07  lr 6.82e-05
ep  38  it  1200/1563  loss 0.00024  recon 0.00023  kl 5.07  lr 6.82e-05
ep  38  it  1250/1563  loss 0.00024  recon 0.00023  kl 5.07  lr 6.81e-05
ep  38  it  1300/1563  loss 0.00024  recon 0.00023  kl 5.07  lr 6.81e-05
ep  38  it  1350/1563  loss 0.00024  recon 0.00023  kl 5.07  lr 6.80e-05
ep  38  it  1400/1563  loss 0.00024  recon 0.00023  kl 5.07  lr 6.80e-05
ep  38  it  1450/1563  loss 0.00024  recon 0.00023  kl 5.07  lr 6.80e-05
ep  38  it  1500/1563  loss 0.00024  recon 0.00023  kl 5.07  lr 6.79e-05
ep  38  it  1550/1563  loss 0.00024  recon 0.00023  kl 5.07  lr 6.79e-05
[epoch 38] loss=0.00024  recon=0.00023  kl=5.07  lr=6.78e-05  time=2.3 min
ep  39  it    50/1563  loss 0.00023  recon 0.00023  kl 5.06  lr 6.78e-05
ep  39  it   100/1563  loss 0.00023  recon 0.00023  kl 5.06  lr 6.77e-05
ep  39  it   150/1563  loss 0.00024  recon 0.00023  kl 5.07  lr 6.77e-05
ep  39  it   200/1563  loss 0.00024  recon 0.00023  kl 5.07  lr 6.77e-05
ep  39  it   250/1563  loss 0.00024  recon 0.00023  kl 5.07  lr 6.76e-05
ep  39  it   300/1563  loss 0.00024  recon 0.00023  kl 5.07  lr 6.76e-05
ep  39  it   350/1563  loss 0.00023  recon 0.00023  kl 5.07  lr 6.75e-05
ep  39  it   400/1563  loss 0.00023  recon 0.00023  kl 5.07  lr 6.75e-05
ep  39  it   450/1563  loss 0.00023  recon 0.00023  kl 5.07  lr 6.74e-05
ep  39  it   500/1563  loss 0.00023  recon 0.00023  kl 5.07  lr 6.74e-05
ep  39  it   550/1563  loss 0.00023  recon 0.00023  kl 5.07  lr 6.73e-05
ep  39  it   600/1563  loss 0.00023  recon 0.00023  kl 5.07  lr 6.73e-05
ep  39  it   650/1563  loss 0.00024  recon 0.00023  kl 5.07  lr 6.72e-05
ep  39  it   700/1563  loss 0.00023  recon 0.00023  kl 5.07  lr 6.72e-05
ep  39  it   750/1563  loss 0.00023  recon 0.00023  kl 5.07  lr 6.71e-05
ep  39  it   800/1563  loss 0.00023  recon 0.00023  kl 5.07  lr 6.71e-05
ep  39  it   850/1563  loss 0.00023  recon 0.00023  kl 5.06  lr 6.70e-05
ep  39  it   900/1563  loss 0.00023  recon 0.00023  kl 5.06  lr 6.70e-05
ep  39  it   950/1563  loss 0.00023  recon 0.00023  kl 5.06  lr 6.69e-05
ep  39  it  1000/1563  loss 0.00023  recon 0.00023  kl 5.06  lr 6.69e-05
ep  39  it  1050/1563  loss 0.00023  recon 0.00023  kl 5.06  lr 6.68e-05
ep  39  it  1100/1563  loss 0.00023  recon 0.00023  kl 5.06  lr 6.68e-05
ep  39  it  1150/1563  loss 0.00023  recon 0.00023  kl 5.06  lr 6.67e-05
ep  39  it  1200/1563  loss 0.00023  recon 0.00023  kl 5.06  lr 6.67e-05
ep  39  it  1250/1563  loss 0.00023  recon 0.00023  kl 5.06  lr 6.67e-05
ep  39  it  1300/1563  loss 0.00023  recon 0.00023  kl 5.06  lr 6.66e-05
ep  39  it  1350/1563  loss 0.00023  recon 0.00023  kl 5.06  lr 6.66e-05
ep  39  it  1400/1563  loss 0.00023  recon 0.00023  kl 5.06  lr 6.65e-05
ep  39  it  1450/1563  loss 0.00023  recon 0.00023  kl 5.06  lr 6.65e-05
ep  39  it  1500/1563  loss 0.00023  recon 0.00023  kl 5.06  lr 6.64e-05
ep  39  it  1550/1563  loss 0.00023  recon 0.00023  kl 5.06  lr 6.64e-05
[epoch 39] loss=0.00023  recon=0.00023  kl=5.06  lr=6.64e-05  time=2.3 min
ep  40  it    50/1563  loss 0.00023  recon 0.00023  kl 5.06  lr 6.63e-05
ep  40  it   100/1563  loss 0.00023  recon 0.00022  kl 5.06  lr 6.63e-05
ep  40  it   150/1563  loss 0.00023  recon 0.00022  kl 5.06  lr 6.62e-05
ep  40  it   200/1563  loss 0.00023  recon 0.00022  kl 5.06  lr 6.62e-05
ep  40  it   250/1563  loss 0.00023  recon 0.00022  kl 5.06  lr 6.61e-05
ep  40  it   300/1563  loss 0.00023  recon 0.00023  kl 5.06  lr 6.61e-05
ep  40  it   350/1563  loss 0.00023  recon 0.00023  kl 5.06  lr 6.60e-05
ep  40  it   400/1563  loss 0.00023  recon 0.00023  kl 5.06  lr 6.60e-05
ep  40  it   450/1563  loss 0.00023  recon 0.00023  kl 5.06  lr 6.59e-05
ep  40  it   500/1563  loss 0.00023  recon 0.00023  kl 5.06  lr 6.59e-05
ep  40  it   550/1563  loss 0.00023  recon 0.00023  kl 5.06  lr 6.58e-05
ep  40  it   600/1563  loss 0.00023  recon 0.00023  kl 5.06  lr 6.58e-05
ep  40  it   650/1563  loss 0.00023  recon 0.00023  kl 5.06  lr 6.57e-05
ep  40  it   700/1563  loss 0.00023  recon 0.00023  kl 5.06  lr 6.57e-05
ep  40  it   750/1563  loss 0.00023  recon 0.00023  kl 5.06  lr 6.56e-05
ep  40  it   800/1563  loss 0.00023  recon 0.00023  kl 5.06  lr 6.56e-05
ep  40  it   850/1563  loss 0.00023  recon 0.00023  kl 5.06  lr 6.55e-05
ep  40  it   900/1563  loss 0.00023  recon 0.00023  kl 5.06  lr 6.55e-05
ep  40  it   950/1563  loss 0.00023  recon 0.00023  kl 5.06  lr 6.54e-05
ep  40  it  1000/1563  loss 0.00023  recon 0.00023  kl 5.06  lr 6.54e-05
ep  40  it  1050/1563  loss 0.00023  recon 0.00023  kl 5.06  lr 6.53e-05
ep  40  it  1100/1563  loss 0.00023  recon 0.00023  kl 5.06  lr 6.53e-05
ep  40  it  1150/1563  loss 0.00023  recon 0.00023  kl 5.06  lr 6.52e-05
ep  40  it  1200/1563  loss 0.00023  recon 0.00023  kl 5.06  lr 6.52e-05
ep  40  it  1250/1563  loss 0.00023  recon 0.00023  kl 5.06  lr 6.51e-05
ep  40  it  1300/1563  loss 0.00023  recon 0.00023  kl 5.06  lr 6.51e-05
ep  40  it  1350/1563  loss 0.00023  recon 0.00023  kl 5.06  lr 6.51e-05
ep  40  it  1400/1563  loss 0.00023  recon 0.00023  kl 5.06  lr 6.50e-05
ep  40  it  1450/1563  loss 0.00023  recon 0.00023  kl 5.06  lr 6.50e-05
ep  40  it  1500/1563  loss 0.00023  recon 0.00023  kl 5.06  lr 6.49e-05
ep  40  it  1550/1563  loss 0.00023  recon 0.00023  kl 5.06  lr 6.49e-05
[epoch 40] loss=0.00023  recon=0.00023  kl=5.06  lr=6.48e-05  time=2.3 min
ep  41  it    50/1563  loss 0.00023  recon 0.00022  kl 5.05  lr 6.48e-05
ep  41  it   100/1563  loss 0.00023  recon 0.00022  kl 5.05  lr 6.47e-05
ep  41  it   150/1563  loss 0.00023  recon 0.00022  kl 5.05  lr 6.47e-05
ep  41  it   200/1563  loss 0.00023  recon 0.00022  kl 5.06  lr 6.47e-05
ep  41  it   250/1563  loss 0.00023  recon 0.00022  kl 5.06  lr 6.46e-05
ep  41  it   300/1563  loss 0.00023  recon 0.00022  kl 5.06  lr 6.46e-05
ep  41  it   350/1563  loss 0.00023  recon 0.00022  kl 5.06  lr 6.45e-05
ep  41  it   400/1563  loss 0.00023  recon 0.00022  kl 5.06  lr 6.45e-05
ep  41  it   450/1563  loss 0.00023  recon 0.00022  kl 5.06  lr 6.44e-05
ep  41  it   500/1563  loss 0.00023  recon 0.00022  kl 5.06  lr 6.44e-05
ep  41  it   550/1563  loss 0.00023  recon 0.00022  kl 5.06  lr 6.43e-05
ep  41  it   600/1563  loss 0.00023  recon 0.00022  kl 5.06  lr 6.43e-05
ep  41  it   650/1563  loss 0.00023  recon 0.00022  kl 5.06  lr 6.42e-05
ep  41  it   700/1563  loss 0.00023  recon 0.00022  kl 5.06  lr 6.42e-05
ep  41  it   750/1563  loss 0.00023  recon 0.00022  kl 5.06  lr 6.41e-05
ep  41  it   800/1563  loss 0.00023  recon 0.00022  kl 5.06  lr 6.41e-05
ep  41  it   850/1563  loss 0.00023  recon 0.00022  kl 5.06  lr 6.40e-05
ep  41  it   900/1563  loss 0.00023  recon 0.00022  kl 5.06  lr 6.40e-05
ep  41  it   950/1563  loss 0.00023  recon 0.00022  kl 5.06  lr 6.39e-05
ep  41  it  1000/1563  loss 0.00023  recon 0.00022  kl 5.06  lr 6.39e-05
ep  41  it  1050/1563  loss 0.00023  recon 0.00022  kl 5.06  lr 6.38e-05
ep  41  it  1100/1563  loss 0.00023  recon 0.00022  kl 5.06  lr 6.38e-05
ep  41  it  1150/1563  loss 0.00023  recon 0.00022  kl 5.06  lr 6.37e-05
ep  41  it  1200/1563  loss 0.00023  recon 0.00022  kl 5.06  lr 6.37e-05
ep  41  it  1250/1563  loss 0.00023  recon 0.00022  kl 5.06  lr 6.36e-05
ep  41  it  1300/1563  loss 0.00023  recon 0.00022  kl 5.06  lr 6.36e-05
ep  41  it  1350/1563  loss 0.00023  recon 0.00022  kl 5.06  lr 6.35e-05
ep  41  it  1400/1563  loss 0.00023  recon 0.00022  kl 5.06  lr 6.35e-05
ep  41  it  1450/1563  loss 0.00023  recon 0.00022  kl 5.06  lr 6.34e-05
ep  41  it  1500/1563  loss 0.00023  recon 0.00022  kl 5.06  lr 6.34e-05
ep  41  it  1550/1563  loss 0.00023  recon 0.00022  kl 5.06  lr 6.33e-05
[epoch 41] loss=0.00023  recon=0.00022  kl=5.06  lr=6.33e-05  time=2.3 min
ep  42  it    50/1563  loss 0.00023  recon 0.00022  kl 5.06  lr 6.33e-05
ep  42  it   100/1563  loss 0.00023  recon 0.00022  kl 5.06  lr 6.32e-05
ep  42  it   150/1563  loss 0.00023  recon 0.00022  kl 5.05  lr 6.32e-05
ep  42  it   200/1563  loss 0.00023  recon 0.00022  kl 5.05  lr 6.31e-05
ep  42  it   250/1563  loss 0.00023  recon 0.00022  kl 5.05  lr 6.31e-05
ep  42  it   300/1563  loss 0.00022  recon 0.00022  kl 5.05  lr 6.30e-05
ep  42  it   350/1563  loss 0.00022  recon 0.00022  kl 5.05  lr 6.30e-05
ep  42  it   400/1563  loss 0.00022  recon 0.00022  kl 5.05  lr 6.29e-05
ep  42  it   450/1563  loss 0.00022  recon 0.00022  kl 5.05  lr 6.29e-05
ep  42  it   500/1563  loss 0.00022  recon 0.00022  kl 5.05  lr 6.28e-05
ep  42  it   550/1563  loss 0.00022  recon 0.00022  kl 5.05  lr 6.28e-05
ep  42  it   600/1563  loss 0.00022  recon 0.00022  kl 5.05  lr 6.27e-05
ep  42  it   650/1563  loss 0.00022  recon 0.00022  kl 5.05  lr 6.27e-05
ep  42  it   700/1563  loss 0.00022  recon 0.00022  kl 5.05  lr 6.26e-05
ep  42  it   750/1563  loss 0.00022  recon 0.00022  kl 5.05  lr 6.26e-05
ep  42  it   800/1563  loss 0.00022  recon 0.00022  kl 5.05  lr 6.25e-05
ep  42  it   850/1563  loss 0.00022  recon 0.00022  kl 5.05  lr 6.25e-05
ep  42  it   900/1563  loss 0.00022  recon 0.00022  kl 5.05  lr 6.24e-05
ep  42  it   950/1563  loss 0.00022  recon 0.00022  kl 5.05  lr 6.24e-05
ep  42  it  1000/1563  loss 0.00022  recon 0.00022  kl 5.05  lr 6.23e-05
ep  42  it  1050/1563  loss 0.00022  recon 0.00022  kl 5.05  lr 6.23e-05
ep  42  it  1100/1563  loss 0.00022  recon 0.00022  kl 5.05  lr 6.22e-05
ep  42  it  1150/1563  loss 0.00022  recon 0.00022  kl 5.05  lr 6.22e-05
ep  42  it  1200/1563  loss 0.00022  recon 0.00022  kl 5.05  lr 6.21e-05
ep  42  it  1250/1563  loss 0.00022  recon 0.00022  kl 5.05  lr 6.21e-05
ep  42  it  1300/1563  loss 0.00022  recon 0.00022  kl 5.05  lr 6.20e-05
ep  42  it  1350/1563  loss 0.00022  recon 0.00022  kl 5.06  lr 6.20e-05
ep  42  it  1400/1563  loss 0.00022  recon 0.00022  kl 5.06  lr 6.19e-05
ep  42  it  1450/1563  loss 0.00022  recon 0.00022  kl 5.06  lr 6.19e-05
ep  42  it  1500/1563  loss 0.00022  recon 0.00022  kl 5.06  lr 6.19e-05
ep  42  it  1550/1563  loss 0.00022  recon 0.00022  kl 5.06  lr 6.18e-05
[epoch 42] loss=0.00022  recon=0.00022  kl=5.06  lr=6.18e-05  time=2.3 min
ep  43  it    50/1563  loss 0.00023  recon 0.00022  kl 5.05  lr 6.17e-05
ep  43  it   100/1563  loss 0.00022  recon 0.00022  kl 5.06  lr 6.17e-05
ep  43  it   150/1563  loss 0.00022  recon 0.00021  kl 5.06  lr 6.16e-05
ep  43  it   200/1563  loss 0.00022  recon 0.00022  kl 5.06  lr 6.16e-05
ep  43  it   250/1563  loss 0.00022  recon 0.00022  kl 5.06  lr 6.15e-05
ep  43  it   300/1563  loss 0.00022  recon 0.00022  kl 5.06  lr 6.15e-05
ep  43  it   350/1563  loss 0.00022  recon 0.00022  kl 5.06  lr 6.14e-05
ep  43  it   400/1563  loss 0.00022  recon 0.00022  kl 5.06  lr 6.14e-05
ep  43  it   450/1563  loss 0.00022  recon 0.00022  kl 5.06  lr 6.13e-05
ep  43  it   500/1563  loss 0.00022  recon 0.00022  kl 5.06  lr 6.13e-05
ep  43  it   550/1563  loss 0.00022  recon 0.00022  kl 5.06  lr 6.12e-05
ep  43  it   600/1563  loss 0.00022  recon 0.00022  kl 5.06  lr 6.12e-05
ep  43  it   650/1563  loss 0.00022  recon 0.00022  kl 5.06  lr 6.11e-05
ep  43  it   700/1563  loss 0.00022  recon 0.00022  kl 5.06  lr 6.11e-05
ep  43  it   750/1563  loss 0.00022  recon 0.00022  kl 5.06  lr 6.10e-05
ep  43  it   800/1563  loss 0.00022  recon 0.00022  kl 5.06  lr 6.10e-05
ep  43  it   850/1563  loss 0.00022  recon 0.00022  kl 5.06  lr 6.09e-05
ep  43  it   900/1563  loss 0.00022  recon 0.00022  kl 5.06  lr 6.09e-05
ep  43  it   950/1563  loss 0.00022  recon 0.00022  kl 5.06  lr 6.08e-05
ep  43  it  1000/1563  loss 0.00022  recon 0.00022  kl 5.06  lr 6.08e-05
ep  43  it  1050/1563  loss 0.00022  recon 0.00022  kl 5.06  lr 6.07e-05
ep  43  it  1100/1563  loss 0.00022  recon 0.00022  kl 5.06  lr 6.07e-05
ep  43  it  1150/1563  loss 0.00022  recon 0.00022  kl 5.06  lr 6.07e-05
ep  43  it  1200/1563  loss 0.00022  recon 0.00022  kl 5.06  lr 6.06e-05
ep  43  it  1250/1563  loss 0.00022  recon 0.00022  kl 5.06  lr 6.06e-05
ep  43  it  1300/1563  loss 0.00022  recon 0.00022  kl 5.05  lr 6.05e-05
ep  43  it  1350/1563  loss 0.00022  recon 0.00022  kl 5.06  lr 6.05e-05
ep  43  it  1400/1563  loss 0.00022  recon 0.00022  kl 5.06  lr 6.04e-05
ep  43  it  1450/1563  loss 0.00022  recon 0.00022  kl 5.06  lr 6.04e-05
ep  43  it  1500/1563  loss 0.00022  recon 0.00022  kl 5.06  lr 6.03e-05
ep  43  it  1550/1563  loss 0.00022  recon 0.00022  kl 5.06  lr 6.03e-05
[epoch 43] loss=0.00022  recon=0.00022  kl=5.06  lr=6.02e-05  time=2.3 min
ep  44  it    50/1563  loss 0.00021  recon 0.00021  kl 5.05  lr 6.02e-05
ep  44  it   100/1563  loss 0.00022  recon 0.00021  kl 5.05  lr 6.01e-05
ep  44  it   150/1563  loss 0.00022  recon 0.00021  kl 5.06  lr 6.01e-05
ep  44  it   200/1563  loss 0.00022  recon 0.00021  kl 5.05  lr 6.00e-05
ep  44  it   250/1563  loss 0.00022  recon 0.00021  kl 5.06  lr 6.00e-05
ep  44  it   300/1563  loss 0.00022  recon 0.00021  kl 5.06  lr 5.99e-05
ep  44  it   350/1563  loss 0.00022  recon 0.00021  kl 5.06  lr 5.99e-05
ep  44  it   400/1563  loss 0.00022  recon 0.00021  kl 5.06  lr 5.98e-05
ep  44  it   450/1563  loss 0.00022  recon 0.00021  kl 5.06  lr 5.98e-05
ep  44  it   500/1563  loss 0.00022  recon 0.00021  kl 5.06  lr 5.97e-05
ep  44  it   550/1563  loss 0.00022  recon 0.00021  kl 5.06  lr 5.97e-05
ep  44  it   600/1563  loss 0.00022  recon 0.00021  kl 5.06  lr 5.96e-05
ep  44  it   650/1563  loss 0.00022  recon 0.00021  kl 5.06  lr 5.96e-05
ep  44  it   700/1563  loss 0.00022  recon 0.00021  kl 5.06  lr 5.95e-05
ep  44  it   750/1563  loss 0.00022  recon 0.00021  kl 5.06  lr 5.95e-05
ep  44  it   800/1563  loss 0.00022  recon 0.00021  kl 5.06  lr 5.94e-05
ep  44  it   850/1563  loss 0.00022  recon 0.00021  kl 5.06  lr 5.94e-05
ep  44  it   900/1563  loss 0.00022  recon 0.00021  kl 5.06  lr 5.93e-05
ep  44  it   950/1563  loss 0.00022  recon 0.00021  kl 5.06  lr 5.93e-05
ep  44  it  1000/1563  loss 0.00022  recon 0.00021  kl 5.06  lr 5.92e-05
ep  44  it  1050/1563  loss 0.00022  recon 0.00021  kl 5.06  lr 5.92e-05
ep  44  it  1100/1563  loss 0.00022  recon 0.00021  kl 5.06  lr 5.91e-05
ep  44  it  1150/1563  loss 0.00022  recon 0.00021  kl 5.06  lr 5.91e-05
ep  44  it  1200/1563  loss 0.00022  recon 0.00021  kl 5.06  lr 5.90e-05
ep  44  it  1250/1563  loss 0.00022  recon 0.00021  kl 5.06  lr 5.90e-05
ep  44  it  1300/1563  loss 0.00022  recon 0.00021  kl 5.06  lr 5.89e-05
ep  44  it  1350/1563  loss 0.00022  recon 0.00021  kl 5.06  lr 5.89e-05
ep  44  it  1400/1563  loss 0.00022  recon 0.00021  kl 5.06  lr 5.88e-05
ep  44  it  1450/1563  loss 0.00022  recon 0.00021  kl 5.06  lr 5.88e-05
ep  44  it  1500/1563  loss 0.00022  recon 0.00021  kl 5.06  lr 5.87e-05
ep  44  it  1550/1563  loss 0.00022  recon 0.00021  kl 5.06  lr 5.87e-05
[epoch 44] loss=0.00022  recon=0.00021  kl=5.06  lr=5.87e-05  time=2.3 min
ep  45  it    50/1563  loss 0.00021  recon 0.00021  kl 5.04  lr 5.86e-05
ep  45  it   100/1563  loss 0.00022  recon 0.00021  kl 5.05  lr 5.86e-05
ep  45  it   150/1563  loss 0.00022  recon 0.00021  kl 5.05  lr 5.85e-05
ep  45  it   200/1563  loss 0.00022  recon 0.00021  kl 5.05  lr 5.85e-05
ep  45  it   250/1563  loss 0.00022  recon 0.00021  kl 5.05  lr 5.84e-05
ep  45  it   300/1563  loss 0.00022  recon 0.00021  kl 5.05  lr 5.84e-05
ep  45  it   350/1563  loss 0.00022  recon 0.00021  kl 5.05  lr 5.83e-05
ep  45  it   400/1563  loss 0.00022  recon 0.00021  kl 5.05  lr 5.83e-05
ep  45  it   450/1563  loss 0.00022  recon 0.00021  kl 5.05  lr 5.82e-05
ep  45  it   500/1563  loss 0.00022  recon 0.00021  kl 5.05  lr 5.82e-05
ep  45  it   550/1563  loss 0.00022  recon 0.00021  kl 5.05  lr 5.81e-05
ep  45  it   600/1563  loss 0.00022  recon 0.00021  kl 5.05  lr 5.81e-05
ep  45  it   650/1563  loss 0.00022  recon 0.00021  kl 5.05  lr 5.80e-05
ep  45  it   700/1563  loss 0.00022  recon 0.00021  kl 5.05  lr 5.80e-05
ep  45  it   750/1563  loss 0.00022  recon 0.00021  kl 5.05  lr 5.79e-05
ep  45  it   800/1563  loss 0.00022  recon 0.00021  kl 5.05  lr 5.79e-05
ep  45  it   850/1563  loss 0.00022  recon 0.00021  kl 5.05  lr 5.78e-05
ep  45  it   900/1563  loss 0.00022  recon 0.00021  kl 5.05  lr 5.78e-05
ep  45  it   950/1563  loss 0.00022  recon 0.00021  kl 5.05  lr 5.77e-05
ep  45  it  1000/1563  loss 0.00022  recon 0.00021  kl 5.05  lr 5.77e-05
ep  45  it  1050/1563  loss 0.00022  recon 0.00021  kl 5.05  lr 5.76e-05
ep  45  it  1100/1563  loss 0.00022  recon 0.00021  kl 5.05  lr 5.76e-05
ep  45  it  1150/1563  loss 0.00022  recon 0.00021  kl 5.05  lr 5.75e-05
ep  45  it  1200/1563  loss 0.00022  recon 0.00021  kl 5.05  lr 5.75e-05
ep  45  it  1250/1563  loss 0.00022  recon 0.00021  kl 5.05  lr 5.74e-05
ep  45  it  1300/1563  loss 0.00022  recon 0.00021  kl 5.05  lr 5.74e-05
ep  45  it  1350/1563  loss 0.00022  recon 0.00021  kl 5.05  lr 5.73e-05
ep  45  it  1400/1563  loss 0.00022  recon 0.00021  kl 5.05  lr 5.73e-05
ep  45  it  1450/1563  loss 0.00022  recon 0.00021  kl 5.05  lr 5.72e-05
ep  45  it  1500/1563  loss 0.00022  recon 0.00021  kl 5.05  lr 5.72e-05
ep  45  it  1550/1563  loss 0.00022  recon 0.00021  kl 5.05  lr 5.71e-05
[epoch 45] loss=0.00022  recon=0.00021  kl=5.05  lr=5.71e-05  time=2.3 min
ep  46  it    50/1563  loss 0.00022  recon 0.00021  kl 5.05  lr 5.71e-05
ep  46  it   100/1563  loss 0.00022  recon 0.00021  kl 5.05  lr 5.70e-05
ep  46  it   150/1563  loss 0.00022  recon 0.00021  kl 5.05  lr 5.70e-05
ep  46  it   200/1563  loss 0.00022  recon 0.00021  kl 5.05  lr 5.69e-05
ep  46  it   250/1563  loss 0.00022  recon 0.00021  kl 5.05  lr 5.69e-05
ep  46  it   300/1563  loss 0.00021  recon 0.00021  kl 5.05  lr 5.68e-05
ep  46  it   350/1563  loss 0.00021  recon 0.00021  kl 5.05  lr 5.68e-05
ep  46  it   400/1563  loss 0.00021  recon 0.00021  kl 5.05  lr 5.67e-05
ep  46  it   450/1563  loss 0.00021  recon 0.00021  kl 5.05  lr 5.67e-05
ep  46  it   500/1563  loss 0.00021  recon 0.00021  kl 5.05  lr 5.66e-05
ep  46  it   550/1563  loss 0.00021  recon 0.00021  kl 5.05  lr 5.66e-05
ep  46  it   600/1563  loss 0.00021  recon 0.00021  kl 5.05  lr 5.65e-05
ep  46  it   650/1563  loss 0.00021  recon 0.00021  kl 5.05  lr 5.65e-05
ep  46  it   700/1563  loss 0.00021  recon 0.00021  kl 5.05  lr 5.64e-05
ep  46  it   750/1563  loss 0.00021  recon 0.00021  kl 5.05  lr 5.64e-05
ep  46  it   800/1563  loss 0.00021  recon 0.00021  kl 5.05  lr 5.63e-05
ep  46  it   850/1563  loss 0.00021  recon 0.00021  kl 5.05  lr 5.63e-05
ep  46  it   900/1563  loss 0.00021  recon 0.00021  kl 5.05  lr 5.62e-05
ep  46  it   950/1563  loss 0.00021  recon 0.00021  kl 5.05  lr 5.62e-05
ep  46  it  1000/1563  loss 0.00021  recon 0.00021  kl 5.05  lr 5.61e-05
ep  46  it  1050/1563  loss 0.00021  recon 0.00021  kl 5.05  lr 5.61e-05
ep  46  it  1100/1563  loss 0.00021  recon 0.00021  kl 5.05  lr 5.60e-05
ep  46  it  1150/1563  loss 0.00021  recon 0.00021  kl 5.05  lr 5.60e-05
ep  46  it  1200/1563  loss 0.00021  recon 0.00021  kl 5.05  lr 5.59e-05
ep  46  it  1250/1563  loss 0.00021  recon 0.00021  kl 5.05  lr 5.59e-05
ep  46  it  1300/1563  loss 0.00021  recon 0.00021  kl 5.05  lr 5.58e-05
ep  46  it  1350/1563  loss 0.00021  recon 0.00021  kl 5.05  lr 5.58e-05
ep  46  it  1400/1563  loss 0.00021  recon 0.00021  kl 5.05  lr 5.57e-05
ep  46  it  1450/1563  loss 0.00021  recon 0.00021  kl 5.05  lr 5.57e-05
ep  46  it  1500/1563  loss 0.00021  recon 0.00021  kl 5.05  lr 5.56e-05
ep  46  it  1550/1563  loss 0.00021  recon 0.00021  kl 5.05  lr 5.56e-05
[epoch 46] loss=0.00021  recon=0.00021  kl=5.05  lr=5.55e-05  time=2.3 min
ep  47  it    50/1563  loss 0.00021  recon 0.00020  kl 5.04  lr 5.55e-05
ep  47  it   100/1563  loss 0.00021  recon 0.00021  kl 5.05  lr 5.54e-05
ep  47  it   150/1563  loss 0.00021  recon 0.00021  kl 5.05  lr 5.54e-05
ep  47  it   200/1563  loss 0.00021  recon 0.00021  kl 5.05  lr 5.53e-05
ep  47  it   250/1563  loss 0.00021  recon 0.00021  kl 5.05  lr 5.53e-05
ep  47  it   300/1563  loss 0.00021  recon 0.00021  kl 5.05  lr 5.52e-05
ep  47  it   350/1563  loss 0.00021  recon 0.00021  kl 5.05  lr 5.52e-05
ep  47  it   400/1563  loss 0.00021  recon 0.00021  kl 5.05  lr 5.51e-05
ep  47  it   450/1563  loss 0.00021  recon 0.00021  kl 5.05  lr 5.51e-05
ep  47  it   500/1563  loss 0.00021  recon 0.00021  kl 5.05  lr 5.50e-05
ep  47  it   550/1563  loss 0.00021  recon 0.00021  kl 5.05  lr 5.50e-05
ep  47  it   600/1563  loss 0.00021  recon 0.00021  kl 5.05  lr 5.49e-05
ep  47  it   650/1563  loss 0.00021  recon 0.00021  kl 5.05  lr 5.49e-05
ep  47  it   700/1563  loss 0.00021  recon 0.00021  kl 5.05  lr 5.48e-05
ep  47  it   750/1563  loss 0.00021  recon 0.00021  kl 5.05  lr 5.48e-05
ep  47  it   800/1563  loss 0.00021  recon 0.00021  kl 5.05  lr 5.47e-05
ep  47  it   850/1563  loss 0.00021  recon 0.00021  kl 5.05  lr 5.47e-05
ep  47  it   900/1563  loss 0.00021  recon 0.00021  kl 5.05  lr 5.46e-05
ep  47  it   950/1563  loss 0.00021  recon 0.00021  kl 5.05  lr 5.46e-05
ep  47  it  1000/1563  loss 0.00021  recon 0.00021  kl 5.05  lr 5.45e-05
ep  47  it  1050/1563  loss 0.00021  recon 0.00021  kl 5.05  lr 5.45e-05
ep  47  it  1100/1563  loss 0.00021  recon 0.00021  kl 5.05  lr 5.44e-05
ep  47  it  1150/1563  loss 0.00021  recon 0.00021  kl 5.05  lr 5.44e-05
ep  47  it  1200/1563  loss 0.00021  recon 0.00021  kl 5.05  lr 5.43e-05
ep  47  it  1250/1563  loss 0.00021  recon 0.00021  kl 5.05  lr 5.43e-05
ep  47  it  1300/1563  loss 0.00021  recon 0.00021  kl 5.05  lr 5.42e-05
ep  47  it  1350/1563  loss 0.00021  recon 0.00021  kl 5.05  lr 5.42e-05
ep  47  it  1400/1563  loss 0.00021  recon 0.00021  kl 5.05  lr 5.41e-05
ep  47  it  1450/1563  loss 0.00021  recon 0.00021  kl 5.05  lr 5.41e-05
ep  47  it  1500/1563  loss 0.00021  recon 0.00021  kl 5.05  lr 5.40e-05
ep  47  it  1550/1563  loss 0.00021  recon 0.00021  kl 5.05  lr 5.40e-05
[epoch 47] loss=0.00021  recon=0.00021  kl=5.05  lr=5.40e-05  time=2.3 min
ep  48  it    50/1563  loss 0.00020  recon 0.00020  kl 5.05  lr 5.39e-05
ep  48  it   100/1563  loss 0.00021  recon 0.00020  kl 5.05  lr 5.39e-05
ep  48  it   150/1563  loss 0.00021  recon 0.00020  kl 5.05  lr 5.38e-05
ep  48  it   200/1563  loss 0.00021  recon 0.00020  kl 5.05  lr 5.38e-05
ep  48  it   250/1563  loss 0.00021  recon 0.00020  kl 5.05  lr 5.37e-05
ep  48  it   300/1563  loss 0.00021  recon 0.00020  kl 5.05  lr 5.37e-05
ep  48  it   350/1563  loss 0.00021  recon 0.00020  kl 5.05  lr 5.36e-05
ep  48  it   400/1563  loss 0.00021  recon 0.00020  kl 5.05  lr 5.36e-05
ep  48  it   450/1563  loss 0.00021  recon 0.00020  kl 5.05  lr 5.35e-05
ep  48  it   500/1563  loss 0.00021  recon 0.00020  kl 5.05  lr 5.35e-05
ep  48  it   550/1563  loss 0.00021  recon 0.00020  kl 5.05  lr 5.34e-05
ep  48  it   600/1563  loss 0.00021  recon 0.00020  kl 5.05  lr 5.34e-05
ep  48  it   650/1563  loss 0.00021  recon 0.00020  kl 5.05  lr 5.33e-05
ep  48  it   700/1563  loss 0.00021  recon 0.00020  kl 5.05  lr 5.33e-05
ep  48  it   750/1563  loss 0.00021  recon 0.00020  kl 5.05  lr 5.32e-05
ep  48  it   800/1563  loss 0.00021  recon 0.00020  kl 5.05  lr 5.32e-05
ep  48  it   850/1563  loss 0.00021  recon 0.00020  kl 5.05  lr 5.31e-05
ep  48  it   900/1563  loss 0.00021  recon 0.00020  kl 5.05  lr 5.31e-05
ep  48  it   950/1563  loss 0.00021  recon 0.00020  kl 5.05  lr 5.30e-05
ep  48  it  1000/1563  loss 0.00021  recon 0.00020  kl 5.05  lr 5.29e-05
ep  48  it  1050/1563  loss 0.00021  recon 0.00020  kl 5.05  lr 5.29e-05
ep  48  it  1100/1563  loss 0.00021  recon 0.00020  kl 5.05  lr 5.28e-05
ep  48  it  1150/1563  loss 0.00021  recon 0.00020  kl 5.05  lr 5.28e-05
ep  48  it  1200/1563  loss 0.00021  recon 0.00020  kl 5.05  lr 5.27e-05
ep  48  it  1250/1563  loss 0.00021  recon 0.00020  kl 5.05  lr 5.27e-05
ep  48  it  1300/1563  loss 0.00021  recon 0.00020  kl 5.05  lr 5.26e-05
ep  48  it  1350/1563  loss 0.00021  recon 0.00020  kl 5.05  lr 5.26e-05
ep  48  it  1400/1563  loss 0.00021  recon 0.00020  kl 5.05  lr 5.25e-05
ep  48  it  1450/1563  loss 0.00021  recon 0.00020  kl 5.05  lr 5.25e-05
ep  48  it  1500/1563  loss 0.00021  recon 0.00020  kl 5.05  lr 5.24e-05
ep  48  it  1550/1563  loss 0.00021  recon 0.00020  kl 5.05  lr 5.24e-05
[epoch 48] loss=0.00021  recon=0.00020  kl=5.05  lr=5.24e-05  time=2.3 min
ep  49  it    50/1563  loss 0.00020  recon 0.00020  kl 5.04  lr 5.23e-05
ep  49  it   100/1563  loss 0.00020  recon 0.00020  kl 5.04  lr 5.23e-05
ep  49  it   150/1563  loss 0.00021  recon 0.00020  kl 5.05  lr 5.22e-05
ep  49  it   200/1563  loss 0.00021  recon 0.00020  kl 5.05  lr 5.22e-05
ep  49  it   250/1563  loss 0.00021  recon 0.00020  kl 5.05  lr 5.21e-05
ep  49  it   300/1563  loss 0.00021  recon 0.00020  kl 5.05  lr 5.21e-05
ep  49  it   350/1563  loss 0.00021  recon 0.00020  kl 5.05  lr 5.20e-05
ep  49  it   400/1563  loss 0.00021  recon 0.00020  kl 5.05  lr 5.20e-05
ep  49  it   450/1563  loss 0.00021  recon 0.00020  kl 5.05  lr 5.19e-05
ep  49  it   500/1563  loss 0.00021  recon 0.00020  kl 5.05  lr 5.19e-05
ep  49  it   550/1563  loss 0.00021  recon 0.00020  kl 5.05  lr 5.18e-05
ep  49  it   600/1563  loss 0.00021  recon 0.00020  kl 5.05  lr 5.18e-05
ep  49  it   650/1563  loss 0.00021  recon 0.00020  kl 5.05  lr 5.17e-05
ep  49  it   700/1563  loss 0.00021  recon 0.00020  kl 5.05  lr 5.17e-05
ep  49  it   750/1563  loss 0.00021  recon 0.00020  kl 5.05  lr 5.16e-05
ep  49  it   800/1563  loss 0.00021  recon 0.00020  kl 5.05  lr 5.16e-05
ep  49  it   850/1563  loss 0.00021  recon 0.00020  kl 5.05  lr 5.15e-05
ep  49  it   900/1563  loss 0.00021  recon 0.00020  kl 5.05  lr 5.15e-05
ep  49  it   950/1563  loss 0.00021  recon 0.00020  kl 5.05  lr 5.14e-05
ep  49  it  1000/1563  loss 0.00021  recon 0.00020  kl 5.05  lr 5.14e-05
ep  49  it  1050/1563  loss 0.00021  recon 0.00020  kl 5.05  lr 5.13e-05
ep  49  it  1100/1563  loss 0.00021  recon 0.00020  kl 5.05  lr 5.13e-05
ep  49  it  1150/1563  loss 0.00021  recon 0.00020  kl 5.05  lr 5.12e-05
ep  49  it  1200/1563  loss 0.00021  recon 0.00020  kl 5.05  lr 5.12e-05
ep  49  it  1250/1563  loss 0.00021  recon 0.00020  kl 5.05  lr 5.11e-05
ep  49  it  1300/1563  loss 0.00021  recon 0.00020  kl 5.05  lr 5.11e-05
ep  49  it  1350/1563  loss 0.00021  recon 0.00020  kl 5.05  lr 5.10e-05
ep  49  it  1400/1563  loss 0.00021  recon 0.00020  kl 5.05  lr 5.10e-05
ep  49  it  1450/1563  loss 0.00021  recon 0.00020  kl 5.05  lr 5.09e-05
ep  49  it  1500/1563  loss 0.00021  recon 0.00020  kl 5.05  lr 5.09e-05
ep  49  it  1550/1563  loss 0.00021  recon 0.00020  kl 5.05  lr 5.08e-05
[epoch 49] loss=0.00021  recon=0.00020  kl=5.05  lr=5.08e-05  time=2.3 min
ep  50  it    50/1563  loss 0.00020  recon 0.00020  kl 5.05  lr 5.07e-05
ep  50  it   100/1563  loss 0.00020  recon 0.00020  kl 5.05  lr 5.07e-05
ep  50  it   150/1563  loss 0.00020  recon 0.00020  kl 5.05  lr 5.06e-05
ep  50  it   200/1563  loss 0.00020  recon 0.00020  kl 5.05  lr 5.06e-05
ep  50  it   250/1563  loss 0.00020  recon 0.00020  kl 5.05  lr 5.05e-05
ep  50  it   300/1563  loss 0.00020  recon 0.00020  kl 5.05  lr 5.05e-05
ep  50  it   350/1563  loss 0.00020  recon 0.00020  kl 5.05  lr 5.04e-05
ep  50  it   400/1563  loss 0.00020  recon 0.00020  kl 5.05  lr 5.04e-05
ep  50  it   450/1563  loss 0.00020  recon 0.00020  kl 5.05  lr 5.03e-05
ep  50  it   500/1563  loss 0.00020  recon 0.00020  kl 5.05  lr 5.03e-05
ep  50  it   550/1563  loss 0.00020  recon 0.00020  kl 5.05  lr 5.02e-05
ep  50  it   600/1563  loss 0.00020  recon 0.00020  kl 5.05  lr 5.02e-05
ep  50  it   650/1563  loss 0.00020  recon 0.00020  kl 5.05  lr 5.01e-05
ep  50  it   700/1563  loss 0.00020  recon 0.00020  kl 5.05  lr 5.01e-05
ep  50  it   750/1563  loss 0.00020  recon 0.00020  kl 5.05  lr 5.00e-05
ep  50  it   800/1563  loss 0.00020  recon 0.00020  kl 5.05  lr 5.00e-05
ep  50  it   850/1563  loss 0.00020  recon 0.00020  kl 5.05  lr 4.99e-05
ep  50  it   900/1563  loss 0.00020  recon 0.00020  kl 5.05  lr 4.99e-05
ep  50  it   950/1563  loss 0.00020  recon 0.00020  kl 5.05  lr 4.98e-05
ep  50  it  1000/1563  loss 0.00020  recon 0.00020  kl 5.05  lr 4.98e-05
ep  50  it  1050/1563  loss 0.00020  recon 0.00020  kl 5.05  lr 4.97e-05
ep  50  it  1100/1563  loss 0.00020  recon 0.00020  kl 5.05  lr 4.97e-05
ep  50  it  1150/1563  loss 0.00020  recon 0.00020  kl 5.05  lr 4.96e-05
ep  50  it  1200/1563  loss 0.00020  recon 0.00020  kl 5.05  lr 4.96e-05
ep  50  it  1250/1563  loss 0.00020  recon 0.00020  kl 5.05  lr 4.95e-05
ep  50  it  1300/1563  loss 0.00020  recon 0.00020  kl 5.05  lr 4.95e-05
ep  50  it  1350/1563  loss 0.00020  recon 0.00020  kl 5.05  lr 4.94e-05
ep  50  it  1400/1563  loss 0.00020  recon 0.00020  kl 5.05  lr 4.94e-05
ep  50  it  1450/1563  loss 0.00020  recon 0.00020  kl 5.05  lr 4.93e-05
ep  50  it  1500/1563  loss 0.00020  recon 0.00020  kl 5.05  lr 4.93e-05
ep  50  it  1550/1563  loss 0.00020  recon 0.00020  kl 5.05  lr 4.92e-05
[epoch 50] loss=0.00020  recon=0.00020  kl=5.05  lr=4.92e-05  time=2.3 min
ep  51  it    50/1563  loss 0.00020  recon 0.00019  kl 5.04  lr 4.92e-05
ep  51  it   100/1563  loss 0.00020  recon 0.00020  kl 5.04  lr 4.91e-05
ep  51  it   150/1563  loss 0.00020  recon 0.00020  kl 5.04  lr 4.91e-05
ep  51  it   200/1563  loss 0.00020  recon 0.00020  kl 5.05  lr 4.90e-05
ep  51  it   250/1563  loss 0.00020  recon 0.00020  kl 5.05  lr 4.90e-05
ep  51  it   300/1563  loss 0.00020  recon 0.00020  kl 5.05  lr 4.89e-05
ep  51  it   350/1563  loss 0.00020  recon 0.00020  kl 5.04  lr 4.89e-05
ep  51  it   400/1563  loss 0.00020  recon 0.00020  kl 5.04  lr 4.88e-05
ep  51  it   450/1563  loss 0.00020  recon 0.00020  kl 5.04  lr 4.87e-05
ep  51  it   500/1563  loss 0.00020  recon 0.00020  kl 5.05  lr 4.87e-05
ep  51  it   550/1563  loss 0.00020  recon 0.00020  kl 5.05  lr 4.86e-05
ep  51  it   600/1563  loss 0.00020  recon 0.00020  kl 5.05  lr 4.86e-05
ep  51  it   650/1563  loss 0.00020  recon 0.00020  kl 5.05  lr 4.85e-05
ep  51  it   700/1563  loss 0.00020  recon 0.00020  kl 5.05  lr 4.85e-05
ep  51  it   750/1563  loss 0.00020  recon 0.00020  kl 5.05  lr 4.84e-05
ep  51  it   800/1563  loss 0.00020  recon 0.00020  kl 5.05  lr 4.84e-05
ep  51  it   850/1563  loss 0.00020  recon 0.00020  kl 5.05  lr 4.83e-05
ep  51  it   900/1563  loss 0.00020  recon 0.00020  kl 5.05  lr 4.83e-05
ep  51  it   950/1563  loss 0.00020  recon 0.00020  kl 5.05  lr 4.82e-05
ep  51  it  1000/1563  loss 0.00020  recon 0.00020  kl 5.05  lr 4.82e-05
ep  51  it  1050/1563  loss 0.00020  recon 0.00020  kl 5.05  lr 4.81e-05
ep  51  it  1100/1563  loss 0.00020  recon 0.00020  kl 5.05  lr 4.81e-05
ep  51  it  1150/1563  loss 0.00020  recon 0.00020  kl 5.05  lr 4.80e-05
ep  51  it  1200/1563  loss 0.00020  recon 0.00020  kl 5.05  lr 4.80e-05
ep  51  it  1250/1563  loss 0.00020  recon 0.00020  kl 5.05  lr 4.79e-05
ep  51  it  1300/1563  loss 0.00020  recon 0.00020  kl 5.05  lr 4.79e-05
ep  51  it  1350/1563  loss 0.00020  recon 0.00020  kl 5.05  lr 4.78e-05
ep  51  it  1400/1563  loss 0.00020  recon 0.00020  kl 5.05  lr 4.78e-05
ep  51  it  1450/1563  loss 0.00020  recon 0.00020  kl 5.05  lr 4.77e-05
ep  51  it  1500/1563  loss 0.00020  recon 0.00020  kl 5.05  lr 4.77e-05
ep  51  it  1550/1563  loss 0.00020  recon 0.00020  kl 5.05  lr 4.76e-05
[epoch 51] loss=0.00020  recon=0.00020  kl=5.05  lr=4.76e-05  time=2.3 min
ep  52  it    50/1563  loss 0.00019  recon 0.00019  kl 5.04  lr 4.76e-05
ep  52  it   100/1563  loss 0.00020  recon 0.00019  kl 5.05  lr 4.75e-05
ep  52  it   150/1563  loss 0.00020  recon 0.00019  kl 5.05  lr 4.75e-05
ep  52  it   200/1563  loss 0.00020  recon 0.00019  kl 5.05  lr 4.74e-05
ep  52  it   250/1563  loss 0.00020  recon 0.00019  kl 5.05  lr 4.74e-05
ep  52  it   300/1563  loss 0.00020  recon 0.00019  kl 5.04  lr 4.73e-05
ep  52  it   350/1563  loss 0.00020  recon 0.00019  kl 5.04  lr 4.73e-05
ep  52  it   400/1563  loss 0.00020  recon 0.00019  kl 5.04  lr 4.72e-05
ep  52  it   450/1563  loss 0.00020  recon 0.00019  kl 5.04  lr 4.72e-05
ep  52  it   500/1563  loss 0.00020  recon 0.00019  kl 5.04  lr 4.71e-05
ep  52  it   550/1563  loss 0.00020  recon 0.00019  kl 5.04  lr 4.71e-05
ep  52  it   600/1563  loss 0.00020  recon 0.00019  kl 5.04  lr 4.70e-05
ep  52  it   650/1563  loss 0.00020  recon 0.00019  kl 5.04  lr 4.70e-05
ep  52  it   700/1563  loss 0.00020  recon 0.00019  kl 5.04  lr 4.69e-05
ep  52  it   750/1563  loss 0.00020  recon 0.00019  kl 5.04  lr 4.69e-05
ep  52  it   800/1563  loss 0.00020  recon 0.00019  kl 5.04  lr 4.68e-05
ep  52  it   850/1563  loss 0.00020  recon 0.00019  kl 5.04  lr 4.68e-05
ep  52  it   900/1563  loss 0.00020  recon 0.00019  kl 5.04  lr 4.67e-05
ep  52  it   950/1563  loss 0.00020  recon 0.00019  kl 5.04  lr 4.67e-05
ep  52  it  1000/1563  loss 0.00020  recon 0.00019  kl 5.04  lr 4.66e-05
ep  52  it  1050/1563  loss 0.00020  recon 0.00019  kl 5.05  lr 4.66e-05
ep  52  it  1100/1563  loss 0.00020  recon 0.00019  kl 5.05  lr 4.65e-05
ep  52  it  1150/1563  loss 0.00020  recon 0.00019  kl 5.05  lr 4.65e-05
ep  52  it  1200/1563  loss 0.00020  recon 0.00019  kl 5.05  lr 4.64e-05
ep  52  it  1250/1563  loss 0.00020  recon 0.00019  kl 5.05  lr 4.64e-05
ep  52  it  1300/1563  loss 0.00020  recon 0.00019  kl 5.05  lr 4.63e-05
ep  52  it  1350/1563  loss 0.00020  recon 0.00019  kl 5.05  lr 4.63e-05
ep  52  it  1400/1563  loss 0.00020  recon 0.00019  kl 5.05  lr 4.62e-05
ep  52  it  1450/1563  loss 0.00020  recon 0.00019  kl 5.05  lr 4.62e-05
ep  52  it  1500/1563  loss 0.00020  recon 0.00019  kl 5.05  lr 4.61e-05
ep  52  it  1550/1563  loss 0.00020  recon 0.00019  kl 5.05  lr 4.61e-05
[epoch 52] loss=0.00020  recon=0.00019  kl=5.05  lr=4.60e-05  time=2.3 min
ep  53  it    50/1563  loss 0.00020  recon 0.00019  kl 5.05  lr 4.60e-05
ep  53  it   100/1563  loss 0.00020  recon 0.00019  kl 5.05  lr 4.59e-05
ep  53  it   150/1563  loss 0.00020  recon 0.00019  kl 5.04  lr 4.59e-05
ep  53  it   200/1563  loss 0.00020  recon 0.00019  kl 5.04  lr 4.58e-05
ep  53  it   250/1563  loss 0.00020  recon 0.00019  kl 5.04  lr 4.58e-05
ep  53  it   300/1563  loss 0.00020  recon 0.00019  kl 5.05  lr 4.57e-05
ep  53  it   350/1563  loss 0.00020  recon 0.00019  kl 5.04  lr 4.57e-05
ep  53  it   400/1563  loss 0.00020  recon 0.00019  kl 5.05  lr 4.56e-05
ep  53  it   450/1563  loss 0.00020  recon 0.00019  kl 5.05  lr 4.56e-05
ep  53  it   500/1563  loss 0.00020  recon 0.00019  kl 5.05  lr 4.55e-05
ep  53  it   550/1563  loss 0.00020  recon 0.00019  kl 5.05  lr 4.55e-05
ep  53  it   600/1563  loss 0.00020  recon 0.00019  kl 5.05  lr 4.54e-05
ep  53  it   650/1563  loss 0.00020  recon 0.00019  kl 5.05  lr 4.54e-05
ep  53  it   700/1563  loss 0.00020  recon 0.00019  kl 5.05  lr 4.53e-05
ep  53  it   750/1563  loss 0.00020  recon 0.00019  kl 5.05  lr 4.53e-05
ep  53  it   800/1563  loss 0.00020  recon 0.00019  kl 5.05  lr 4.52e-05
ep  53  it   850/1563  loss 0.00020  recon 0.00019  kl 5.05  lr 4.52e-05
ep  53  it   900/1563  loss 0.00020  recon 0.00019  kl 5.05  lr 4.51e-05
ep  53  it   950/1563  loss 0.00020  recon 0.00019  kl 5.05  lr 4.51e-05
ep  53  it  1000/1563  loss 0.00020  recon 0.00019  kl 5.05  lr 4.50e-05
ep  53  it  1050/1563  loss 0.00020  recon 0.00019  kl 5.05  lr 4.50e-05
ep  53  it  1100/1563  loss 0.00020  recon 0.00019  kl 5.05  lr 4.49e-05
ep  53  it  1150/1563  loss 0.00020  recon 0.00019  kl 5.05  lr 4.49e-05
ep  53  it  1200/1563  loss 0.00020  recon 0.00019  kl 5.05  lr 4.48e-05
ep  53  it  1250/1563  loss 0.00020  recon 0.00019  kl 5.05  lr 4.48e-05
ep  53  it  1300/1563  loss 0.00020  recon 0.00019  kl 5.05  lr 4.47e-05
ep  53  it  1350/1563  loss 0.00020  recon 0.00019  kl 5.05  lr 4.47e-05
ep  53  it  1400/1563  loss 0.00020  recon 0.00019  kl 5.05  lr 4.46e-05
ep  53  it  1450/1563  loss 0.00020  recon 0.00019  kl 5.05  lr 4.46e-05
ep  53  it  1500/1563  loss 0.00020  recon 0.00019  kl 5.05  lr 4.45e-05
ep  53  it  1550/1563  loss 0.00020  recon 0.00019  kl 5.05  lr 4.45e-05
[epoch 53] loss=0.00020  recon=0.00019  kl=5.05  lr=4.45e-05  time=2.3 min
ep  54  it    50/1563  loss 0.00020  recon 0.00019  kl 5.05  lr 4.44e-05
ep  54  it   100/1563  loss 0.00020  recon 0.00019  kl 5.05  lr 4.44e-05
ep  54  it   150/1563  loss 0.00020  recon 0.00019  kl 5.04  lr 4.43e-05
ep  54  it   200/1563  loss 0.00020  recon 0.00019  kl 5.04  lr 4.43e-05
ep  54  it   250/1563  loss 0.00020  recon 0.00019  kl 5.04  lr 4.42e-05
ep  54  it   300/1563  loss 0.00020  recon 0.00019  kl 5.04  lr 4.42e-05
ep  54  it   350/1563  loss 0.00020  recon 0.00019  kl 5.04  lr 4.41e-05
ep  54  it   400/1563  loss 0.00020  recon 0.00019  kl 5.04  lr 4.41e-05
ep  54  it   450/1563  loss 0.00019  recon 0.00019  kl 5.04  lr 4.40e-05
ep  54  it   500/1563  loss 0.00020  recon 0.00019  kl 5.04  lr 4.40e-05
ep  54  it   550/1563  loss 0.00020  recon 0.00019  kl 5.04  lr 4.39e-05
ep  54  it   600/1563  loss 0.00019  recon 0.00019  kl 5.04  lr 4.39e-05
ep  54  it   650/1563  loss 0.00020  recon 0.00019  kl 5.04  lr 4.38e-05
ep  54  it   700/1563  loss 0.00020  recon 0.00019  kl 5.04  lr 4.38e-05
ep  54  it   750/1563  loss 0.00019  recon 0.00019  kl 5.04  lr 4.37e-05
ep  54  it   800/1563  loss 0.00019  recon 0.00019  kl 5.04  lr 4.37e-05
ep  54  it   850/1563  loss 0.00020  recon 0.00019  kl 5.04  lr 4.36e-05
ep  54  it   900/1563  loss 0.00020  recon 0.00019  kl 5.04  lr 4.36e-05
ep  54  it   950/1563  loss 0.00020  recon 0.00019  kl 5.04  lr 4.35e-05
ep  54  it  1000/1563  loss 0.00020  recon 0.00019  kl 5.04  lr 4.35e-05
ep  54  it  1050/1563  loss 0.00020  recon 0.00019  kl 5.04  lr 4.34e-05
ep  54  it  1100/1563  loss 0.00020  recon 0.00019  kl 5.04  lr 4.33e-05
ep  54  it  1150/1563  loss 0.00020  recon 0.00019  kl 5.04  lr 4.33e-05
ep  54  it  1200/1563  loss 0.00019  recon 0.00019  kl 5.04  lr 4.32e-05
ep  54  it  1250/1563  loss 0.00019  recon 0.00019  kl 5.04  lr 4.32e-05
ep  54  it  1300/1563  loss 0.00019  recon 0.00019  kl 5.04  lr 4.31e-05
ep  54  it  1350/1563  loss 0.00019  recon 0.00019  kl 5.04  lr 4.31e-05
ep  54  it  1400/1563  loss 0.00019  recon 0.00019  kl 5.04  lr 4.30e-05
ep  54  it  1450/1563  loss 0.00020  recon 0.00019  kl 5.04  lr 4.30e-05
ep  54  it  1500/1563  loss 0.00020  recon 0.00019  kl 5.05  lr 4.29e-05
ep  54  it  1550/1563  loss 0.00019  recon 0.00019  kl 5.05  lr 4.29e-05
[epoch 54] loss=0.00019  recon=0.00019  kl=5.05  lr=4.29e-05  time=2.5 min
ep  55  it    50/1563  loss 0.00020  recon 0.00019  kl 5.06  lr 4.28e-05
ep  55  it   100/1563  loss 0.00019  recon 0.00019  kl 5.05  lr 4.28e-05
ep  55  it   150/1563  loss 0.00019  recon 0.00019  kl 5.05  lr 4.27e-05
ep  55  it   200/1563  loss 0.00019  recon 0.00019  kl 5.05  lr 4.27e-05
ep  55  it   250/1563  loss 0.00019  recon 0.00019  kl 5.05  lr 4.26e-05
ep  55  it   300/1563  loss 0.00019  recon 0.00019  kl 5.05  lr 4.26e-05
ep  55  it   350/1563  loss 0.00019  recon 0.00019  kl 5.05  lr 4.25e-05
ep  55  it   400/1563  loss 0.00019  recon 0.00019  kl 5.05  lr 4.25e-05
ep  55  it   450/1563  loss 0.00019  recon 0.00019  kl 5.05  lr 4.24e-05
ep  55  it   500/1563  loss 0.00019  recon 0.00019  kl 5.05  lr 4.24e-05
ep  55  it   550/1563  loss 0.00019  recon 0.00019  kl 5.05  lr 4.23e-05
ep  55  it   600/1563  loss 0.00019  recon 0.00019  kl 5.05  lr 4.23e-05
ep  55  it   650/1563  loss 0.00019  recon 0.00019  kl 5.05  lr 4.22e-05
ep  55  it   700/1563  loss 0.00019  recon 0.00019  kl 5.05  lr 4.22e-05
ep  55  it   750/1563  loss 0.00019  recon 0.00019  kl 5.05  lr 4.21e-05
ep  55  it   800/1563  loss 0.00019  recon 0.00019  kl 5.05  lr 4.21e-05
ep  55  it   850/1563  loss 0.00019  recon 0.00019  kl 5.05  lr 4.20e-05
ep  55  it   900/1563  loss 0.00019  recon 0.00019  kl 5.05  lr 4.20e-05
ep  55  it   950/1563  loss 0.00019  recon 0.00019  kl 5.05  lr 4.19e-05
ep  55  it  1000/1563  loss 0.00019  recon 0.00019  kl 5.05  lr 4.19e-05
ep  55  it  1050/1563  loss 0.00019  recon 0.00019  kl 5.05  lr 4.18e-05
ep  55  it  1100/1563  loss 0.00019  recon 0.00019  kl 5.05  lr 4.18e-05
ep  55  it  1150/1563  loss 0.00019  recon 0.00019  kl 5.05  lr 4.17e-05
ep  55  it  1200/1563  loss 0.00019  recon 0.00019  kl 5.05  lr 4.17e-05
ep  55  it  1250/1563  loss 0.00019  recon 0.00019  kl 5.05  lr 4.16e-05
ep  55  it  1300/1563  loss 0.00019  recon 0.00019  kl 5.05  lr 4.16e-05
ep  55  it  1350/1563  loss 0.00019  recon 0.00019  kl 5.05  lr 4.15e-05
ep  55  it  1400/1563  loss 0.00019  recon 0.00019  kl 5.05  lr 4.15e-05
ep  55  it  1450/1563  loss 0.00019  recon 0.00019  kl 5.05  lr 4.14e-05
ep  55  it  1500/1563  loss 0.00019  recon 0.00019  kl 5.05  lr 4.14e-05
ep  55  it  1550/1563  loss 0.00019  recon 0.00019  kl 5.05  lr 4.13e-05
[epoch 55] loss=0.00019  recon=0.00019  kl=5.05  lr=4.13e-05  time=2.3 min
ep  56  it    50/1563  loss 0.00019  recon 0.00018  kl 5.03  lr 4.13e-05
ep  56  it   100/1563  loss 0.00019  recon 0.00018  kl 5.03  lr 4.12e-05
ep  56  it   150/1563  loss 0.00019  recon 0.00018  kl 5.04  lr 4.12e-05
ep  56  it   200/1563  loss 0.00019  recon 0.00019  kl 5.04  lr 4.11e-05
ep  56  it   250/1563  loss 0.00019  recon 0.00019  kl 5.04  lr 4.11e-05
ep  56  it   300/1563  loss 0.00019  recon 0.00019  kl 5.04  lr 4.10e-05
ep  56  it   350/1563  loss 0.00019  recon 0.00019  kl 5.04  lr 4.10e-05
ep  56  it   400/1563  loss 0.00019  recon 0.00019  kl 5.04  lr 4.09e-05
ep  56  it   450/1563  loss 0.00019  recon 0.00019  kl 5.04  lr 4.09e-05
ep  56  it   500/1563  loss 0.00019  recon 0.00019  kl 5.04  lr 4.08e-05
ep  56  it   550/1563  loss 0.00019  recon 0.00019  kl 5.04  lr 4.08e-05
ep  56  it   600/1563  loss 0.00019  recon 0.00019  kl 5.04  lr 4.07e-05
ep  56  it   650/1563  loss 0.00019  recon 0.00019  kl 5.04  lr 4.07e-05
ep  56  it   700/1563  loss 0.00019  recon 0.00019  kl 5.04  lr 4.06e-05
ep  56  it   750/1563  loss 0.00019  recon 0.00019  kl 5.04  lr 4.06e-05
ep  56  it   800/1563  loss 0.00019  recon 0.00019  kl 5.05  lr 4.05e-05
ep  56  it   850/1563  loss 0.00019  recon 0.00019  kl 5.04  lr 4.05e-05
ep  56  it   900/1563  loss 0.00019  recon 0.00019  kl 5.04  lr 4.04e-05
ep  56  it   950/1563  loss 0.00019  recon 0.00019  kl 5.04  lr 4.04e-05
ep  56  it  1000/1563  loss 0.00019  recon 0.00019  kl 5.04  lr 4.03e-05
ep  56  it  1050/1563  loss 0.00019  recon 0.00019  kl 5.04  lr 4.03e-05
ep  56  it  1100/1563  loss 0.00019  recon 0.00019  kl 5.04  lr 4.02e-05
ep  56  it  1150/1563  loss 0.00019  recon 0.00019  kl 5.04  lr 4.02e-05
ep  56  it  1200/1563  loss 0.00019  recon 0.00019  kl 5.04  lr 4.01e-05
ep  56  it  1250/1563  loss 0.00019  recon 0.00019  kl 5.04  lr 4.01e-05
ep  56  it  1300/1563  loss 0.00019  recon 0.00019  kl 5.04  lr 4.00e-05
ep  56  it  1350/1563  loss 0.00019  recon 0.00019  kl 5.04  lr 4.00e-05
ep  56  it  1400/1563  loss 0.00019  recon 0.00019  kl 5.04  lr 3.99e-05
ep  56  it  1450/1563  loss 0.00019  recon 0.00019  kl 5.04  lr 3.99e-05
ep  56  it  1500/1563  loss 0.00019  recon 0.00019  kl 5.04  lr 3.98e-05
ep  56  it  1550/1563  loss 0.00019  recon 0.00019  kl 5.04  lr 3.98e-05
[epoch 56] loss=0.00019  recon=0.00019  kl=5.04  lr=3.98e-05  time=2.3 min
ep  57  it    50/1563  loss 0.00019  recon 0.00018  kl 5.05  lr 3.97e-05
ep  57  it   100/1563  loss 0.00019  recon 0.00018  kl 5.04  lr 3.97e-05
ep  57  it   150/1563  loss 0.00019  recon 0.00018  kl 5.04  lr 3.96e-05
ep  57  it   200/1563  loss 0.00019  recon 0.00018  kl 5.04  lr 3.96e-05
ep  57  it   250/1563  loss 0.00019  recon 0.00018  kl 5.04  lr 3.95e-05
ep  57  it   300/1563  loss 0.00019  recon 0.00018  kl 5.04  lr 3.95e-05
ep  57  it   350/1563  loss 0.00019  recon 0.00018  kl 5.04  lr 3.94e-05
ep  57  it   400/1563  loss 0.00019  recon 0.00018  kl 5.04  lr 3.94e-05
ep  57  it   450/1563  loss 0.00019  recon 0.00018  kl 5.04  lr 3.93e-05
ep  57  it   500/1563  loss 0.00019  recon 0.00018  kl 5.04  lr 3.93e-05
ep  57  it   550/1563  loss 0.00019  recon 0.00018  kl 5.04  lr 3.92e-05
ep  57  it   600/1563  loss 0.00019  recon 0.00018  kl 5.04  lr 3.92e-05
ep  57  it   650/1563  loss 0.00019  recon 0.00018  kl 5.04  lr 3.91e-05
ep  57  it   700/1563  loss 0.00019  recon 0.00018  kl 5.04  lr 3.91e-05
ep  57  it   750/1563  loss 0.00019  recon 0.00018  kl 5.04  lr 3.90e-05
ep  57  it   800/1563  loss 0.00019  recon 0.00018  kl 5.04  lr 3.90e-05
ep  57  it   850/1563  loss 0.00019  recon 0.00018  kl 5.04  lr 3.89e-05
ep  57  it   900/1563  loss 0.00019  recon 0.00018  kl 5.05  lr 3.89e-05
ep  57  it   950/1563  loss 0.00019  recon 0.00018  kl 5.04  lr 3.88e-05
ep  57  it  1000/1563  loss 0.00019  recon 0.00018  kl 5.04  lr 3.88e-05
ep  57  it  1050/1563  loss 0.00019  recon 0.00018  kl 5.05  lr 3.87e-05
ep  57  it  1100/1563  loss 0.00019  recon 0.00018  kl 5.04  lr 3.87e-05
ep  57  it  1150/1563  loss 0.00019  recon 0.00018  kl 5.05  lr 3.86e-05
ep  57  it  1200/1563  loss 0.00019  recon 0.00018  kl 5.05  lr 3.86e-05
ep  57  it  1250/1563  loss 0.00019  recon 0.00018  kl 5.05  lr 3.85e-05
ep  57  it  1300/1563  loss 0.00019  recon 0.00018  kl 5.05  lr 3.85e-05
ep  57  it  1350/1563  loss 0.00019  recon 0.00018  kl 5.05  lr 3.84e-05
ep  57  it  1400/1563  loss 0.00019  recon 0.00018  kl 5.05  lr 3.84e-05
ep  57  it  1450/1563  loss 0.00019  recon 0.00018  kl 5.05  lr 3.83e-05
ep  57  it  1500/1563  loss 0.00019  recon 0.00018  kl 5.05  lr 3.83e-05
ep  57  it  1550/1563  loss 0.00019  recon 0.00018  kl 5.05  lr 3.82e-05
[epoch 57] loss=0.00019  recon=0.00018  kl=5.05  lr=3.82e-05  time=2.3 min
ep  58  it    50/1563  loss 0.00019  recon 0.00018  kl 5.03  lr 3.82e-05
ep  58  it   100/1563  loss 0.00019  recon 0.00018  kl 5.03  lr 3.81e-05
ep  58  it   150/1563  loss 0.00019  recon 0.00018  kl 5.03  lr 3.81e-05
ep  58  it   200/1563  loss 0.00019  recon 0.00018  kl 5.04  lr 3.80e-05
ep  58  it   250/1563  loss 0.00019  recon 0.00018  kl 5.04  lr 3.80e-05
ep  58  it   300/1563  loss 0.00019  recon 0.00018  kl 5.04  lr 3.79e-05
ep  58  it   350/1563  loss 0.00019  recon 0.00018  kl 5.04  lr 3.79e-05
ep  58  it   400/1563  loss 0.00019  recon 0.00018  kl 5.04  lr 3.78e-05
ep  58  it   450/1563  loss 0.00019  recon 0.00018  kl 5.04  lr 3.78e-05
ep  58  it   500/1563  loss 0.00019  recon 0.00018  kl 5.04  lr 3.77e-05
ep  58  it   550/1563  loss 0.00019  recon 0.00018  kl 5.04  lr 3.77e-05
ep  58  it   600/1563  loss 0.00019  recon 0.00018  kl 5.04  lr 3.76e-05
ep  58  it   650/1563  loss 0.00019  recon 0.00018  kl 5.04  lr 3.76e-05
ep  58  it   700/1563  loss 0.00019  recon 0.00018  kl 5.04  lr 3.75e-05
ep  58  it   750/1563  loss 0.00019  recon 0.00018  kl 5.04  lr 3.75e-05
ep  58  it   800/1563  loss 0.00019  recon 0.00018  kl 5.04  lr 3.74e-05
ep  58  it   850/1563  loss 0.00019  recon 0.00018  kl 5.04  lr 3.74e-05
ep  58  it   900/1563  loss 0.00019  recon 0.00018  kl 5.04  lr 3.73e-05
ep  58  it   950/1563  loss 0.00019  recon 0.00018  kl 5.04  lr 3.73e-05
ep  58  it  1000/1563  loss 0.00019  recon 0.00018  kl 5.04  lr 3.72e-05
ep  58  it  1050/1563  loss 0.00019  recon 0.00018  kl 5.05  lr 3.72e-05
ep  58  it  1100/1563  loss 0.00019  recon 0.00018  kl 5.05  lr 3.71e-05
ep  58  it  1150/1563  loss 0.00019  recon 0.00018  kl 5.04  lr 3.71e-05
ep  58  it  1200/1563  loss 0.00019  recon 0.00018  kl 5.05  lr 3.70e-05
ep  58  it  1250/1563  loss 0.00019  recon 0.00018  kl 5.05  lr 3.70e-05
ep  58  it  1300/1563  loss 0.00019  recon 0.00018  kl 5.05  lr 3.69e-05
ep  58  it  1350/1563  loss 0.00019  recon 0.00018  kl 5.05  lr 3.69e-05
ep  58  it  1400/1563  loss 0.00019  recon 0.00018  kl 5.05  lr 3.68e-05
ep  58  it  1450/1563  loss 0.00019  recon 0.00018  kl 5.05  lr 3.68e-05
ep  58  it  1500/1563  loss 0.00019  recon 0.00018  kl 5.05  lr 3.67e-05
ep  58  it  1550/1563  loss 0.00019  recon 0.00018  kl 5.05  lr 3.67e-05
[epoch 58] loss=0.00019  recon=0.00018  kl=5.05  lr=3.67e-05  time=2.3 min
ep  59  it    50/1563  loss 0.00019  recon 0.00018  kl 5.05  lr 3.66e-05
ep  59  it   100/1563  loss 0.00018  recon 0.00018  kl 5.05  lr 3.66e-05
ep  59  it   150/1563  loss 0.00019  recon 0.00018  kl 5.05  lr 3.65e-05
ep  59  it   200/1563  loss 0.00019  recon 0.00018  kl 5.05  lr 3.65e-05
ep  59  it   250/1563  loss 0.00019  recon 0.00018  kl 5.05  lr 3.64e-05
ep  59  it   300/1563  loss 0.00019  recon 0.00018  kl 5.05  lr 3.64e-05
ep  59  it   350/1563  loss 0.00019  recon 0.00018  kl 5.05  lr 3.63e-05
ep  59  it   400/1563  loss 0.00019  recon 0.00018  kl 5.05  lr 3.63e-05
ep  59  it   450/1563  loss 0.00019  recon 0.00018  kl 5.05  lr 3.62e-05
ep  59  it   500/1563  loss 0.00019  recon 0.00018  kl 5.05  lr 3.62e-05
ep  59  it   550/1563  loss 0.00019  recon 0.00018  kl 5.05  lr 3.61e-05
ep  59  it   600/1563  loss 0.00019  recon 0.00018  kl 5.05  lr 3.61e-05
ep  59  it   650/1563  loss 0.00019  recon 0.00018  kl 5.05  lr 3.60e-05
ep  59  it   700/1563  loss 0.00019  recon 0.00018  kl 5.05  lr 3.60e-05
ep  59  it   750/1563  loss 0.00019  recon 0.00018  kl 5.05  lr 3.59e-05
ep  59  it   800/1563  loss 0.00019  recon 0.00018  kl 5.05  lr 3.59e-05
ep  59  it   850/1563  loss 0.00019  recon 0.00018  kl 5.05  lr 3.58e-05
ep  59  it   900/1563  loss 0.00019  recon 0.00018  kl 5.05  lr 3.58e-05
ep  59  it   950/1563  loss 0.00019  recon 0.00018  kl 5.05  lr 3.57e-05
ep  59  it  1000/1563  loss 0.00019  recon 0.00018  kl 5.05  lr 3.57e-05
ep  59  it  1050/1563  loss 0.00019  recon 0.00018  kl 5.05  lr 3.57e-05
ep  59  it  1100/1563  loss 0.00019  recon 0.00018  kl 5.05  lr 3.56e-05
ep  59  it  1150/1563  loss 0.00019  recon 0.00018  kl 5.05  lr 3.56e-05
ep  59  it  1200/1563  loss 0.00019  recon 0.00018  kl 5.05  lr 3.55e-05
ep  59  it  1250/1563  loss 0.00019  recon 0.00018  kl 5.05  lr 3.55e-05
ep  59  it  1300/1563  loss 0.00019  recon 0.00018  kl 5.05  lr 3.54e-05
ep  59  it  1350/1563  loss 0.00019  recon 0.00018  kl 5.05  lr 3.54e-05
ep  59  it  1400/1563  loss 0.00019  recon 0.00018  kl 5.05  lr 3.53e-05
ep  59  it  1450/1563  loss 0.00019  recon 0.00018  kl 5.05  lr 3.53e-05
ep  59  it  1500/1563  loss 0.00019  recon 0.00018  kl 5.05  lr 3.52e-05
ep  59  it  1550/1563  loss 0.00019  recon 0.00018  kl 5.05  lr 3.52e-05
[epoch 59] loss=0.00019  recon=0.00018  kl=5.05  lr=3.52e-05  time=2.3 min
ep  60  it    50/1563  loss 0.00018  recon 0.00018  kl 5.05  lr 3.51e-05
ep  60  it   100/1563  loss 0.00018  recon 0.00018  kl 5.05  lr 3.51e-05
ep  60  it   150/1563  loss 0.00018  recon 0.00018  kl 5.05  lr 3.50e-05
ep  60  it   200/1563  loss 0.00018  recon 0.00018  kl 5.05  lr 3.50e-05
ep  60  it   250/1563  loss 0.00018  recon 0.00018  kl 5.05  lr 3.49e-05
ep  60  it   300/1563  loss 0.00019  recon 0.00018  kl 5.05  lr 3.49e-05
ep  60  it   350/1563  loss 0.00019  recon 0.00018  kl 5.05  lr 3.48e-05
ep  60  it   400/1563  loss 0.00019  recon 0.00018  kl 5.05  lr 3.48e-05
ep  60  it   450/1563  loss 0.00019  recon 0.00018  kl 5.05  lr 3.47e-05
ep  60  it   500/1563  loss 0.00019  recon 0.00018  kl 5.05  lr 3.47e-05
ep  60  it   550/1563  loss 0.00019  recon 0.00018  kl 5.05  lr 3.46e-05
ep  60  it   600/1563  loss 0.00019  recon 0.00018  kl 5.05  lr 3.46e-05
ep  60  it   650/1563  loss 0.00018  recon 0.00018  kl 5.05  lr 3.45e-05
ep  60  it   700/1563  loss 0.00018  recon 0.00018  kl 5.05  lr 3.45e-05
ep  60  it   750/1563  loss 0.00018  recon 0.00018  kl 5.05  lr 3.44e-05
ep  60  it   800/1563  loss 0.00018  recon 0.00018  kl 5.05  lr 3.44e-05
ep  60  it   850/1563  loss 0.00018  recon 0.00018  kl 5.05  lr 3.43e-05
ep  60  it   900/1563  loss 0.00018  recon 0.00018  kl 5.05  lr 3.43e-05
ep  60  it   950/1563  loss 0.00018  recon 0.00018  kl 5.05  lr 3.42e-05
ep  60  it  1000/1563  loss 0.00018  recon 0.00018  kl 5.05  lr 3.42e-05
ep  60  it  1050/1563  loss 0.00018  recon 0.00018  kl 5.05  lr 3.41e-05
ep  60  it  1100/1563  loss 0.00018  recon 0.00018  kl 5.05  lr 3.41e-05
ep  60  it  1150/1563  loss 0.00018  recon 0.00018  kl 5.05  lr 3.40e-05
ep  60  it  1200/1563  loss 0.00018  recon 0.00018  kl 5.05  lr 3.40e-05
ep  60  it  1250/1563  loss 0.00018  recon 0.00018  kl 5.05  lr 3.39e-05
ep  60  it  1300/1563  loss 0.00018  recon 0.00018  kl 5.05  lr 3.39e-05
ep  60  it  1350/1563  loss 0.00018  recon 0.00018  kl 5.05  lr 3.39e-05
ep  60  it  1400/1563  loss 0.00018  recon 0.00018  kl 5.05  lr 3.38e-05
ep  60  it  1450/1563  loss 0.00018  recon 0.00018  kl 5.05  lr 3.38e-05
ep  60  it  1500/1563  loss 0.00018  recon 0.00018  kl 5.05  lr 3.37e-05
ep  60  it  1550/1563  loss 0.00018  recon 0.00018  kl 5.05  lr 3.37e-05
[epoch 60] loss=0.00018  recon=0.00018  kl=5.05  lr=3.36e-05  time=2.3 min
ep  61  it    50/1563  loss 0.00018  recon 0.00018  kl 5.04  lr 3.36e-05
ep  61  it   100/1563  loss 0.00018  recon 0.00018  kl 5.04  lr 3.36e-05
ep  61  it   150/1563  loss 0.00018  recon 0.00018  kl 5.04  lr 3.35e-05
ep  61  it   200/1563  loss 0.00018  recon 0.00018  kl 5.05  lr 3.35e-05
ep  61  it   250/1563  loss 0.00018  recon 0.00018  kl 5.05  lr 3.34e-05
ep  61  it   300/1563  loss 0.00018  recon 0.00018  kl 5.05  lr 3.34e-05
ep  61  it   350/1563  loss 0.00018  recon 0.00018  kl 5.05  lr 3.33e-05
ep  61  it   400/1563  loss 0.00018  recon 0.00018  kl 5.05  lr 3.33e-05
ep  61  it   450/1563  loss 0.00018  recon 0.00018  kl 5.05  lr 3.32e-05
ep  61  it   500/1563  loss 0.00018  recon 0.00018  kl 5.05  lr 3.32e-05
ep  61  it   550/1563  loss 0.00018  recon 0.00018  kl 5.05  lr 3.31e-05
ep  61  it   600/1563  loss 0.00018  recon 0.00018  kl 5.05  lr 3.31e-05
ep  61  it   650/1563  loss 0.00018  recon 0.00018  kl 5.05  lr 3.30e-05
ep  61  it   700/1563  loss 0.00018  recon 0.00018  kl 5.05  lr 3.30e-05
ep  61  it   750/1563  loss 0.00018  recon 0.00018  kl 5.05  lr 3.29e-05
ep  61  it   800/1563  loss 0.00018  recon 0.00018  kl 5.05  lr 3.29e-05
ep  61  it   850/1563  loss 0.00018  recon 0.00018  kl 5.05  lr 3.28e-05
ep  61  it   900/1563  loss 0.00018  recon 0.00018  kl 5.05  lr 3.28e-05
ep  61  it   950/1563  loss 0.00018  recon 0.00018  kl 5.05  lr 3.27e-05
ep  61  it  1000/1563  loss 0.00018  recon 0.00018  kl 5.05  lr 3.27e-05
ep  61  it  1050/1563  loss 0.00018  recon 0.00018  kl 5.05  lr 3.26e-05
ep  61  it  1100/1563  loss 0.00018  recon 0.00018  kl 5.05  lr 3.26e-05
ep  61  it  1150/1563  loss 0.00018  recon 0.00018  kl 5.05  lr 3.25e-05
ep  61  it  1200/1563  loss 0.00018  recon 0.00018  kl 5.05  lr 3.25e-05
ep  61  it  1250/1563  loss 0.00018  recon 0.00018  kl 5.05  lr 3.25e-05
ep  61  it  1300/1563  loss 0.00018  recon 0.00018  kl 5.05  lr 3.24e-05
ep  61  it  1350/1563  loss 0.00018  recon 0.00018  kl 5.05  lr 3.24e-05
ep  61  it  1400/1563  loss 0.00018  recon 0.00018  kl 5.05  lr 3.23e-05
ep  61  it  1450/1563  loss 0.00018  recon 0.00018  kl 5.05  lr 3.23e-05
ep  61  it  1500/1563  loss 0.00018  recon 0.00018  kl 5.05  lr 3.22e-05
ep  61  it  1550/1563  loss 0.00018  recon 0.00018  kl 5.05  lr 3.22e-05
[epoch 61] loss=0.00018  recon=0.00018  kl=5.05  lr=3.22e-05  time=2.3 min
ep  62  it    50/1563  loss 0.00018  recon 0.00018  kl 5.05  lr 3.21e-05
ep  62  it   100/1563  loss 0.00018  recon 0.00018  kl 5.05  lr 3.21e-05
ep  62  it   150/1563  loss 0.00018  recon 0.00018  kl 5.05  lr 3.20e-05
ep  62  it   200/1563  loss 0.00018  recon 0.00018  kl 5.05  lr 3.20e-05
ep  62  it   250/1563  loss 0.00018  recon 0.00018  kl 5.05  lr 3.19e-05
ep  62  it   300/1563  loss 0.00018  recon 0.00018  kl 5.05  lr 3.19e-05
ep  62  it   350/1563  loss 0.00018  recon 0.00018  kl 5.05  lr 3.18e-05
ep  62  it   400/1563  loss 0.00018  recon 0.00018  kl 5.06  lr 3.18e-05
ep  62  it   450/1563  loss 0.00018  recon 0.00018  kl 5.06  lr 3.17e-05
ep  62  it   500/1563  loss 0.00018  recon 0.00018  kl 5.06  lr 3.17e-05
ep  62  it   550/1563  loss 0.00018  recon 0.00018  kl 5.06  lr 3.16e-05
ep  62  it   600/1563  loss 0.00018  recon 0.00018  kl 5.06  lr 3.16e-05
ep  62  it   650/1563  loss 0.00018  recon 0.00018  kl 5.05  lr 3.15e-05
ep  62  it   700/1563  loss 0.00018  recon 0.00018  kl 5.05  lr 3.15e-05
ep  62  it   750/1563  loss 0.00018  recon 0.00018  kl 5.05  lr 3.14e-05
ep  62  it   800/1563  loss 0.00018  recon 0.00018  kl 5.05  lr 3.14e-05
ep  62  it   850/1563  loss 0.00018  recon 0.00018  kl 5.05  lr 3.14e-05
ep  62  it   900/1563  loss 0.00018  recon 0.00018  kl 5.05  lr 3.13e-05
ep  62  it   950/1563  loss 0.00018  recon 0.00018  kl 5.05  lr 3.13e-05
ep  62  it  1000/1563  loss 0.00018  recon 0.00018  kl 5.05  lr 3.12e-05
ep  62  it  1050/1563  loss 0.00018  recon 0.00018  kl 5.05  lr 3.12e-05
ep  62  it  1100/1563  loss 0.00018  recon 0.00018  kl 5.05  lr 3.11e-05
ep  62  it  1150/1563  loss 0.00018  recon 0.00018  kl 5.05  lr 3.11e-05
ep  62  it  1200/1563  loss 0.00018  recon 0.00018  kl 5.05  lr 3.10e-05
ep  62  it  1250/1563  loss 0.00018  recon 0.00018  kl 5.05  lr 3.10e-05
ep  62  it  1300/1563  loss 0.00018  recon 0.00018  kl 5.05  lr 3.09e-05
ep  62  it  1350/1563  loss 0.00018  recon 0.00018  kl 5.05  lr 3.09e-05
ep  62  it  1400/1563  loss 0.00018  recon 0.00018  kl 5.05  lr 3.08e-05
ep  62  it  1450/1563  loss 0.00018  recon 0.00018  kl 5.05  lr 3.08e-05
ep  62  it  1500/1563  loss 0.00018  recon 0.00018  kl 5.05  lr 3.07e-05
ep  62  it  1550/1563  loss 0.00018  recon 0.00018  kl 5.05  lr 3.07e-05
[epoch 62] loss=0.00018  recon=0.00018  kl=5.05  lr=3.07e-05  time=2.3 min
ep  63  it    50/1563  loss 0.00018  recon 0.00017  kl 5.05  lr 3.06e-05
ep  63  it   100/1563  loss 0.00018  recon 0.00017  kl 5.05  lr 3.06e-05
ep  63  it   150/1563  loss 0.00018  recon 0.00017  kl 5.05  lr 3.05e-05
ep  63  it   200/1563  loss 0.00018  recon 0.00018  kl 5.05  lr 3.05e-05
ep  63  it   250/1563  loss 0.00018  recon 0.00018  kl 5.05  lr 3.04e-05
ep  63  it   300/1563  loss 0.00018  recon 0.00017  kl 5.05  lr 3.04e-05
ep  63  it   350/1563  loss 0.00018  recon 0.00018  kl 5.05  lr 3.04e-05
ep  63  it   400/1563  loss 0.00018  recon 0.00018  kl 5.05  lr 3.03e-05
ep  63  it   450/1563  loss 0.00018  recon 0.00018  kl 5.05  lr 3.03e-05
ep  63  it   500/1563  loss 0.00018  recon 0.00018  kl 5.05  lr 3.02e-05
ep  63  it   550/1563  loss 0.00018  recon 0.00018  kl 5.05  lr 3.02e-05
ep  63  it   600/1563  loss 0.00018  recon 0.00018  kl 5.05  lr 3.01e-05
ep  63  it   650/1563  loss 0.00018  recon 0.00018  kl 5.05  lr 3.01e-05
ep  63  it   700/1563  loss 0.00018  recon 0.00018  kl 5.05  lr 3.00e-05
ep  63  it   750/1563  loss 0.00018  recon 0.00018  kl 5.05  lr 3.00e-05
ep  63  it   800/1563  loss 0.00018  recon 0.00018  kl 5.05  lr 2.99e-05
ep  63  it   850/1563  loss 0.00018  recon 0.00018  kl 5.05  lr 2.99e-05
ep  63  it   900/1563  loss 0.00018  recon 0.00018  kl 5.05  lr 2.98e-05
ep  63  it   950/1563  loss 0.00018  recon 0.00018  kl 5.05  lr 2.98e-05
ep  63  it  1000/1563  loss 0.00018  recon 0.00018  kl 5.05  lr 2.98e-05
ep  63  it  1050/1563  loss 0.00018  recon 0.00018  kl 5.05  lr 2.97e-05
ep  63  it  1100/1563  loss 0.00018  recon 0.00018  kl 5.05  lr 2.97e-05
ep  63  it  1150/1563  loss 0.00018  recon 0.00018  kl 5.05  lr 2.96e-05
ep  63  it  1200/1563  loss 0.00018  recon 0.00018  kl 5.05  lr 2.96e-05
ep  63  it  1250/1563  loss 0.00018  recon 0.00018  kl 5.05  lr 2.95e-05
ep  63  it  1300/1563  loss 0.00018  recon 0.00018  kl 5.05  lr 2.95e-05
ep  63  it  1350/1563  loss 0.00018  recon 0.00018  kl 5.05  lr 2.94e-05
ep  63  it  1400/1563  loss 0.00018  recon 0.00018  kl 5.05  lr 2.94e-05
ep  63  it  1450/1563  loss 0.00018  recon 0.00018  kl 5.05  lr 2.93e-05
ep  63  it  1500/1563  loss 0.00018  recon 0.00018  kl 5.05  lr 2.93e-05
ep  63  it  1550/1563  loss 0.00018  recon 0.00018  kl 5.05  lr 2.92e-05
[epoch 63] loss=0.00018  recon=0.00018  kl=5.05  lr=2.92e-05  time=2.3 min
ep  64  it    50/1563  loss 0.00018  recon 0.00017  kl 5.04  lr 2.92e-05
ep  64  it   100/1563  loss 0.00018  recon 0.00017  kl 5.05  lr 2.91e-05
ep  64  it   150/1563  loss 0.00018  recon 0.00017  kl 5.05  lr 2.91e-05
ep  64  it   200/1563  loss 0.00018  recon 0.00017  kl 5.05  lr 2.90e-05
ep  64  it   250/1563  loss 0.00018  recon 0.00017  kl 5.05  lr 2.90e-05
ep  64  it   300/1563  loss 0.00018  recon 0.00017  kl 5.05  lr 2.90e-05
ep  64  it   350/1563  loss 0.00018  recon 0.00017  kl 5.05  lr 2.89e-05
ep  64  it   400/1563  loss 0.00018  recon 0.00017  kl 5.05  lr 2.89e-05
ep  64  it   450/1563  loss 0.00018  recon 0.00017  kl 5.05  lr 2.88e-05
ep  64  it   500/1563  loss 0.00018  recon 0.00017  kl 5.05  lr 2.88e-05
ep  64  it   550/1563  loss 0.00018  recon 0.00017  kl 5.05  lr 2.87e-05
ep  64  it   600/1563  loss 0.00018  recon 0.00017  kl 5.05  lr 2.87e-05
ep  64  it   650/1563  loss 0.00018  recon 0.00017  kl 5.05  lr 2.86e-05
ep  64  it   700/1563  loss 0.00018  recon 0.00017  kl 5.05  lr 2.86e-05
ep  64  it   750/1563  loss 0.00018  recon 0.00017  kl 5.05  lr 2.85e-05
ep  64  it   800/1563  loss 0.00018  recon 0.00017  kl 5.05  lr 2.85e-05
ep  64  it   850/1563  loss 0.00018  recon 0.00017  kl 5.05  lr 2.84e-05
ep  64  it   900/1563  loss 0.00018  recon 0.00017  kl 5.05  lr 2.84e-05
ep  64  it   950/1563  loss 0.00018  recon 0.00017  kl 5.05  lr 2.84e-05
ep  64  it  1000/1563  loss 0.00018  recon 0.00017  kl 5.05  lr 2.83e-05
ep  64  it  1050/1563  loss 0.00018  recon 0.00017  kl 5.05  lr 2.83e-05
ep  64  it  1100/1563  loss 0.00018  recon 0.00017  kl 5.05  lr 2.82e-05
ep  64  it  1150/1563  loss 0.00018  recon 0.00017  kl 5.05  lr 2.82e-05
ep  64  it  1200/1563  loss 0.00018  recon 0.00017  kl 5.05  lr 2.81e-05
ep  64  it  1250/1563  loss 0.00018  recon 0.00017  kl 5.05  lr 2.81e-05
ep  64  it  1300/1563  loss 0.00018  recon 0.00017  kl 5.05  lr 2.80e-05
ep  64  it  1350/1563  loss 0.00018  recon 0.00017  kl 5.05  lr 2.80e-05
ep  64  it  1400/1563  loss 0.00018  recon 0.00017  kl 5.05  lr 2.79e-05
ep  64  it  1450/1563  loss 0.00018  recon 0.00017  kl 5.05  lr 2.79e-05
ep  64  it  1500/1563  loss 0.00018  recon 0.00017  kl 5.05  lr 2.79e-05
ep  64  it  1550/1563  loss 0.00018  recon 0.00017  kl 5.05  lr 2.78e-05
[epoch 64] loss=0.00018  recon=0.00017  kl=5.05  lr=2.78e-05  time=2.3 min
ep  65  it    50/1563  loss 0.00018  recon 0.00017  kl 5.05  lr 2.78e-05
ep  65  it   100/1563  loss 0.00018  recon 0.00017  kl 5.06  lr 2.77e-05
ep  65  it   150/1563  loss 0.00018  recon 0.00017  kl 5.06  lr 2.77e-05
ep  65  it   200/1563  loss 0.00018  recon 0.00017  kl 5.06  lr 2.76e-05
ep  65  it   250/1563  loss 0.00018  recon 0.00017  kl 5.06  lr 2.76e-05
ep  65  it   300/1563  loss 0.00018  recon 0.00017  kl 5.06  lr 2.75e-05
ep  65  it   350/1563  loss 0.00018  recon 0.00017  kl 5.06  lr 2.75e-05
ep  65  it   400/1563  loss 0.00018  recon 0.00017  kl 5.06  lr 2.74e-05
ep  65  it   450/1563  loss 0.00018  recon 0.00017  kl 5.06  lr 2.74e-05
ep  65  it   500/1563  loss 0.00018  recon 0.00017  kl 5.05  lr 2.73e-05
ep  65  it   550/1563  loss 0.00018  recon 0.00017  kl 5.05  lr 2.73e-05
ep  65  it   600/1563  loss 0.00018  recon 0.00017  kl 5.05  lr 2.73e-05
ep  65  it   650/1563  loss 0.00018  recon 0.00017  kl 5.05  lr 2.72e-05
ep  65  it   700/1563  loss 0.00018  recon 0.00017  kl 5.06  lr 2.72e-05
ep  65  it   750/1563  loss 0.00018  recon 0.00017  kl 5.06  lr 2.71e-05
ep  65  it   800/1563  loss 0.00018  recon 0.00017  kl 5.06  lr 2.71e-05
ep  65  it   850/1563  loss 0.00018  recon 0.00017  kl 5.05  lr 2.70e-05
ep  65  it   900/1563  loss 0.00018  recon 0.00017  kl 5.05  lr 2.70e-05
ep  65  it   950/1563  loss 0.00018  recon 0.00017  kl 5.05  lr 2.69e-05
ep  65  it  1000/1563  loss 0.00018  recon 0.00017  kl 5.05  lr 2.69e-05
ep  65  it  1050/1563  loss 0.00018  recon 0.00017  kl 5.05  lr 2.68e-05
ep  65  it  1100/1563  loss 0.00018  recon 0.00017  kl 5.05  lr 2.68e-05
ep  65  it  1150/1563  loss 0.00018  recon 0.00017  kl 5.05  lr 2.68e-05
ep  65  it  1200/1563  loss 0.00018  recon 0.00017  kl 5.05  lr 2.67e-05
ep  65  it  1250/1563  loss 0.00018  recon 0.00017  kl 5.05  lr 2.67e-05
ep  65  it  1300/1563  loss 0.00018  recon 0.00017  kl 5.05  lr 2.66e-05
ep  65  it  1350/1563  loss 0.00018  recon 0.00017  kl 5.05  lr 2.66e-05
ep  65  it  1400/1563  loss 0.00018  recon 0.00017  kl 5.05  lr 2.65e-05
ep  65  it  1450/1563  loss 0.00018  recon 0.00017  kl 5.05  lr 2.65e-05
ep  65  it  1500/1563  loss 0.00018  recon 0.00017  kl 5.05  lr 2.64e-05
ep  65  it  1550/1563  loss 0.00018  recon 0.00017  kl 5.05  lr 2.64e-05
[epoch 65] loss=0.00018  recon=0.00017  kl=5.05  lr=2.64e-05  time=2.3 min
ep  66  it    50/1563  loss 0.00018  recon 0.00017  kl 5.05  lr 2.63e-05
ep  66  it   100/1563  loss 0.00018  recon 0.00017  kl 5.06  lr 2.63e-05
ep  66  it   150/1563  loss 0.00018  recon 0.00017  kl 5.05  lr 2.63e-05
ep  66  it   200/1563  loss 0.00018  recon 0.00017  kl 5.05  lr 2.62e-05
ep  66  it   250/1563  loss 0.00018  recon 0.00017  kl 5.05  lr 2.62e-05
ep  66  it   300/1563  loss 0.00018  recon 0.00017  kl 5.06  lr 2.61e-05
ep  66  it   350/1563  loss 0.00018  recon 0.00017  kl 5.06  lr 2.61e-05
ep  66  it   400/1563  loss 0.00018  recon 0.00017  kl 5.06  lr 2.60e-05
ep  66  it   450/1563  loss 0.00018  recon 0.00017  kl 5.06  lr 2.60e-05
ep  66  it   500/1563  loss 0.00018  recon 0.00017  kl 5.06  lr 2.59e-05
ep  66  it   550/1563  loss 0.00018  recon 0.00017  kl 5.05  lr 2.59e-05
ep  66  it   600/1563  loss 0.00018  recon 0.00017  kl 5.05  lr 2.59e-05
ep  66  it   650/1563  loss 0.00018  recon 0.00017  kl 5.05  lr 2.58e-05
ep  66  it   700/1563  loss 0.00018  recon 0.00017  kl 5.05  lr 2.58e-05
ep  66  it   750/1563  loss 0.00018  recon 0.00017  kl 5.06  lr 2.57e-05
ep  66  it   800/1563  loss 0.00018  recon 0.00017  kl 5.06  lr 2.57e-05
ep  66  it   850/1563  loss 0.00018  recon 0.00017  kl 5.06  lr 2.56e-05
ep  66  it   900/1563  loss 0.00018  recon 0.00017  kl 5.06  lr 2.56e-05
ep  66  it   950/1563  loss 0.00018  recon 0.00017  kl 5.05  lr 2.55e-05
ep  66  it  1000/1563  loss 0.00018  recon 0.00017  kl 5.05  lr 2.55e-05
ep  66  it  1050/1563  loss 0.00018  recon 0.00017  kl 5.05  lr 2.55e-05
ep  66  it  1100/1563  loss 0.00018  recon 0.00017  kl 5.06  lr 2.54e-05
ep  66  it  1150/1563  loss 0.00018  recon 0.00017  kl 5.06  lr 2.54e-05
ep  66  it  1200/1563  loss 0.00018  recon 0.00017  kl 5.06  lr 2.53e-05
ep  66  it  1250/1563  loss 0.00018  recon 0.00017  kl 5.06  lr 2.53e-05
ep  66  it  1300/1563  loss 0.00018  recon 0.00017  kl 5.06  lr 2.52e-05
ep  66  it  1350/1563  loss 0.00018  recon 0.00017  kl 5.06  lr 2.52e-05
ep  66  it  1400/1563  loss 0.00018  recon 0.00017  kl 5.06  lr 2.51e-05
ep  66  it  1450/1563  loss 0.00018  recon 0.00017  kl 5.06  lr 2.51e-05
ep  66  it  1500/1563  loss 0.00018  recon 0.00017  kl 5.06  lr 2.51e-05
ep  66  it  1550/1563  loss 0.00018  recon 0.00017  kl 5.06  lr 2.50e-05
[epoch 66] loss=0.00018  recon=0.00017  kl=5.06  lr=2.50e-05  time=2.3 min
ep  67  it    50/1563  loss 0.00018  recon 0.00017  kl 5.06  lr 2.50e-05
ep  67  it   100/1563  loss 0.00017  recon 0.00017  kl 5.06  lr 2.49e-05
ep  67  it   150/1563  loss 0.00018  recon 0.00017  kl 5.05  lr 2.49e-05
ep  67  it   200/1563  loss 0.00018  recon 0.00017  kl 5.06  lr 2.48e-05
ep  67  it   250/1563  loss 0.00018  recon 0.00017  kl 5.05  lr 2.48e-05
ep  67  it   300/1563  loss 0.00018  recon 0.00017  kl 5.05  lr 2.47e-05
ep  67  it   350/1563  loss 0.00018  recon 0.00017  kl 5.06  lr 2.47e-05
ep  67  it   400/1563  loss 0.00018  recon 0.00017  kl 5.06  lr 2.46e-05
ep  67  it   450/1563  loss 0.00018  recon 0.00017  kl 5.06  lr 2.46e-05
ep  67  it   500/1563  loss 0.00018  recon 0.00017  kl 5.06  lr 2.46e-05
ep  67  it   550/1563  loss 0.00018  recon 0.00017  kl 5.06  lr 2.45e-05
ep  67  it   600/1563  loss 0.00018  recon 0.00017  kl 5.06  lr 2.45e-05
ep  67  it   650/1563  loss 0.00018  recon 0.00017  kl 5.05  lr 2.44e-05
ep  67  it   700/1563  loss 0.00018  recon 0.00017  kl 5.05  lr 2.44e-05
ep  67  it   750/1563  loss 0.00018  recon 0.00017  kl 5.05  lr 2.43e-05
ep  67  it   800/1563  loss 0.00018  recon 0.00017  kl 5.05  lr 2.43e-05
ep  67  it   850/1563  loss 0.00018  recon 0.00017  kl 5.05  lr 2.43e-05
ep  67  it   900/1563  loss 0.00018  recon 0.00017  kl 5.05  lr 2.42e-05
ep  67  it   950/1563  loss 0.00018  recon 0.00017  kl 5.05  lr 2.42e-05
ep  67  it  1000/1563  loss 0.00018  recon 0.00017  kl 5.05  lr 2.41e-05
ep  67  it  1050/1563  loss 0.00018  recon 0.00017  kl 5.05  lr 2.41e-05
ep  67  it  1100/1563  loss 0.00018  recon 0.00017  kl 5.05  lr 2.40e-05
ep  67  it  1150/1563  loss 0.00018  recon 0.00017  kl 5.05  lr 2.40e-05
ep  67  it  1200/1563  loss 0.00018  recon 0.00017  kl 5.05  lr 2.40e-05
ep  67  it  1250/1563  loss 0.00018  recon 0.00017  kl 5.05  lr 2.39e-05
ep  67  it  1300/1563  loss 0.00018  recon 0.00017  kl 5.05  lr 2.39e-05
ep  67  it  1350/1563  loss 0.00018  recon 0.00017  kl 5.05  lr 2.38e-05
ep  67  it  1400/1563  loss 0.00018  recon 0.00017  kl 5.05  lr 2.38e-05
ep  67  it  1450/1563  loss 0.00018  recon 0.00017  kl 5.05  lr 2.37e-05
ep  67  it  1500/1563  loss 0.00018  recon 0.00017  kl 5.05  lr 2.37e-05
ep  67  it  1550/1563  loss 0.00018  recon 0.00017  kl 5.05  lr 2.36e-05
[epoch 67] loss=0.00018  recon=0.00017  kl=5.05  lr=2.36e-05  time=2.3 min
ep  68  it    50/1563  loss 0.00018  recon 0.00017  kl 5.07  lr 2.36e-05
ep  68  it   100/1563  loss 0.00018  recon 0.00017  kl 5.06  lr 2.36e-05
ep  68  it   150/1563  loss 0.00018  recon 0.00017  kl 5.06  lr 2.35e-05
ep  68  it   200/1563  loss 0.00018  recon 0.00017  kl 5.06  lr 2.35e-05
ep  68  it   250/1563  loss 0.00018  recon 0.00017  kl 5.06  lr 2.34e-05
ep  68  it   300/1563  loss 0.00018  recon 0.00017  kl 5.06  lr 2.34e-05
ep  68  it   350/1563  loss 0.00018  recon 0.00017  kl 5.06  lr 2.33e-05
ep  68  it   400/1563  loss 0.00018  recon 0.00017  kl 5.06  lr 2.33e-05
ep  68  it   450/1563  loss 0.00018  recon 0.00017  kl 5.06  lr 2.33e-05
ep  68  it   500/1563  loss 0.00018  recon 0.00017  kl 5.06  lr 2.32e-05
ep  68  it   550/1563  loss 0.00018  recon 0.00017  kl 5.06  lr 2.32e-05
ep  68  it   600/1563  loss 0.00018  recon 0.00017  kl 5.06  lr 2.31e-05
ep  68  it   650/1563  loss 0.00018  recon 0.00017  kl 5.06  lr 2.31e-05
ep  68  it   700/1563  loss 0.00018  recon 0.00017  kl 5.06  lr 2.30e-05
ep  68  it   750/1563  loss 0.00018  recon 0.00017  kl 5.06  lr 2.30e-05
ep  68  it   800/1563  loss 0.00018  recon 0.00017  kl 5.06  lr 2.30e-05
ep  68  it   850/1563  loss 0.00017  recon 0.00017  kl 5.06  lr 2.29e-05
ep  68  it   900/1563  loss 0.00017  recon 0.00017  kl 5.06  lr 2.29e-05
ep  68  it   950/1563  loss 0.00017  recon 0.00017  kl 5.06  lr 2.28e-05
ep  68  it  1000/1563  loss 0.00017  recon 0.00017  kl 5.06  lr 2.28e-05
ep  68  it  1050/1563  loss 0.00017  recon 0.00017  kl 5.06  lr 2.27e-05
ep  68  it  1100/1563  loss 0.00017  recon 0.00017  kl 5.06  lr 2.27e-05
ep  68  it  1150/1563  loss 0.00017  recon 0.00017  kl 5.06  lr 2.27e-05
ep  68  it  1200/1563  loss 0.00017  recon 0.00017  kl 5.06  lr 2.26e-05
ep  68  it  1250/1563  loss 0.00017  recon 0.00017  kl 5.06  lr 2.26e-05
ep  68  it  1300/1563  loss 0.00017  recon 0.00017  kl 5.06  lr 2.25e-05
ep  68  it  1350/1563  loss 0.00017  recon 0.00017  kl 5.06  lr 2.25e-05
ep  68  it  1400/1563  loss 0.00017  recon 0.00017  kl 5.06  lr 2.24e-05
ep  68  it  1450/1563  loss 0.00017  recon 0.00017  kl 5.06  lr 2.24e-05
ep  68  it  1500/1563  loss 0.00017  recon 0.00017  kl 5.06  lr 2.24e-05
ep  68  it  1550/1563  loss 0.00017  recon 0.00017  kl 5.06  lr 2.23e-05
[epoch 68] loss=0.00017  recon=0.00017  kl=5.06  lr=2.23e-05  time=2.3 min
ep  69  it    50/1563  loss 0.00018  recon 0.00017  kl 5.05  lr 2.23e-05
ep  69  it   100/1563  loss 0.00017  recon 0.00017  kl 5.06  lr 2.22e-05
ep  69  it   150/1563  loss 0.00017  recon 0.00017  kl 5.06  lr 2.22e-05
ep  69  it   200/1563  loss 0.00017  recon 0.00017  kl 5.06  lr 2.21e-05
ep  69  it   250/1563  loss 0.00017  recon 0.00017  kl 5.06  lr 2.21e-05
ep  69  it   300/1563  loss 0.00017  recon 0.00017  kl 5.06  lr 2.21e-05
ep  69  it   350/1563  loss 0.00017  recon 0.00017  kl 5.06  lr 2.20e-05
ep  69  it   400/1563  loss 0.00017  recon 0.00017  kl 5.06  lr 2.20e-05
ep  69  it   450/1563  loss 0.00017  recon 0.00017  kl 5.06  lr 2.19e-05
ep  69  it   500/1563  loss 0.00017  recon 0.00017  kl 5.06  lr 2.19e-05
ep  69  it   550/1563  loss 0.00017  recon 0.00017  kl 5.06  lr 2.18e-05
ep  69  it   600/1563  loss 0.00017  recon 0.00017  kl 5.06  lr 2.18e-05
ep  69  it   650/1563  loss 0.00017  recon 0.00017  kl 5.06  lr 2.18e-05
ep  69  it   700/1563  loss 0.00017  recon 0.00017  kl 5.06  lr 2.17e-05
ep  69  it   750/1563  loss 0.00017  recon 0.00017  kl 5.06  lr 2.17e-05
ep  69  it   800/1563  loss 0.00017  recon 0.00017  kl 5.06  lr 2.16e-05
ep  69  it   850/1563  loss 0.00017  recon 0.00017  kl 5.06  lr 2.16e-05
ep  69  it   900/1563  loss 0.00017  recon 0.00017  kl 5.06  lr 2.15e-05
ep  69  it   950/1563  loss 0.00017  recon 0.00017  kl 5.06  lr 2.15e-05
ep  69  it  1000/1563  loss 0.00017  recon 0.00017  kl 5.06  lr 2.15e-05
ep  69  it  1050/1563  loss 0.00017  recon 0.00017  kl 5.06  lr 2.14e-05
ep  69  it  1100/1563  loss 0.00017  recon 0.00017  kl 5.06  lr 2.14e-05
ep  69  it  1150/1563  loss 0.00017  recon 0.00017  kl 5.06  lr 2.13e-05
ep  69  it  1200/1563  loss 0.00017  recon 0.00017  kl 5.06  lr 2.13e-05
ep  69  it  1250/1563  loss 0.00017  recon 0.00017  kl 5.06  lr 2.13e-05
ep  69  it  1300/1563  loss 0.00017  recon 0.00017  kl 5.06  lr 2.12e-05
ep  69  it  1350/1563  loss 0.00017  recon 0.00017  kl 5.06  lr 2.12e-05
ep  69  it  1400/1563  loss 0.00017  recon 0.00017  kl 5.06  lr 2.11e-05
ep  69  it  1450/1563  loss 0.00017  recon 0.00017  kl 5.06  lr 2.11e-05
ep  69  it  1500/1563  loss 0.00017  recon 0.00017  kl 5.06  lr 2.10e-05
ep  69  it  1550/1563  loss 0.00017  recon 0.00017  kl 5.06  lr 2.10e-05
[epoch 69] loss=0.00017  recon=0.00017  kl=5.06  lr=2.10e-05  time=2.3 min
ep  70  it    50/1563  loss 0.00017  recon 0.00017  kl 5.04  lr 2.10e-05
ep  70  it   100/1563  loss 0.00017  recon 0.00017  kl 5.05  lr 2.09e-05
ep  70  it   150/1563  loss 0.00017  recon 0.00017  kl 5.05  lr 2.09e-05
ep  70  it   200/1563  loss 0.00017  recon 0.00017  kl 5.05  lr 2.08e-05
ep  70  it   250/1563  loss 0.00017  recon 0.00017  kl 5.05  lr 2.08e-05
ep  70  it   300/1563  loss 0.00017  recon 0.00017  kl 5.06  lr 2.07e-05
ep  70  it   350/1563  loss 0.00017  recon 0.00017  kl 5.06  lr 2.07e-05
ep  70  it   400/1563  loss 0.00017  recon 0.00017  kl 5.06  lr 2.07e-05
ep  70  it   450/1563  loss 0.00017  recon 0.00017  kl 5.06  lr 2.06e-05
ep  70  it   500/1563  loss 0.00017  recon 0.00017  kl 5.06  lr 2.06e-05
ep  70  it   550/1563  loss 0.00017  recon 0.00017  kl 5.06  lr 2.05e-05
ep  70  it   600/1563  loss 0.00017  recon 0.00017  kl 5.06  lr 2.05e-05
ep  70  it   650/1563  loss 0.00017  recon 0.00017  kl 5.06  lr 2.05e-05
ep  70  it   700/1563  loss 0.00017  recon 0.00017  kl 5.06  lr 2.04e-05
ep  70  it   750/1563  loss 0.00017  recon 0.00017  kl 5.06  lr 2.04e-05
ep  70  it   800/1563  loss 0.00017  recon 0.00017  kl 5.06  lr 2.03e-05
ep  70  it   850/1563  loss 0.00017  recon 0.00017  kl 5.06  lr 2.03e-05
ep  70  it   900/1563  loss 0.00017  recon 0.00017  kl 5.06  lr 2.03e-05
ep  70  it   950/1563  loss 0.00017  recon 0.00017  kl 5.06  lr 2.02e-05
ep  70  it  1000/1563  loss 0.00017  recon 0.00017  kl 5.06  lr 2.02e-05
ep  70  it  1050/1563  loss 0.00017  recon 0.00017  kl 5.06  lr 2.01e-05
ep  70  it  1100/1563  loss 0.00017  recon 0.00017  kl 5.06  lr 2.01e-05
ep  70  it  1150/1563  loss 0.00017  recon 0.00017  kl 5.06  lr 2.01e-05
ep  70  it  1200/1563  loss 0.00017  recon 0.00017  kl 5.06  lr 2.00e-05
ep  70  it  1250/1563  loss 0.00017  recon 0.00017  kl 5.06  lr 2.00e-05
ep  70  it  1300/1563  loss 0.00017  recon 0.00017  kl 5.06  lr 1.99e-05
ep  70  it  1350/1563  loss 0.00017  recon 0.00017  kl 5.06  lr 1.99e-05
ep  70  it  1400/1563  loss 0.00017  recon 0.00017  kl 5.06  lr 1.99e-05
ep  70  it  1450/1563  loss 0.00017  recon 0.00017  kl 5.06  lr 1.98e-05
ep  70  it  1500/1563  loss 0.00017  recon 0.00017  kl 5.06  lr 1.98e-05
ep  70  it  1550/1563  loss 0.00017  recon 0.00017  kl 5.06  lr 1.97e-05
[epoch 70] loss=0.00017  recon=0.00017  kl=5.06  lr=1.97e-05  time=2.3 min
ep  71  it    50/1563  loss 0.00017  recon 0.00017  kl 5.07  lr 1.97e-05
ep  71  it   100/1563  loss 0.00017  recon 0.00017  kl 5.06  lr 1.96e-05
ep  71  it   150/1563  loss 0.00017  recon 0.00017  kl 5.06  lr 1.96e-05
ep  71  it   200/1563  loss 0.00017  recon 0.00017  kl 5.06  lr 1.96e-05
ep  71  it   250/1563  loss 0.00017  recon 0.00017  kl 5.06  lr 1.95e-05
ep  71  it   300/1563  loss 0.00017  recon 0.00017  kl 5.06  lr 1.95e-05
ep  71  it   350/1563  loss 0.00017  recon 0.00017  kl 5.06  lr 1.94e-05
ep  71  it   400/1563  loss 0.00017  recon 0.00017  kl 5.06  lr 1.94e-05
ep  71  it   450/1563  loss 0.00017  recon 0.00017  kl 5.06  lr 1.94e-05
ep  71  it   500/1563  loss 0.00017  recon 0.00017  kl 5.06  lr 1.93e-05
ep  71  it   550/1563  loss 0.00017  recon 0.00017  kl 5.06  lr 1.93e-05
ep  71  it   600/1563  loss 0.00017  recon 0.00017  kl 5.06  lr 1.92e-05
ep  71  it   650/1563  loss 0.00017  recon 0.00017  kl 5.06  lr 1.92e-05
ep  71  it   700/1563  loss 0.00017  recon 0.00017  kl 5.06  lr 1.92e-05
ep  71  it   750/1563  loss 0.00017  recon 0.00017  kl 5.06  lr 1.91e-05
ep  71  it   800/1563  loss 0.00017  recon 0.00017  kl 5.06  lr 1.91e-05
ep  71  it   850/1563  loss 0.00017  recon 0.00017  kl 5.06  lr 1.90e-05
ep  71  it   900/1563  loss 0.00017  recon 0.00017  kl 5.06  lr 1.90e-05
ep  71  it   950/1563  loss 0.00017  recon 0.00017  kl 5.06  lr 1.90e-05
ep  71  it  1000/1563  loss 0.00017  recon 0.00017  kl 5.06  lr 1.89e-05
ep  71  it  1050/1563  loss 0.00017  recon 0.00017  kl 5.06  lr 1.89e-05
ep  71  it  1100/1563  loss 0.00017  recon 0.00017  kl 5.06  lr 1.88e-05
ep  71  it  1150/1563  loss 0.00017  recon 0.00017  kl 5.06  lr 1.88e-05
ep  71  it  1200/1563  loss 0.00017  recon 0.00017  kl 5.06  lr 1.88e-05
ep  71  it  1250/1563  loss 0.00017  recon 0.00017  kl 5.06  lr 1.87e-05
ep  71  it  1300/1563  loss 0.00017  recon 0.00017  kl 5.06  lr 1.87e-05
ep  71  it  1350/1563  loss 0.00017  recon 0.00017  kl 5.06  lr 1.86e-05
ep  71  it  1400/1563  loss 0.00017  recon 0.00017  kl 5.06  lr 1.86e-05
ep  71  it  1450/1563  loss 0.00017  recon 0.00017  kl 5.06  lr 1.86e-05
ep  71  it  1500/1563  loss 0.00017  recon 0.00017  kl 5.06  lr 1.85e-05
ep  71  it  1550/1563  loss 0.00017  recon 0.00017  kl 5.06  lr 1.85e-05
[epoch 71] loss=0.00017  recon=0.00017  kl=5.06  lr=1.85e-05  time=2.3 min
ep  72  it    50/1563  loss 0.00017  recon 0.00016  kl 5.06  lr 1.84e-05
ep  72  it   100/1563  loss 0.00017  recon 0.00016  kl 5.06  lr 1.84e-05
ep  72  it   150/1563  loss 0.00017  recon 0.00017  kl 5.06  lr 1.84e-05
ep  72  it   200/1563  loss 0.00017  recon 0.00017  kl 5.06  lr 1.83e-05
ep  72  it   250/1563  loss 0.00017  recon 0.00017  kl 5.06  lr 1.83e-05
ep  72  it   300/1563  loss 0.00017  recon 0.00017  kl 5.06  lr 1.82e-05
ep  72  it   350/1563  loss 0.00017  recon 0.00017  kl 5.07  lr 1.82e-05
ep  72  it   400/1563  loss 0.00017  recon 0.00017  kl 5.06  lr 1.82e-05
ep  72  it   450/1563  loss 0.00017  recon 0.00017  kl 5.06  lr 1.81e-05
ep  72  it   500/1563  loss 0.00017  recon 0.00017  kl 5.06  lr 1.81e-05
ep  72  it   550/1563  loss 0.00017  recon 0.00017  kl 5.06  lr 1.80e-05
ep  72  it   600/1563  loss 0.00017  recon 0.00017  kl 5.06  lr 1.80e-05
ep  72  it   650/1563  loss 0.00017  recon 0.00017  kl 5.06  lr 1.80e-05
ep  72  it   700/1563  loss 0.00017  recon 0.00017  kl 5.06  lr 1.79e-05
ep  72  it   750/1563  loss 0.00017  recon 0.00017  kl 5.06  lr 1.79e-05
ep  72  it   800/1563  loss 0.00017  recon 0.00017  kl 5.06  lr 1.78e-05
ep  72  it   850/1563  loss 0.00017  recon 0.00017  kl 5.06  lr 1.78e-05
ep  72  it   900/1563  loss 0.00017  recon 0.00017  kl 5.06  lr 1.78e-05
ep  72  it   950/1563  loss 0.00017  recon 0.00017  kl 5.06  lr 1.77e-05
ep  72  it  1000/1563  loss 0.00017  recon 0.00017  kl 5.06  lr 1.77e-05
ep  72  it  1050/1563  loss 0.00017  recon 0.00017  kl 5.06  lr 1.77e-05
ep  72  it  1100/1563  loss 0.00017  recon 0.00017  kl 5.06  lr 1.76e-05
ep  72  it  1150/1563  loss 0.00017  recon 0.00017  kl 5.06  lr 1.76e-05
ep  72  it  1200/1563  loss 0.00017  recon 0.00017  kl 5.06  lr 1.75e-05
ep  72  it  1250/1563  loss 0.00017  recon 0.00017  kl 5.06  lr 1.75e-05
ep  72  it  1300/1563  loss 0.00017  recon 0.00017  kl 5.06  lr 1.75e-05
ep  72  it  1350/1563  loss 0.00017  recon 0.00017  kl 5.06  lr 1.74e-05
ep  72  it  1400/1563  loss 0.00017  recon 0.00017  kl 5.06  lr 1.74e-05
ep  72  it  1450/1563  loss 0.00017  recon 0.00017  kl 5.06  lr 1.73e-05
ep  72  it  1500/1563  loss 0.00017  recon 0.00017  kl 5.06  lr 1.73e-05
ep  72  it  1550/1563  loss 0.00017  recon 0.00017  kl 5.06  lr 1.73e-05
[epoch 72] loss=0.00017  recon=0.00017  kl=5.06  lr=1.73e-05  time=2.3 min
ep  73  it    50/1563  loss 0.00017  recon 0.00017  kl 5.07  lr 1.72e-05
ep  73  it   100/1563  loss 0.00017  recon 0.00016  kl 5.06  lr 1.72e-05
ep  73  it   150/1563  loss 0.00017  recon 0.00016  kl 5.06  lr 1.71e-05
ep  73  it   200/1563  loss 0.00017  recon 0.00016  kl 5.06  lr 1.71e-05
ep  73  it   250/1563  loss 0.00017  recon 0.00017  kl 5.07  lr 1.71e-05
ep  73  it   300/1563  loss 0.00017  recon 0.00017  kl 5.07  lr 1.70e-05
ep  73  it   350/1563  loss 0.00017  recon 0.00017  kl 5.07  lr 1.70e-05
ep  73  it   400/1563  loss 0.00017  recon 0.00017  kl 5.06  lr 1.70e-05
ep  73  it   450/1563  loss 0.00017  recon 0.00017  kl 5.06  lr 1.69e-05
ep  73  it   500/1563  loss 0.00017  recon 0.00017  kl 5.06  lr 1.69e-05
ep  73  it   550/1563  loss 0.00017  recon 0.00017  kl 5.07  lr 1.68e-05
ep  73  it   600/1563  loss 0.00017  recon 0.00017  kl 5.06  lr 1.68e-05
ep  73  it   650/1563  loss 0.00017  recon 0.00017  kl 5.06  lr 1.68e-05
ep  73  it   700/1563  loss 0.00017  recon 0.00017  kl 5.06  lr 1.67e-05
ep  73  it   750/1563  loss 0.00017  recon 0.00017  kl 5.06  lr 1.67e-05
ep  73  it   800/1563  loss 0.00017  recon 0.00017  kl 5.06  lr 1.66e-05
ep  73  it   850/1563  loss 0.00017  recon 0.00017  kl 5.06  lr 1.66e-05
ep  73  it   900/1563  loss 0.00017  recon 0.00017  kl 5.06  lr 1.66e-05
ep  73  it   950/1563  loss 0.00017  recon 0.00017  kl 5.06  lr 1.65e-05
ep  73  it  1000/1563  loss 0.00017  recon 0.00016  kl 5.06  lr 1.65e-05
ep  73  it  1050/1563  loss 0.00017  recon 0.00017  kl 5.06  lr 1.65e-05
ep  73  it  1100/1563  loss 0.00017  recon 0.00017  kl 5.06  lr 1.64e-05
ep  73  it  1150/1563  loss 0.00017  recon 0.00017  kl 5.07  lr 1.64e-05
ep  73  it  1200/1563  loss 0.00017  recon 0.00017  kl 5.07  lr 1.63e-05
ep  73  it  1250/1563  loss 0.00017  recon 0.00016  kl 5.07  lr 1.63e-05
ep  73  it  1300/1563  loss 0.00017  recon 0.00016  kl 5.07  lr 1.63e-05
ep  73  it  1350/1563  loss 0.00017  recon 0.00016  kl 5.07  lr 1.62e-05
ep  73  it  1400/1563  loss 0.00017  recon 0.00016  kl 5.07  lr 1.62e-05
ep  73  it  1450/1563  loss 0.00017  recon 0.00016  kl 5.07  lr 1.62e-05
ep  73  it  1500/1563  loss 0.00017  recon 0.00016  kl 5.06  lr 1.61e-05
ep  73  it  1550/1563  loss 0.00017  recon 0.00016  kl 5.06  lr 1.61e-05
[epoch 73] loss=0.00017  recon=0.00016  kl=5.06  lr=1.61e-05  time=2.3 min
ep  74  it    50/1563  loss 0.00017  recon 0.00016  kl 5.07  lr 1.60e-05
ep  74  it   100/1563  loss 0.00017  recon 0.00016  kl 5.07  lr 1.60e-05
ep  74  it   150/1563  loss 0.00017  recon 0.00016  kl 5.06  lr 1.60e-05
ep  74  it   200/1563  loss 0.00017  recon 0.00016  kl 5.06  lr 1.59e-05
ep  74  it   250/1563  loss 0.00017  recon 0.00016  kl 5.06  lr 1.59e-05
ep  74  it   300/1563  loss 0.00017  recon 0.00016  kl 5.06  lr 1.59e-05
ep  74  it   350/1563  loss 0.00017  recon 0.00016  kl 5.06  lr 1.58e-05
ep  74  it   400/1563  loss 0.00017  recon 0.00016  kl 5.06  lr 1.58e-05
ep  74  it   450/1563  loss 0.00017  recon 0.00016  kl 5.06  lr 1.57e-05
ep  74  it   500/1563  loss 0.00017  recon 0.00016  kl 5.06  lr 1.57e-05
ep  74  it   550/1563  loss 0.00017  recon 0.00016  kl 5.06  lr 1.57e-05
ep  74  it   600/1563  loss 0.00017  recon 0.00016  kl 5.06  lr 1.56e-05
ep  74  it   650/1563  loss 0.00017  recon 0.00016  kl 5.06  lr 1.56e-05
ep  74  it   700/1563  loss 0.00017  recon 0.00016  kl 5.06  lr 1.56e-05
ep  74  it   750/1563  loss 0.00017  recon 0.00016  kl 5.07  lr 1.55e-05
ep  74  it   800/1563  loss 0.00017  recon 0.00016  kl 5.07  lr 1.55e-05
ep  74  it   850/1563  loss 0.00017  recon 0.00016  kl 5.07  lr 1.54e-05
ep  74  it   900/1563  loss 0.00017  recon 0.00016  kl 5.07  lr 1.54e-05
ep  74  it   950/1563  loss 0.00017  recon 0.00016  kl 5.07  lr 1.54e-05
ep  74  it  1000/1563  loss 0.00017  recon 0.00016  kl 5.07  lr 1.53e-05
ep  74  it  1050/1563  loss 0.00017  recon 0.00016  kl 5.07  lr 1.53e-05
ep  74  it  1100/1563  loss 0.00017  recon 0.00016  kl 5.07  lr 1.53e-05
ep  74  it  1150/1563  loss 0.00017  recon 0.00016  kl 5.07  lr 1.52e-05
ep  74  it  1200/1563  loss 0.00017  recon 0.00016  kl 5.07  lr 1.52e-05
ep  74  it  1250/1563  loss 0.00017  recon 0.00016  kl 5.07  lr 1.52e-05
ep  74  it  1300/1563  loss 0.00017  recon 0.00016  kl 5.07  lr 1.51e-05
ep  74  it  1350/1563  loss 0.00017  recon 0.00016  kl 5.07  lr 1.51e-05
ep  74  it  1400/1563  loss 0.00017  recon 0.00016  kl 5.07  lr 1.50e-05
ep  74  it  1450/1563  loss 0.00017  recon 0.00016  kl 5.07  lr 1.50e-05
ep  74  it  1500/1563  loss 0.00017  recon 0.00016  kl 5.07  lr 1.50e-05
ep  74  it  1550/1563  loss 0.00017  recon 0.00016  kl 5.07  lr 1.49e-05
[epoch 74] loss=0.00017  recon=0.00016  kl=5.07  lr=1.49e-05  time=2.3 min
ep  75  it    50/1563  loss 0.00016  recon 0.00016  kl 5.05  lr 1.49e-05
ep  75  it   100/1563  loss 0.00017  recon 0.00016  kl 5.06  lr 1.49e-05
ep  75  it   150/1563  loss 0.00017  recon 0.00016  kl 5.05  lr 1.48e-05
ep  75  it   200/1563  loss 0.00017  recon 0.00016  kl 5.06  lr 1.48e-05
ep  75  it   250/1563  loss 0.00017  recon 0.00016  kl 5.06  lr 1.47e-05
ep  75  it   300/1563  loss 0.00017  recon 0.00016  kl 5.06  lr 1.47e-05
ep  75  it   350/1563  loss 0.00017  recon 0.00016  kl 5.06  lr 1.47e-05
ep  75  it   400/1563  loss 0.00017  recon 0.00016  kl 5.06  lr 1.46e-05
ep  75  it   450/1563  loss 0.00017  recon 0.00016  kl 5.06  lr 1.46e-05
ep  75  it   500/1563  loss 0.00017  recon 0.00016  kl 5.06  lr 1.46e-05
ep  75  it   550/1563  loss 0.00017  recon 0.00016  kl 5.06  lr 1.45e-05
ep  75  it   600/1563  loss 0.00017  recon 0.00016  kl 5.06  lr 1.45e-05
ep  75  it   650/1563  loss 0.00017  recon 0.00016  kl 5.06  lr 1.45e-05
ep  75  it   700/1563  loss 0.00017  recon 0.00016  kl 5.06  lr 1.44e-05
ep  75  it   750/1563  loss 0.00017  recon 0.00016  kl 5.06  lr 1.44e-05
ep  75  it   800/1563  loss 0.00017  recon 0.00016  kl 5.06  lr 1.44e-05
ep  75  it   850/1563  loss 0.00017  recon 0.00016  kl 5.06  lr 1.43e-05
ep  75  it   900/1563  loss 0.00017  recon 0.00016  kl 5.06  lr 1.43e-05
ep  75  it   950/1563  loss 0.00017  recon 0.00016  kl 5.07  lr 1.42e-05
ep  75  it  1000/1563  loss 0.00017  recon 0.00016  kl 5.07  lr 1.42e-05
ep  75  it  1050/1563  loss 0.00017  recon 0.00016  kl 5.07  lr 1.42e-05
ep  75  it  1100/1563  loss 0.00017  recon 0.00016  kl 5.07  lr 1.41e-05
ep  75  it  1150/1563  loss 0.00017  recon 0.00016  kl 5.07  lr 1.41e-05
ep  75  it  1200/1563  loss 0.00017  recon 0.00016  kl 5.07  lr 1.41e-05
ep  75  it  1250/1563  loss 0.00017  recon 0.00016  kl 5.07  lr 1.40e-05
ep  75  it  1300/1563  loss 0.00017  recon 0.00016  kl 5.07  lr 1.40e-05
ep  75  it  1350/1563  loss 0.00017  recon 0.00016  kl 5.07  lr 1.40e-05
ep  75  it  1400/1563  loss 0.00017  recon 0.00016  kl 5.07  lr 1.39e-05
ep  75  it  1450/1563  loss 0.00017  recon 0.00016  kl 5.07  lr 1.39e-05
ep  75  it  1500/1563  loss 0.00017  recon 0.00016  kl 5.07  lr 1.39e-05
ep  75  it  1550/1563  loss 0.00017  recon 0.00016  kl 5.07  lr 1.38e-05
[epoch 75] loss=0.00017  recon=0.00016  kl=5.07  lr=1.38e-05  time=2.3 min
ep  76  it    50/1563  loss 0.00017  recon 0.00016  kl 5.06  lr 1.38e-05
ep  76  it   100/1563  loss 0.00017  recon 0.00016  kl 5.07  lr 1.37e-05
ep  76  it   150/1563  loss 0.00017  recon 0.00016  kl 5.07  lr 1.37e-05
ep  76  it   200/1563  loss 0.00017  recon 0.00016  kl 5.06  lr 1.37e-05
ep  76  it   250/1563  loss 0.00017  recon 0.00016  kl 5.06  lr 1.36e-05
ep  76  it   300/1563  loss 0.00017  recon 0.00016  kl 5.06  lr 1.36e-05
ep  76  it   350/1563  loss 0.00017  recon 0.00016  kl 5.06  lr 1.36e-05
ep  76  it   400/1563  loss 0.00017  recon 0.00016  kl 5.06  lr 1.35e-05
ep  76  it   450/1563  loss 0.00017  recon 0.00016  kl 5.06  lr 1.35e-05
ep  76  it   500/1563  loss 0.00017  recon 0.00016  kl 5.06  lr 1.35e-05
ep  76  it   550/1563  loss 0.00017  recon 0.00016  kl 5.07  lr 1.34e-05
ep  76  it   600/1563  loss 0.00017  recon 0.00016  kl 5.07  lr 1.34e-05
ep  76  it   650/1563  loss 0.00017  recon 0.00016  kl 5.07  lr 1.34e-05
ep  76  it   700/1563  loss 0.00017  recon 0.00016  kl 5.07  lr 1.33e-05
ep  76  it   750/1563  loss 0.00017  recon 0.00016  kl 5.07  lr 1.33e-05
ep  76  it   800/1563  loss 0.00017  recon 0.00016  kl 5.07  lr 1.33e-05
ep  76  it   850/1563  loss 0.00017  recon 0.00016  kl 5.07  lr 1.32e-05
ep  76  it   900/1563  loss 0.00017  recon 0.00016  kl 5.07  lr 1.32e-05
ep  76  it   950/1563  loss 0.00017  recon 0.00016  kl 5.07  lr 1.32e-05
ep  76  it  1000/1563  loss 0.00017  recon 0.00016  kl 5.07  lr 1.31e-05
ep  76  it  1050/1563  loss 0.00017  recon 0.00016  kl 5.07  lr 1.31e-05
ep  76  it  1100/1563  loss 0.00017  recon 0.00016  kl 5.07  lr 1.31e-05
ep  76  it  1150/1563  loss 0.00017  recon 0.00016  kl 5.07  lr 1.30e-05
ep  76  it  1200/1563  loss 0.00017  recon 0.00016  kl 5.07  lr 1.30e-05
ep  76  it  1250/1563  loss 0.00017  recon 0.00016  kl 5.07  lr 1.29e-05
ep  76  it  1300/1563  loss 0.00017  recon 0.00016  kl 5.07  lr 1.29e-05
ep  76  it  1350/1563  loss 0.00017  recon 0.00016  kl 5.07  lr 1.29e-05
ep  76  it  1400/1563  loss 0.00017  recon 0.00016  kl 5.07  lr 1.28e-05
ep  76  it  1450/1563  loss 0.00017  recon 0.00016  kl 5.07  lr 1.28e-05
ep  76  it  1500/1563  loss 0.00017  recon 0.00016  kl 5.07  lr 1.28e-05
ep  76  it  1550/1563  loss 0.00017  recon 0.00016  kl 5.07  lr 1.27e-05
[epoch 76] loss=0.00017  recon=0.00016  kl=5.07  lr=1.27e-05  time=2.3 min
ep  77  it    50/1563  loss 0.00017  recon 0.00016  kl 5.06  lr 1.27e-05
ep  77  it   100/1563  loss 0.00017  recon 0.00016  kl 5.06  lr 1.27e-05
ep  77  it   150/1563  loss 0.00017  recon 0.00016  kl 5.06  lr 1.26e-05
ep  77  it   200/1563  loss 0.00017  recon 0.00016  kl 5.07  lr 1.26e-05
ep  77  it   250/1563  loss 0.00017  recon 0.00016  kl 5.07  lr 1.26e-05
ep  77  it   300/1563  loss 0.00017  recon 0.00016  kl 5.07  lr 1.25e-05
ep  77  it   350/1563  loss 0.00017  recon 0.00016  kl 5.07  lr 1.25e-05
ep  77  it   400/1563  loss 0.00017  recon 0.00016  kl 5.07  lr 1.25e-05
ep  77  it   450/1563  loss 0.00017  recon 0.00016  kl 5.07  lr 1.24e-05
ep  77  it   500/1563  loss 0.00017  recon 0.00016  kl 5.07  lr 1.24e-05
ep  77  it   550/1563  loss 0.00017  recon 0.00016  kl 5.07  lr 1.24e-05
ep  77  it   600/1563  loss 0.00017  recon 0.00016  kl 5.07  lr 1.23e-05
ep  77  it   650/1563  loss 0.00017  recon 0.00016  kl 5.07  lr 1.23e-05
ep  77  it   700/1563  loss 0.00017  recon 0.00016  kl 5.07  lr 1.23e-05
ep  77  it   750/1563  loss 0.00017  recon 0.00016  kl 5.07  lr 1.22e-05
ep  77  it   800/1563  loss 0.00017  recon 0.00016  kl 5.07  lr 1.22e-05
ep  77  it   850/1563  loss 0.00017  recon 0.00016  kl 5.07  lr 1.22e-05
ep  77  it   900/1563  loss 0.00017  recon 0.00016  kl 5.07  lr 1.21e-05
ep  77  it   950/1563  loss 0.00017  recon 0.00016  kl 5.07  lr 1.21e-05
ep  77  it  1000/1563  loss 0.00017  recon 0.00016  kl 5.07  lr 1.21e-05
ep  77  it  1050/1563  loss 0.00017  recon 0.00016  kl 5.07  lr 1.20e-05
ep  77  it  1100/1563  loss 0.00017  recon 0.00016  kl 5.07  lr 1.20e-05
ep  77  it  1150/1563  loss 0.00017  recon 0.00016  kl 5.07  lr 1.20e-05
ep  77  it  1200/1563  loss 0.00017  recon 0.00016  kl 5.07  lr 1.19e-05
ep  77  it  1250/1563  loss 0.00017  recon 0.00016  kl 5.07  lr 1.19e-05
ep  77  it  1300/1563  loss 0.00017  recon 0.00016  kl 5.07  lr 1.19e-05
ep  77  it  1350/1563  loss 0.00017  recon 0.00016  kl 5.07  lr 1.18e-05
ep  77  it  1400/1563  loss 0.00017  recon 0.00016  kl 5.07  lr 1.18e-05
ep  77  it  1450/1563  loss 0.00017  recon 0.00016  kl 5.07  lr 1.18e-05
ep  77  it  1500/1563  loss 0.00017  recon 0.00016  kl 5.07  lr 1.17e-05
ep  77  it  1550/1563  loss 0.00017  recon 0.00016  kl 5.07  lr 1.17e-05
[epoch 77] loss=0.00017  recon=0.00016  kl=5.07  lr=1.17e-05  time=2.3 min
ep  78  it    50/1563  loss 0.00016  recon 0.00016  kl 5.07  lr 1.17e-05
ep  78  it   100/1563  loss 0.00017  recon 0.00016  kl 5.06  lr 1.16e-05
ep  78  it   150/1563  loss 0.00017  recon 0.00016  kl 5.07  lr 1.16e-05
ep  78  it   200/1563  loss 0.00017  recon 0.00016  kl 5.07  lr 1.16e-05
ep  78  it   250/1563  loss 0.00017  recon 0.00016  kl 5.07  lr 1.15e-05
ep  78  it   300/1563  loss 0.00017  recon 0.00016  kl 5.07  lr 1.15e-05
ep  78  it   350/1563  loss 0.00017  recon 0.00016  kl 5.07  lr 1.15e-05
ep  78  it   400/1563  loss 0.00017  recon 0.00016  kl 5.07  lr 1.14e-05
ep  78  it   450/1563  loss 0.00017  recon 0.00016  kl 5.07  lr 1.14e-05
ep  78  it   500/1563  loss 0.00017  recon 0.00016  kl 5.07  lr 1.14e-05
ep  78  it   550/1563  loss 0.00017  recon 0.00016  kl 5.07  lr 1.13e-05
ep  78  it   600/1563  loss 0.00017  recon 0.00016  kl 5.07  lr 1.13e-05
ep  78  it   650/1563  loss 0.00017  recon 0.00016  kl 5.07  lr 1.13e-05
ep  78  it   700/1563  loss 0.00017  recon 0.00016  kl 5.07  lr 1.12e-05
ep  78  it   750/1563  loss 0.00017  recon 0.00016  kl 5.07  lr 1.12e-05
ep  78  it   800/1563  loss 0.00017  recon 0.00016  kl 5.07  lr 1.12e-05
ep  78  it   850/1563  loss 0.00017  recon 0.00016  kl 5.07  lr 1.11e-05
ep  78  it   900/1563  loss 0.00017  recon 0.00016  kl 5.07  lr 1.11e-05
ep  78  it   950/1563  loss 0.00017  recon 0.00016  kl 5.07  lr 1.11e-05
ep  78  it  1000/1563  loss 0.00017  recon 0.00016  kl 5.07  lr 1.11e-05
ep  78  it  1050/1563  loss 0.00017  recon 0.00016  kl 5.07  lr 1.10e-05
ep  78  it  1100/1563  loss 0.00017  recon 0.00016  kl 5.07  lr 1.10e-05
ep  78  it  1150/1563  loss 0.00017  recon 0.00016  kl 5.07  lr 1.10e-05
ep  78  it  1200/1563  loss 0.00017  recon 0.00016  kl 5.07  lr 1.09e-05
ep  78  it  1250/1563  loss 0.00017  recon 0.00016  kl 5.07  lr 1.09e-05
ep  78  it  1300/1563  loss 0.00017  recon 0.00016  kl 5.07  lr 1.09e-05
ep  78  it  1350/1563  loss 0.00017  recon 0.00016  kl 5.07  lr 1.08e-05
ep  78  it  1400/1563  loss 0.00017  recon 0.00016  kl 5.07  lr 1.08e-05
ep  78  it  1450/1563  loss 0.00017  recon 0.00016  kl 5.07  lr 1.08e-05
ep  78  it  1500/1563  loss 0.00017  recon 0.00016  kl 5.07  lr 1.07e-05
ep  78  it  1550/1563  loss 0.00017  recon 0.00016  kl 5.07  lr 1.07e-05
[epoch 78] loss=0.00017  recon=0.00016  kl=5.07  lr=1.07e-05  time=2.3 min
ep  79  it    50/1563  loss 0.00017  recon 0.00016  kl 5.07  lr 1.07e-05
ep  79  it   100/1563  loss 0.00016  recon 0.00016  kl 5.07  lr 1.06e-05
ep  79  it   150/1563  loss 0.00016  recon 0.00016  kl 5.07  lr 1.06e-05
ep  79  it   200/1563  loss 0.00016  recon 0.00016  kl 5.07  lr 1.06e-05
ep  79  it   250/1563  loss 0.00016  recon 0.00016  kl 5.07  lr 1.05e-05
ep  79  it   300/1563  loss 0.00016  recon 0.00016  kl 5.07  lr 1.05e-05
ep  79  it   350/1563  loss 0.00016  recon 0.00016  kl 5.07  lr 1.05e-05
ep  79  it   400/1563  loss 0.00016  recon 0.00016  kl 5.07  lr 1.04e-05
ep  79  it   450/1563  loss 0.00016  recon 0.00016  kl 5.07  lr 1.04e-05
ep  79  it   500/1563  loss 0.00016  recon 0.00016  kl 5.07  lr 1.04e-05
ep  79  it   550/1563  loss 0.00016  recon 0.00016  kl 5.07  lr 1.04e-05
ep  79  it   600/1563  loss 0.00016  recon 0.00016  kl 5.07  lr 1.03e-05
ep  79  it   650/1563  loss 0.00016  recon 0.00016  kl 5.07  lr 1.03e-05
ep  79  it   700/1563  loss 0.00017  recon 0.00016  kl 5.07  lr 1.03e-05
ep  79  it   750/1563  loss 0.00017  recon 0.00016  kl 5.07  lr 1.02e-05
ep  79  it   800/1563  loss 0.00017  recon 0.00016  kl 5.07  lr 1.02e-05
ep  79  it   850/1563  loss 0.00017  recon 0.00016  kl 5.07  lr 1.02e-05
ep  79  it   900/1563  loss 0.00017  recon 0.00016  kl 5.07  lr 1.01e-05
ep  79  it   950/1563  loss 0.00017  recon 0.00016  kl 5.07  lr 1.01e-05
ep  79  it  1000/1563  loss 0.00017  recon 0.00016  kl 5.07  lr 1.01e-05
ep  79  it  1050/1563  loss 0.00017  recon 0.00016  kl 5.07  lr 1.00e-05
ep  79  it  1100/1563  loss 0.00017  recon 0.00016  kl 5.07  lr 1.00e-05
ep  79  it  1150/1563  loss 0.00017  recon 0.00016  kl 5.08  lr 9.99e-06
ep  79  it  1200/1563  loss 0.00017  recon 0.00016  kl 5.07  lr 9.96e-06
ep  79  it  1250/1563  loss 0.00017  recon 0.00016  kl 5.07  lr 9.93e-06
ep  79  it  1300/1563  loss 0.00017  recon 0.00016  kl 5.07  lr 9.90e-06
ep  79  it  1350/1563  loss 0.00017  recon 0.00016  kl 5.07  lr 9.87e-06
ep  79  it  1400/1563  loss 0.00017  recon 0.00016  kl 5.07  lr 9.83e-06
ep  79  it  1450/1563  loss 0.00017  recon 0.00016  kl 5.07  lr 9.80e-06
ep  79  it  1500/1563  loss 0.00017  recon 0.00016  kl 5.07  lr 9.77e-06
ep  79  it  1550/1563  loss 0.00017  recon 0.00016  kl 5.07  lr 9.74e-06
[epoch 79] loss=0.00017  recon=0.00016  kl=5.07  lr=9.74e-06  time=2.3 min
ep  80  it    50/1563  loss 0.00017  recon 0.00016  kl 5.09  lr 9.71e-06
ep  80  it   100/1563  loss 0.00017  recon 0.00016  kl 5.09  lr 9.68e-06
ep  80  it   150/1563  loss 0.00017  recon 0.00016  kl 5.08  lr 9.65e-06
ep  80  it   200/1563  loss 0.00017  recon 0.00016  kl 5.08  lr 9.62e-06
ep  80  it   250/1563  loss 0.00017  recon 0.00016  kl 5.09  lr 9.59e-06
ep  80  it   300/1563  loss 0.00017  recon 0.00016  kl 5.08  lr 9.56e-06
ep  80  it   350/1563  loss 0.00017  recon 0.00016  kl 5.08  lr 9.53e-06
ep  80  it   400/1563  loss 0.00017  recon 0.00016  kl 5.08  lr 9.50e-06
ep  80  it   450/1563  loss 0.00017  recon 0.00016  kl 5.08  lr 9.47e-06
ep  80  it   500/1563  loss 0.00017  recon 0.00016  kl 5.08  lr 9.44e-06
ep  80  it   550/1563  loss 0.00017  recon 0.00016  kl 5.08  lr 9.41e-06
ep  80  it   600/1563  loss 0.00017  recon 0.00016  kl 5.08  lr 9.38e-06
ep  80  it   650/1563  loss 0.00016  recon 0.00016  kl 5.08  lr 9.35e-06
ep  80  it   700/1563  loss 0.00016  recon 0.00016  kl 5.08  lr 9.32e-06
ep  80  it   750/1563  loss 0.00016  recon 0.00016  kl 5.08  lr 9.29e-06
ep  80  it   800/1563  loss 0.00016  recon 0.00016  kl 5.08  lr 9.26e-06
ep  80  it   850/1563  loss 0.00016  recon 0.00016  kl 5.08  lr 9.23e-06
ep  80  it   900/1563  loss 0.00016  recon 0.00016  kl 5.08  lr 9.20e-06
ep  80  it   950/1563  loss 0.00016  recon 0.00016  kl 5.08  lr 9.17e-06
ep  80  it  1000/1563  loss 0.00016  recon 0.00016  kl 5.08  lr 9.14e-06
ep  80  it  1050/1563  loss 0.00016  recon 0.00016  kl 5.08  lr 9.11e-06
ep  80  it  1100/1563  loss 0.00016  recon 0.00016  kl 5.08  lr 9.08e-06
ep  80  it  1150/1563  loss 0.00016  recon 0.00016  kl 5.08  lr 9.06e-06
ep  80  it  1200/1563  loss 0.00016  recon 0.00016  kl 5.08  lr 9.03e-06
ep  80  it  1250/1563  loss 0.00016  recon 0.00016  kl 5.08  lr 9.00e-06
ep  80  it  1300/1563  loss 0.00016  recon 0.00016  kl 5.08  lr 8.97e-06
ep  80  it  1350/1563  loss 0.00017  recon 0.00016  kl 5.08  lr 8.94e-06
ep  80  it  1400/1563  loss 0.00017  recon 0.00016  kl 5.08  lr 8.91e-06
ep  80  it  1450/1563  loss 0.00017  recon 0.00016  kl 5.08  lr 8.88e-06
ep  80  it  1500/1563  loss 0.00017  recon 0.00016  kl 5.08  lr 8.85e-06
ep  80  it  1550/1563  loss 0.00016  recon 0.00016  kl 5.08  lr 8.82e-06
[epoch 80] loss=0.00016  recon=0.00016  kl=5.08  lr=8.82e-06  time=2.3 min
ep  81  it    50/1563  loss 0.00016  recon 0.00016  kl 5.07  lr 8.79e-06
ep  81  it   100/1563  loss 0.00016  recon 0.00016  kl 5.07  lr 8.76e-06
ep  81  it   150/1563  loss 0.00017  recon 0.00016  kl 5.08  lr 8.73e-06
ep  81  it   200/1563  loss 0.00017  recon 0.00016  kl 5.07  lr 8.70e-06
ep  81  it   250/1563  loss 0.00017  recon 0.00016  kl 5.08  lr 8.67e-06
ep  81  it   300/1563  loss 0.00017  recon 0.00016  kl 5.08  lr 8.64e-06
ep  81  it   350/1563  loss 0.00017  recon 0.00016  kl 5.08  lr 8.62e-06
ep  81  it   400/1563  loss 0.00017  recon 0.00016  kl 5.08  lr 8.59e-06
ep  81  it   450/1563  loss 0.00016  recon 0.00016  kl 5.08  lr 8.56e-06
ep  81  it   500/1563  loss 0.00016  recon 0.00016  kl 5.08  lr 8.53e-06
ep  81  it   550/1563  loss 0.00016  recon 0.00016  kl 5.08  lr 8.50e-06
ep  81  it   600/1563  loss 0.00016  recon 0.00016  kl 5.08  lr 8.47e-06
ep  81  it   650/1563  loss 0.00016  recon 0.00016  kl 5.08  lr 8.45e-06
ep  81  it   700/1563  loss 0.00016  recon 0.00016  kl 5.08  lr 8.42e-06
ep  81  it   750/1563  loss 0.00016  recon 0.00016  kl 5.08  lr 8.39e-06
ep  81  it   800/1563  loss 0.00016  recon 0.00016  kl 5.08  lr 8.36e-06
ep  81  it   850/1563  loss 0.00016  recon 0.00016  kl 5.08  lr 8.33e-06
ep  81  it   900/1563  loss 0.00016  recon 0.00016  kl 5.08  lr 8.30e-06
ep  81  it   950/1563  loss 0.00016  recon 0.00016  kl 5.08  lr 8.28e-06
ep  81  it  1000/1563  loss 0.00016  recon 0.00016  kl 5.08  lr 8.25e-06
ep  81  it  1050/1563  loss 0.00016  recon 0.00016  kl 5.08  lr 8.22e-06
ep  81  it  1100/1563  loss 0.00016  recon 0.00016  kl 5.08  lr 8.19e-06
ep  81  it  1150/1563  loss 0.00016  recon 0.00016  kl 5.08  lr 8.17e-06
ep  81  it  1200/1563  loss 0.00016  recon 0.00016  kl 5.08  lr 8.14e-06
ep  81  it  1250/1563  loss 0.00016  recon 0.00016  kl 5.08  lr 8.11e-06
ep  81  it  1300/1563  loss 0.00016  recon 0.00016  kl 5.08  lr 8.08e-06
ep  81  it  1350/1563  loss 0.00016  recon 0.00016  kl 5.08  lr 8.05e-06
ep  81  it  1400/1563  loss 0.00016  recon 0.00016  kl 5.08  lr 8.03e-06
ep  81  it  1450/1563  loss 0.00016  recon 0.00016  kl 5.08  lr 8.00e-06
ep  81  it  1500/1563  loss 0.00016  recon 0.00016  kl 5.08  lr 7.97e-06
ep  81  it  1550/1563  loss 0.00016  recon 0.00016  kl 5.08  lr 7.94e-06
[epoch 81] loss=0.00016  recon=0.00016  kl=5.08  lr=7.94e-06  time=2.4 min
ep  82  it    50/1563  loss 0.00016  recon 0.00016  kl 5.07  lr 7.91e-06
ep  82  it   100/1563  loss 0.00016  recon 0.00016  kl 5.07  lr 7.88e-06
ep  82  it   150/1563  loss 0.00016  recon 0.00016  kl 5.07  lr 7.86e-06
ep  82  it   200/1563  loss 0.00016  recon 0.00016  kl 5.08  lr 7.83e-06
ep  82  it   250/1563  loss 0.00016  recon 0.00016  kl 5.08  lr 7.80e-06
ep  82  it   300/1563  loss 0.00016  recon 0.00016  kl 5.08  lr 7.77e-06
ep  82  it   350/1563  loss 0.00016  recon 0.00016  kl 5.08  lr 7.75e-06
ep  82  it   400/1563  loss 0.00016  recon 0.00016  kl 5.08  lr 7.72e-06
ep  82  it   450/1563  loss 0.00016  recon 0.00016  kl 5.08  lr 7.69e-06
ep  82  it   500/1563  loss 0.00016  recon 0.00016  kl 5.08  lr 7.67e-06
ep  82  it   550/1563  loss 0.00016  recon 0.00016  kl 5.08  lr 7.64e-06
ep  82  it   600/1563  loss 0.00016  recon 0.00016  kl 5.08  lr 7.61e-06
ep  82  it   650/1563  loss 0.00016  recon 0.00016  kl 5.08  lr 7.58e-06
ep  82  it   700/1563  loss 0.00016  recon 0.00016  kl 5.08  lr 7.56e-06
ep  82  it   750/1563  loss 0.00016  recon 0.00016  kl 5.08  lr 7.53e-06
ep  82  it   800/1563  loss 0.00016  recon 0.00016  kl 5.08  lr 7.50e-06
ep  82  it   850/1563  loss 0.00016  recon 0.00016  kl 5.08  lr 7.48e-06
ep  82  it   900/1563  loss 0.00016  recon 0.00016  kl 5.08  lr 7.45e-06
ep  82  it   950/1563  loss 0.00016  recon 0.00016  kl 5.08  lr 7.42e-06
ep  82  it  1000/1563  loss 0.00016  recon 0.00016  kl 5.08  lr 7.40e-06
ep  82  it  1050/1563  loss 0.00016  recon 0.00016  kl 5.08  lr 7.37e-06
ep  82  it  1100/1563  loss 0.00016  recon 0.00016  kl 5.08  lr 7.34e-06
ep  82  it  1150/1563  loss 0.00016  recon 0.00016  kl 5.08  lr 7.32e-06
ep  82  it  1200/1563  loss 0.00016  recon 0.00016  kl 5.08  lr 7.29e-06
ep  82  it  1250/1563  loss 0.00016  recon 0.00016  kl 5.08  lr 7.26e-06
ep  82  it  1300/1563  loss 0.00016  recon 0.00016  kl 5.08  lr 7.24e-06
ep  82  it  1350/1563  loss 0.00016  recon 0.00016  kl 5.08  lr 7.21e-06
ep  82  it  1400/1563  loss 0.00016  recon 0.00016  kl 5.08  lr 7.19e-06
ep  82  it  1450/1563  loss 0.00016  recon 0.00016  kl 5.08  lr 7.16e-06
ep  82  it  1500/1563  loss 0.00016  recon 0.00016  kl 5.08  lr 7.13e-06
ep  82  it  1550/1563  loss 0.00016  recon 0.00016  kl 5.08  lr 7.11e-06
[epoch 82] loss=0.00016  recon=0.00016  kl=5.08  lr=7.10e-06  time=2.4 min
ep  83  it    50/1563  loss 0.00016  recon 0.00016  kl 5.07  lr 7.07e-06
ep  83  it   100/1563  loss 0.00016  recon 0.00016  kl 5.07  lr 7.05e-06
ep  83  it   150/1563  loss 0.00016  recon 0.00016  kl 5.07  lr 7.02e-06
ep  83  it   200/1563  loss 0.00016  recon 0.00016  kl 5.08  lr 7.00e-06
ep  83  it   250/1563  loss 0.00016  recon 0.00016  kl 5.08  lr 6.97e-06
ep  83  it   300/1563  loss 0.00016  recon 0.00016  kl 5.08  lr 6.95e-06
ep  83  it   350/1563  loss 0.00016  recon 0.00016  kl 5.08  lr 6.92e-06
ep  83  it   400/1563  loss 0.00016  recon 0.00016  kl 5.08  lr 6.89e-06
ep  83  it   450/1563  loss 0.00016  recon 0.00016  kl 5.08  lr 6.87e-06
ep  83  it   500/1563  loss 0.00016  recon 0.00016  kl 5.08  lr 6.84e-06
ep  83  it   550/1563  loss 0.00016  recon 0.00016  kl 5.08  lr 6.82e-06
ep  83  it   600/1563  loss 0.00016  recon 0.00016  kl 5.08  lr 6.79e-06
ep  83  it   650/1563  loss 0.00016  recon 0.00016  kl 5.08  lr 6.77e-06
ep  83  it   700/1563  loss 0.00016  recon 0.00016  kl 5.08  lr 6.74e-06
ep  83  it   750/1563  loss 0.00016  recon 0.00016  kl 5.08  lr 6.71e-06
ep  83  it   800/1563  loss 0.00016  recon 0.00016  kl 5.08  lr 6.69e-06
ep  83  it   850/1563  loss 0.00016  recon 0.00016  kl 5.08  lr 6.66e-06
ep  83  it   900/1563  loss 0.00016  recon 0.00016  kl 5.08  lr 6.64e-06
ep  83  it   950/1563  loss 0.00016  recon 0.00016  kl 5.08  lr 6.61e-06
ep  83  it  1000/1563  loss 0.00016  recon 0.00016  kl 5.08  lr 6.59e-06
ep  83  it  1050/1563  loss 0.00016  recon 0.00016  kl 5.08  lr 6.56e-06
ep  83  it  1100/1563  loss 0.00016  recon 0.00016  kl 5.08  lr 6.54e-06
ep  83  it  1150/1563  loss 0.00016  recon 0.00016  kl 5.08  lr 6.51e-06
ep  83  it  1200/1563  loss 0.00016  recon 0.00016  kl 5.08  lr 6.49e-06
ep  83  it  1250/1563  loss 0.00016  recon 0.00016  kl 5.08  lr 6.46e-06
ep  83  it  1300/1563  loss 0.00016  recon 0.00016  kl 5.08  lr 6.44e-06
ep  83  it  1350/1563  loss 0.00016  recon 0.00016  kl 5.08  lr 6.41e-06
ep  83  it  1400/1563  loss 0.00016  recon 0.00016  kl 5.08  lr 6.39e-06
ep  83  it  1450/1563  loss 0.00016  recon 0.00016  kl 5.08  lr 6.36e-06
ep  83  it  1500/1563  loss 0.00016  recon 0.00016  kl 5.08  lr 6.34e-06
ep  83  it  1550/1563  loss 0.00016  recon 0.00016  kl 5.08  lr 6.31e-06
[epoch 83] loss=0.00016  recon=0.00016  kl=5.08  lr=6.31e-06  time=2.3 min
ep  84  it    50/1563  loss 0.00016  recon 0.00016  kl 5.09  lr 6.28e-06
ep  84  it   100/1563  loss 0.00016  recon 0.00016  kl 5.09  lr 6.26e-06
ep  84  it   150/1563  loss 0.00016  recon 0.00016  kl 5.09  lr 6.23e-06
ep  84  it   200/1563  loss 0.00016  recon 0.00016  kl 5.09  lr 6.21e-06
ep  84  it   250/1563  loss 0.00016  recon 0.00016  kl 5.09  lr 6.18e-06
ep  84  it   300/1563  loss 0.00016  recon 0.00016  kl 5.08  lr 6.16e-06
ep  84  it   350/1563  loss 0.00016  recon 0.00016  kl 5.08  lr 6.14e-06
ep  84  it   400/1563  loss 0.00016  recon 0.00016  kl 5.08  lr 6.11e-06
ep  84  it   450/1563  loss 0.00016  recon 0.00016  kl 5.08  lr 6.09e-06
ep  84  it   500/1563  loss 0.00016  recon 0.00016  kl 5.08  lr 6.06e-06
ep  84  it   550/1563  loss 0.00016  recon 0.00016  kl 5.08  lr 6.04e-06
ep  84  it   600/1563  loss 0.00016  recon 0.00016  kl 5.08  lr 6.01e-06
ep  84  it   650/1563  loss 0.00016  recon 0.00016  kl 5.08  lr 5.99e-06
ep  84  it   700/1563  loss 0.00016  recon 0.00016  kl 5.08  lr 5.97e-06
ep  84  it   750/1563  loss 0.00016  recon 0.00016  kl 5.08  lr 5.94e-06
ep  84  it   800/1563  loss 0.00016  recon 0.00016  kl 5.08  lr 5.92e-06
ep  84  it   850/1563  loss 0.00016  recon 0.00016  kl 5.08  lr 5.89e-06
ep  84  it   900/1563  loss 0.00016  recon 0.00016  kl 5.08  lr 5.87e-06
ep  84  it   950/1563  loss 0.00016  recon 0.00016  kl 5.08  lr 5.85e-06
ep  84  it  1000/1563  loss 0.00016  recon 0.00016  kl 5.08  lr 5.82e-06
ep  84  it  1050/1563  loss 0.00016  recon 0.00016  kl 5.08  lr 5.80e-06
ep  84  it  1100/1563  loss 0.00016  recon 0.00016  kl 5.08  lr 5.78e-06
ep  84  it  1150/1563  loss 0.00016  recon 0.00016  kl 5.08  lr 5.75e-06
ep  84  it  1200/1563  loss 0.00016  recon 0.00016  kl 5.08  lr 5.73e-06
ep  84  it  1250/1563  loss 0.00016  recon 0.00016  kl 5.08  lr 5.70e-06
ep  84  it  1300/1563  loss 0.00016  recon 0.00016  kl 5.08  lr 5.68e-06
ep  84  it  1350/1563  loss 0.00016  recon 0.00016  kl 5.08  lr 5.66e-06
ep  84  it  1400/1563  loss 0.00016  recon 0.00016  kl 5.08  lr 5.63e-06
ep  84  it  1450/1563  loss 0.00016  recon 0.00016  kl 5.08  lr 5.61e-06
ep  84  it  1500/1563  loss 0.00016  recon 0.00016  kl 5.08  lr 5.59e-06
ep  84  it  1550/1563  loss 0.00016  recon 0.00016  kl 5.08  lr 5.56e-06
[epoch 84] loss=0.00016  recon=0.00016  kl=5.08  lr=5.56e-06  time=2.3 min
ep  85  it    50/1563  loss 0.00016  recon 0.00016  kl 5.09  lr 5.53e-06
ep  85  it   100/1563  loss 0.00016  recon 0.00016  kl 5.08  lr 5.51e-06
ep  85  it   150/1563  loss 0.00016  recon 0.00016  kl 5.08  lr 5.49e-06
ep  85  it   200/1563  loss 0.00016  recon 0.00016  kl 5.08  lr 5.47e-06
ep  85  it   250/1563  loss 0.00016  recon 0.00016  kl 5.08  lr 5.44e-06
ep  85  it   300/1563  loss 0.00016  recon 0.00016  kl 5.08  lr 5.42e-06
ep  85  it   350/1563  loss 0.00016  recon 0.00016  kl 5.09  lr 5.40e-06
ep  85  it   400/1563  loss 0.00016  recon 0.00016  kl 5.08  lr 5.37e-06
ep  85  it   450/1563  loss 0.00016  recon 0.00016  kl 5.08  lr 5.35e-06
ep  85  it   500/1563  loss 0.00016  recon 0.00016  kl 5.08  lr 5.33e-06
ep  85  it   550/1563  loss 0.00016  recon 0.00016  kl 5.08  lr 5.31e-06
ep  85  it   600/1563  loss 0.00016  recon 0.00016  kl 5.08  lr 5.28e-06
ep  85  it   650/1563  loss 0.00016  recon 0.00016  kl 5.08  lr 5.26e-06
ep  85  it   700/1563  loss 0.00016  recon 0.00016  kl 5.08  lr 5.24e-06
ep  85  it   750/1563  loss 0.00016  recon 0.00016  kl 5.08  lr 5.21e-06
ep  85  it   800/1563  loss 0.00016  recon 0.00016  kl 5.08  lr 5.19e-06
ep  85  it   850/1563  loss 0.00016  recon 0.00016  kl 5.08  lr 5.17e-06
ep  85  it   900/1563  loss 0.00016  recon 0.00016  kl 5.08  lr 5.15e-06
ep  85  it   950/1563  loss 0.00016  recon 0.00016  kl 5.08  lr 5.12e-06
ep  85  it  1000/1563  loss 0.00016  recon 0.00016  kl 5.08  lr 5.10e-06
ep  85  it  1050/1563  loss 0.00016  recon 0.00016  kl 5.08  lr 5.08e-06
ep  85  it  1100/1563  loss 0.00016  recon 0.00016  kl 5.08  lr 5.06e-06
ep  85  it  1150/1563  loss 0.00016  recon 0.00016  kl 5.08  lr 5.04e-06
ep  85  it  1200/1563  loss 0.00016  recon 0.00016  kl 5.08  lr 5.01e-06
ep  85  it  1250/1563  loss 0.00016  recon 0.00016  kl 5.08  lr 4.99e-06
ep  85  it  1300/1563  loss 0.00016  recon 0.00016  kl 5.08  lr 4.97e-06
ep  85  it  1350/1563  loss 0.00016  recon 0.00016  kl 5.08  lr 4.95e-06
ep  85  it  1400/1563  loss 0.00016  recon 0.00016  kl 5.08  lr 4.93e-06
ep  85  it  1450/1563  loss 0.00016  recon 0.00016  kl 5.08  lr 4.90e-06
ep  85  it  1500/1563  loss 0.00016  recon 0.00016  kl 5.08  lr 4.88e-06
ep  85  it  1550/1563  loss 0.00016  recon 0.00016  kl 5.08  lr 4.86e-06
[epoch 85] loss=0.00016  recon=0.00016  kl=5.08  lr=4.85e-06  time=2.3 min
ep  86  it    50/1563  loss 0.00016  recon 0.00015  kl 5.07  lr 4.83e-06
ep  86  it   100/1563  loss 0.00016  recon 0.00015  kl 5.08  lr 4.81e-06
ep  86  it   150/1563  loss 0.00016  recon 0.00016  kl 5.08  lr 4.79e-06
ep  86  it   200/1563  loss 0.00016  recon 0.00016  kl 5.08  lr 4.77e-06
ep  86  it   250/1563  loss 0.00016  recon 0.00016  kl 5.08  lr 4.75e-06
ep  86  it   300/1563  loss 0.00016  recon 0.00016  kl 5.08  lr 4.72e-06
ep  86  it   350/1563  loss 0.00016  recon 0.00016  kl 5.08  lr 4.70e-06
ep  86  it   400/1563  loss 0.00016  recon 0.00016  kl 5.08  lr 4.68e-06
ep  86  it   450/1563  loss 0.00016  recon 0.00016  kl 5.08  lr 4.66e-06
ep  86  it   500/1563  loss 0.00016  recon 0.00016  kl 5.08  lr 4.64e-06
ep  86  it   550/1563  loss 0.00016  recon 0.00016  kl 5.08  lr 4.62e-06
ep  86  it   600/1563  loss 0.00016  recon 0.00016  kl 5.08  lr 4.60e-06
ep  86  it   650/1563  loss 0.00016  recon 0.00016  kl 5.08  lr 4.57e-06
ep  86  it   700/1563  loss 0.00016  recon 0.00016  kl 5.08  lr 4.55e-06
ep  86  it   750/1563  loss 0.00016  recon 0.00016  kl 5.08  lr 4.53e-06
ep  86  it   800/1563  loss 0.00016  recon 0.00016  kl 5.08  lr 4.51e-06
ep  86  it   850/1563  loss 0.00016  recon 0.00016  kl 5.08  lr 4.49e-06
ep  86  it   900/1563  loss 0.00016  recon 0.00016  kl 5.08  lr 4.47e-06
ep  86  it   950/1563  loss 0.00016  recon 0.00016  kl 5.08  lr 4.45e-06
ep  86  it  1000/1563  loss 0.00016  recon 0.00016  kl 5.08  lr 4.43e-06
ep  86  it  1050/1563  loss 0.00016  recon 0.00016  kl 5.08  lr 4.41e-06
ep  86  it  1100/1563  loss 0.00016  recon 0.00016  kl 5.08  lr 4.39e-06
ep  86  it  1150/1563  loss 0.00016  recon 0.00016  kl 5.08  lr 4.36e-06
ep  86  it  1200/1563  loss 0.00016  recon 0.00016  kl 5.08  lr 4.34e-06
ep  86  it  1250/1563  loss 0.00016  recon 0.00016  kl 5.08  lr 4.32e-06
ep  86  it  1300/1563  loss 0.00016  recon 0.00016  kl 5.08  lr 4.30e-06
ep  86  it  1350/1563  loss 0.00016  recon 0.00016  kl 5.08  lr 4.28e-06
ep  86  it  1400/1563  loss 0.00016  recon 0.00016  kl 5.08  lr 4.26e-06
ep  86  it  1450/1563  loss 0.00016  recon 0.00016  kl 5.08  lr 4.24e-06
ep  86  it  1500/1563  loss 0.00016  recon 0.00016  kl 5.08  lr 4.22e-06
ep  86  it  1550/1563  loss 0.00016  recon 0.00016  kl 5.08  lr 4.20e-06
[epoch 86] loss=0.00016  recon=0.00016  kl=5.08  lr=4.19e-06  time=2.3 min
ep  87  it    50/1563  loss 0.00016  recon 0.00016  kl 5.09  lr 4.17e-06
ep  87  it   100/1563  loss 0.00016  recon 0.00016  kl 5.08  lr 4.15e-06
ep  87  it   150/1563  loss 0.00016  recon 0.00016  kl 5.08  lr 4.13e-06
ep  87  it   200/1563  loss 0.00016  recon 0.00016  kl 5.08  lr 4.11e-06
ep  87  it   250/1563  loss 0.00016  recon 0.00016  kl 5.09  lr 4.09e-06
ep  87  it   300/1563  loss 0.00016  recon 0.00016  kl 5.08  lr 4.07e-06
ep  87  it   350/1563  loss 0.00016  recon 0.00016  kl 5.08  lr 4.05e-06
ep  87  it   400/1563  loss 0.00016  recon 0.00016  kl 5.09  lr 4.03e-06
ep  87  it   450/1563  loss 0.00016  recon 0.00016  kl 5.09  lr 4.01e-06
ep  87  it   500/1563  loss 0.00016  recon 0.00016  kl 5.09  lr 3.99e-06
ep  87  it   550/1563  loss 0.00016  recon 0.00016  kl 5.09  lr 3.97e-06
ep  87  it   600/1563  loss 0.00016  recon 0.00016  kl 5.09  lr 3.95e-06
ep  87  it   650/1563  loss 0.00016  recon 0.00016  kl 5.09  lr 3.93e-06
ep  87  it   700/1563  loss 0.00016  recon 0.00016  kl 5.09  lr 3.91e-06
ep  87  it   750/1563  loss 0.00016  recon 0.00016  kl 5.09  lr 3.89e-06
ep  87  it   800/1563  loss 0.00016  recon 0.00016  kl 5.09  lr 3.88e-06
ep  87  it   850/1563  loss 0.00016  recon 0.00016  kl 5.09  lr 3.86e-06
ep  87  it   900/1563  loss 0.00016  recon 0.00016  kl 5.09  lr 3.84e-06
ep  87  it   950/1563  loss 0.00016  recon 0.00016  kl 5.09  lr 3.82e-06
ep  87  it  1000/1563  loss 0.00016  recon 0.00016  kl 5.09  lr 3.80e-06
ep  87  it  1050/1563  loss 0.00016  recon 0.00016  kl 5.09  lr 3.78e-06
ep  87  it  1100/1563  loss 0.00016  recon 0.00016  kl 5.09  lr 3.76e-06
ep  87  it  1150/1563  loss 0.00016  recon 0.00016  kl 5.09  lr 3.74e-06
ep  87  it  1200/1563  loss 0.00016  recon 0.00016  kl 5.09  lr 3.72e-06
ep  87  it  1250/1563  loss 0.00016  recon 0.00016  kl 5.09  lr 3.70e-06
ep  87  it  1300/1563  loss 0.00016  recon 0.00016  kl 5.09  lr 3.68e-06
ep  87  it  1350/1563  loss 0.00016  recon 0.00016  kl 5.09  lr 3.66e-06
ep  87  it  1400/1563  loss 0.00016  recon 0.00016  kl 5.09  lr 3.64e-06
ep  87  it  1450/1563  loss 0.00016  recon 0.00016  kl 5.09  lr 3.62e-06
ep  87  it  1500/1563  loss 0.00016  recon 0.00016  kl 5.09  lr 3.61e-06
ep  87  it  1550/1563  loss 0.00016  recon 0.00016  kl 5.09  lr 3.59e-06
[epoch 87] loss=0.00016  recon=0.00016  kl=5.09  lr=3.58e-06  time=2.3 min
ep  88  it    50/1563  loss 0.00017  recon 0.00016  kl 5.09  lr 3.56e-06
ep  88  it   100/1563  loss 0.00016  recon 0.00016  kl 5.09  lr 3.54e-06
ep  88  it   150/1563  loss 0.00016  recon 0.00016  kl 5.09  lr 3.53e-06
ep  88  it   200/1563  loss 0.00016  recon 0.00016  kl 5.09  lr 3.51e-06
ep  88  it   250/1563  loss 0.00016  recon 0.00016  kl 5.09  lr 3.49e-06
ep  88  it   300/1563  loss 0.00016  recon 0.00016  kl 5.09  lr 3.47e-06
ep  88  it   350/1563  loss 0.00016  recon 0.00016  kl 5.09  lr 3.45e-06
ep  88  it   400/1563  loss 0.00016  recon 0.00016  kl 5.09  lr 3.43e-06
ep  88  it   450/1563  loss 0.00016  recon 0.00016  kl 5.09  lr 3.41e-06
ep  88  it   500/1563  loss 0.00016  recon 0.00016  kl 5.09  lr 3.40e-06
ep  88  it   550/1563  loss 0.00016  recon 0.00016  kl 5.09  lr 3.38e-06
ep  88  it   600/1563  loss 0.00016  recon 0.00016  kl 5.09  lr 3.36e-06
ep  88  it   650/1563  loss 0.00016  recon 0.00016  kl 5.09  lr 3.34e-06
ep  88  it   700/1563  loss 0.00016  recon 0.00016  kl 5.09  lr 3.32e-06
ep  88  it   750/1563  loss 0.00016  recon 0.00016  kl 5.09  lr 3.30e-06
ep  88  it   800/1563  loss 0.00016  recon 0.00016  kl 5.09  lr 3.29e-06
ep  88  it   850/1563  loss 0.00016  recon 0.00016  kl 5.09  lr 3.27e-06
ep  88  it   900/1563  loss 0.00016  recon 0.00016  kl 5.09  lr 3.25e-06
ep  88  it   950/1563  loss 0.00016  recon 0.00016  kl 5.09  lr 3.23e-06
ep  88  it  1000/1563  loss 0.00016  recon 0.00016  kl 5.09  lr 3.21e-06
ep  88  it  1050/1563  loss 0.00016  recon 0.00016  kl 5.09  lr 3.20e-06
ep  88  it  1100/1563  loss 0.00016  recon 0.00016  kl 5.09  lr 3.18e-06
ep  88  it  1150/1563  loss 0.00016  recon 0.00016  kl 5.09  lr 3.16e-06
ep  88  it  1200/1563  loss 0.00016  recon 0.00016  kl 5.09  lr 3.14e-06
ep  88  it  1250/1563  loss 0.00016  recon 0.00016  kl 5.09  lr 3.12e-06
ep  88  it  1300/1563  loss 0.00016  recon 0.00016  kl 5.09  lr 3.11e-06
ep  88  it  1350/1563  loss 0.00016  recon 0.00016  kl 5.09  lr 3.09e-06
ep  88  it  1400/1563  loss 0.00016  recon 0.00016  kl 5.09  lr 3.07e-06
ep  88  it  1450/1563  loss 0.00016  recon 0.00016  kl 5.09  lr 3.05e-06
ep  88  it  1500/1563  loss 0.00016  recon 0.00016  kl 5.09  lr 3.04e-06
ep  88  it  1550/1563  loss 0.00016  recon 0.00016  kl 5.09  lr 3.02e-06
[epoch 88] loss=0.00016  recon=0.00016  kl=5.09  lr=3.02e-06  time=2.3 min
ep  89  it    50/1563  loss 0.00016  recon 0.00015  kl 5.08  lr 3.00e-06
ep  89  it   100/1563  loss 0.00016  recon 0.00015  kl 5.08  lr 2.98e-06
ep  89  it   150/1563  loss 0.00016  recon 0.00015  kl 5.08  lr 2.96e-06
ep  89  it   200/1563  loss 0.00016  recon 0.00015  kl 5.08  lr 2.95e-06
ep  89  it   250/1563  loss 0.00016  recon 0.00015  kl 5.08  lr 2.93e-06
ep  89  it   300/1563  loss 0.00016  recon 0.00015  kl 5.08  lr 2.91e-06
ep  89  it   350/1563  loss 0.00016  recon 0.00015  kl 5.08  lr 2.90e-06
ep  89  it   400/1563  loss 0.00016  recon 0.00016  kl 5.09  lr 2.88e-06
ep  89  it   450/1563  loss 0.00016  recon 0.00016  kl 5.08  lr 2.86e-06
ep  89  it   500/1563  loss 0.00016  recon 0.00016  kl 5.09  lr 2.84e-06
ep  89  it   550/1563  loss 0.00016  recon 0.00016  kl 5.09  lr 2.83e-06
ep  89  it   600/1563  loss 0.00016  recon 0.00016  kl 5.09  lr 2.81e-06
ep  89  it   650/1563  loss 0.00016  recon 0.00016  kl 5.09  lr 2.79e-06
ep  89  it   700/1563  loss 0.00016  recon 0.00016  kl 5.09  lr 2.78e-06
ep  89  it   750/1563  loss 0.00016  recon 0.00016  kl 5.09  lr 2.76e-06
ep  89  it   800/1563  loss 0.00016  recon 0.00016  kl 5.09  lr 2.74e-06
ep  89  it   850/1563  loss 0.00016  recon 0.00016  kl 5.09  lr 2.73e-06
ep  89  it   900/1563  loss 0.00016  recon 0.00016  kl 5.09  lr 2.71e-06
ep  89  it   950/1563  loss 0.00016  recon 0.00016  kl 5.09  lr 2.69e-06
ep  89  it  1000/1563  loss 0.00016  recon 0.00016  kl 5.09  lr 2.68e-06
ep  89  it  1050/1563  loss 0.00016  recon 0.00016  kl 5.09  lr 2.66e-06
ep  89  it  1100/1563  loss 0.00016  recon 0.00016  kl 5.09  lr 2.65e-06
ep  89  it  1150/1563  loss 0.00016  recon 0.00016  kl 5.09  lr 2.63e-06
ep  89  it  1200/1563  loss 0.00016  recon 0.00016  kl 5.09  lr 2.61e-06
ep  89  it  1250/1563  loss 0.00016  recon 0.00016  kl 5.09  lr 2.60e-06
ep  89  it  1300/1563  loss 0.00016  recon 0.00016  kl 5.09  lr 2.58e-06
ep  89  it  1350/1563  loss 0.00016  recon 0.00016  kl 5.09  lr 2.56e-06
ep  89  it  1400/1563  loss 0.00016  recon 0.00016  kl 5.09  lr 2.55e-06
ep  89  it  1450/1563  loss 0.00016  recon 0.00016  kl 5.09  lr 2.53e-06
ep  89  it  1500/1563  loss 0.00016  recon 0.00016  kl 5.09  lr 2.52e-06
ep  89  it  1550/1563  loss 0.00016  recon 0.00016  kl 5.09  lr 2.50e-06
[epoch 89] loss=0.00016  recon=0.00016  kl=5.09  lr=2.50e-06  time=2.3 min
ep  90  it    50/1563  loss 0.00016  recon 0.00015  kl 5.09  lr 2.48e-06
ep  90  it   100/1563  loss 0.00016  recon 0.00015  kl 5.09  lr 2.46e-06
ep  90  it   150/1563  loss 0.00016  recon 0.00016  kl 5.09  lr 2.45e-06
ep  90  it   200/1563  loss 0.00016  recon 0.00016  kl 5.09  lr 2.43e-06
ep  90  it   250/1563  loss 0.00016  recon 0.00016  kl 5.09  lr 2.42e-06
ep  90  it   300/1563  loss 0.00016  recon 0.00016  kl 5.09  lr 2.40e-06
ep  90  it   350/1563  loss 0.00016  recon 0.00016  kl 5.09  lr 2.39e-06
ep  90  it   400/1563  loss 0.00016  recon 0.00016  kl 5.09  lr 2.37e-06
ep  90  it   450/1563  loss 0.00016  recon 0.00016  kl 5.09  lr 2.36e-06
ep  90  it   500/1563  loss 0.00016  recon 0.00016  kl 5.09  lr 2.34e-06
ep  90  it   550/1563  loss 0.00016  recon 0.00016  kl 5.09  lr 2.33e-06
ep  90  it   600/1563  loss 0.00016  recon 0.00016  kl 5.09  lr 2.31e-06
ep  90  it   650/1563  loss 0.00016  recon 0.00016  kl 5.09  lr 2.29e-06
ep  90  it   700/1563  loss 0.00016  recon 0.00016  kl 5.09  lr 2.28e-06
ep  90  it   750/1563  loss 0.00016  recon 0.00016  kl 5.09  lr 2.26e-06
ep  90  it   800/1563  loss 0.00016  recon 0.00016  kl 5.09  lr 2.25e-06
ep  90  it   850/1563  loss 0.00016  recon 0.00016  kl 5.09  lr 2.23e-06
ep  90  it   900/1563  loss 0.00016  recon 0.00016  kl 5.09  lr 2.22e-06
ep  90  it   950/1563  loss 0.00016  recon 0.00016  kl 5.09  lr 2.20e-06
ep  90  it  1000/1563  loss 0.00016  recon 0.00016  kl 5.09  lr 2.19e-06
ep  90  it  1050/1563  loss 0.00016  recon 0.00016  kl 5.09  lr 2.17e-06
ep  90  it  1100/1563  loss 0.00016  recon 0.00016  kl 5.09  lr 2.16e-06
ep  90  it  1150/1563  loss 0.00016  recon 0.00016  kl 5.09  lr 2.15e-06
ep  90  it  1200/1563  loss 0.00016  recon 0.00016  kl 5.09  lr 2.13e-06
ep  90  it  1250/1563  loss 0.00016  recon 0.00016  kl 5.09  lr 2.12e-06
ep  90  it  1300/1563  loss 0.00016  recon 0.00016  kl 5.09  lr 2.10e-06
ep  90  it  1350/1563  loss 0.00016  recon 0.00016  kl 5.09  lr 2.09e-06
ep  90  it  1400/1563  loss 0.00016  recon 0.00016  kl 5.09  lr 2.07e-06
ep  90  it  1450/1563  loss 0.00016  recon 0.00016  kl 5.09  lr 2.06e-06
ep  90  it  1500/1563  loss 0.00016  recon 0.00016  kl 5.09  lr 2.04e-06
ep  90  it  1550/1563  loss 0.00016  recon 0.00016  kl 5.09  lr 2.03e-06
[epoch 90] loss=0.00016  recon=0.00016  kl=5.09  lr=2.03e-06  time=2.3 min
ep  91  it    50/1563  loss 0.00016  recon 0.00015  kl 5.08  lr 2.01e-06
ep  91  it   100/1563  loss 0.00016  recon 0.00015  kl 5.08  lr 2.00e-06
ep  91  it   150/1563  loss 0.00016  recon 0.00015  kl 5.08  lr 1.98e-06
ep  91  it   200/1563  loss 0.00016  recon 0.00015  kl 5.08  lr 1.97e-06
ep  91  it   250/1563  loss 0.00016  recon 0.00015  kl 5.08  lr 1.95e-06
ep  91  it   300/1563  loss 0.00016  recon 0.00015  kl 5.08  lr 1.94e-06
ep  91  it   350/1563  loss 0.00016  recon 0.00015  kl 5.09  lr 1.93e-06
ep  91  it   400/1563  loss 0.00016  recon 0.00015  kl 5.09  lr 1.91e-06
ep  91  it   450/1563  loss 0.00016  recon 0.00015  kl 5.08  lr 1.90e-06
ep  91  it   500/1563  loss 0.00016  recon 0.00015  kl 5.09  lr 1.88e-06
ep  91  it   550/1563  loss 0.00016  recon 0.00015  kl 5.09  lr 1.87e-06
ep  91  it   600/1563  loss 0.00016  recon 0.00015  kl 5.09  lr 1.86e-06
ep  91  it   650/1563  loss 0.00016  recon 0.00015  kl 5.09  lr 1.84e-06
ep  91  it   700/1563  loss 0.00016  recon 0.00015  kl 5.09  lr 1.83e-06
ep  91  it   750/1563  loss 0.00016  recon 0.00015  kl 5.09  lr 1.82e-06
ep  91  it   800/1563  loss 0.00016  recon 0.00015  kl 5.09  lr 1.80e-06
ep  91  it   850/1563  loss 0.00016  recon 0.00016  kl 5.09  lr 1.79e-06
ep  91  it   900/1563  loss 0.00016  recon 0.00016  kl 5.09  lr 1.78e-06
ep  91  it   950/1563  loss 0.00016  recon 0.00016  kl 5.09  lr 1.76e-06
ep  91  it  1000/1563  loss 0.00016  recon 0.00016  kl 5.09  lr 1.75e-06
ep  91  it  1050/1563  loss 0.00016  recon 0.00016  kl 5.09  lr 1.74e-06
ep  91  it  1100/1563  loss 0.00016  recon 0.00016  kl 5.09  lr 1.72e-06
ep  91  it  1150/1563  loss 0.00016  recon 0.00016  kl 5.09  lr 1.71e-06
ep  91  it  1200/1563  loss 0.00016  recon 0.00016  kl 5.09  lr 1.70e-06
ep  91  it  1250/1563  loss 0.00016  recon 0.00016  kl 5.09  lr 1.68e-06
ep  91  it  1300/1563  loss 0.00016  recon 0.00016  kl 5.09  lr 1.67e-06
ep  91  it  1350/1563  loss 0.00016  recon 0.00016  kl 5.09  lr 1.66e-06
ep  91  it  1400/1563  loss 0.00016  recon 0.00016  kl 5.09  lr 1.64e-06
ep  91  it  1450/1563  loss 0.00016  recon 0.00016  kl 5.09  lr 1.63e-06
ep  91  it  1500/1563  loss 0.00016  recon 0.00016  kl 5.09  lr 1.62e-06
ep  91  it  1550/1563  loss 0.00016  recon 0.00016  kl 5.09  lr 1.61e-06
[epoch 91] loss=0.00016  recon=0.00016  kl=5.09  lr=1.60e-06  time=2.3 min
ep  92  it    50/1563  loss 0.00016  recon 0.00016  kl 5.09  lr 1.59e-06
ep  92  it   100/1563  loss 0.00016  recon 0.00015  kl 5.09  lr 1.58e-06
ep  92  it   150/1563  loss 0.00016  recon 0.00016  kl 5.09  lr 1.56e-06
ep  92  it   200/1563  loss 0.00016  recon 0.00016  kl 5.09  lr 1.55e-06
ep  92  it   250/1563  loss 0.00016  recon 0.00016  kl 5.09  lr 1.54e-06
ep  92  it   300/1563  loss 0.00016  recon 0.00016  kl 5.09  lr 1.53e-06
ep  92  it   350/1563  loss 0.00016  recon 0.00016  kl 5.09  lr 1.51e-06
ep  92  it   400/1563  loss 0.00016  recon 0.00016  kl 5.09  lr 1.50e-06
ep  92  it   450/1563  loss 0.00016  recon 0.00016  kl 5.09  lr 1.49e-06
ep  92  it   500/1563  loss 0.00016  recon 0.00016  kl 5.09  lr 1.48e-06
ep  92  it   550/1563  loss 0.00016  recon 0.00016  kl 5.09  lr 1.47e-06
ep  92  it   600/1563  loss 0.00016  recon 0.00016  kl 5.09  lr 1.45e-06
ep  92  it   650/1563  loss 0.00016  recon 0.00016  kl 5.09  lr 1.44e-06
ep  92  it   700/1563  loss 0.00016  recon 0.00016  kl 5.09  lr 1.43e-06
ep  92  it   750/1563  loss 0.00016  recon 0.00015  kl 5.09  lr 1.42e-06
ep  92  it   800/1563  loss 0.00016  recon 0.00015  kl 5.09  lr 1.40e-06
ep  92  it   850/1563  loss 0.00016  recon 0.00016  kl 5.09  lr 1.39e-06
ep  92  it   900/1563  loss 0.00016  recon 0.00016  kl 5.09  lr 1.38e-06
ep  92  it   950/1563  loss 0.00016  recon 0.00016  kl 5.09  lr 1.37e-06
ep  92  it  1000/1563  loss 0.00016  recon 0.00016  kl 5.09  lr 1.36e-06
ep  92  it  1050/1563  loss 0.00016  recon 0.00016  kl 5.09  lr 1.35e-06
ep  92  it  1100/1563  loss 0.00016  recon 0.00016  kl 5.09  lr 1.33e-06
ep  92  it  1150/1563  loss 0.00016  recon 0.00016  kl 5.09  lr 1.32e-06
ep  92  it  1200/1563  loss 0.00016  recon 0.00016  kl 5.09  lr 1.31e-06
ep  92  it  1250/1563  loss 0.00016  recon 0.00016  kl 5.09  lr 1.30e-06
ep  92  it  1300/1563  loss 0.00016  recon 0.00016  kl 5.09  lr 1.29e-06
ep  92  it  1350/1563  loss 0.00016  recon 0.00015  kl 5.09  lr 1.28e-06
ep  92  it  1400/1563  loss 0.00016  recon 0.00016  kl 5.09  lr 1.27e-06
ep  92  it  1450/1563  loss 0.00016  recon 0.00016  kl 5.09  lr 1.25e-06
ep  92  it  1500/1563  loss 0.00016  recon 0.00016  kl 5.09  lr 1.24e-06
ep  92  it  1550/1563  loss 0.00016  recon 0.00016  kl 5.09  lr 1.23e-06
[epoch 92] loss=0.00016  recon=0.00016  kl=5.09  lr=1.23e-06  time=2.3 min
ep  93  it    50/1563  loss 0.00016  recon 0.00016  kl 5.09  lr 1.22e-06
ep  93  it   100/1563  loss 0.00016  recon 0.00015  kl 5.09  lr 1.21e-06
ep  93  it   150/1563  loss 0.00016  recon 0.00016  kl 5.09  lr 1.20e-06
ep  93  it   200/1563  loss 0.00016  recon 0.00016  kl 5.09  lr 1.18e-06
ep  93  it   250/1563  loss 0.00016  recon 0.00015  kl 5.09  lr 1.17e-06
ep  93  it   300/1563  loss 0.00016  recon 0.00016  kl 5.09  lr 1.16e-06
ep  93  it   350/1563  loss 0.00016  recon 0.00016  kl 5.09  lr 1.15e-06
ep  93  it   400/1563  loss 0.00016  recon 0.00015  kl 5.09  lr 1.14e-06
ep  93  it   450/1563  loss 0.00016  recon 0.00015  kl 5.09  lr 1.13e-06
ep  93  it   500/1563  loss 0.00016  recon 0.00015  kl 5.09  lr 1.12e-06
ep  93  it   550/1563  loss 0.00016  recon 0.00015  kl 5.09  lr 1.11e-06
ep  93  it   600/1563  loss 0.00016  recon 0.00015  kl 5.09  lr 1.10e-06
ep  93  it   650/1563  loss 0.00016  recon 0.00015  kl 5.09  lr 1.09e-06
ep  93  it   700/1563  loss 0.00016  recon 0.00015  kl 5.09  lr 1.08e-06
ep  93  it   750/1563  loss 0.00016  recon 0.00015  kl 5.09  lr 1.07e-06
ep  93  it   800/1563  loss 0.00016  recon 0.00015  kl 5.09  lr 1.06e-06
ep  93  it   850/1563  loss 0.00016  recon 0.00015  kl 5.09  lr 1.05e-06
ep  93  it   900/1563  loss 0.00016  recon 0.00015  kl 5.09  lr 1.04e-06
ep  93  it   950/1563  loss 0.00016  recon 0.00015  kl 5.09  lr 1.03e-06
ep  93  it  1000/1563  loss 0.00016  recon 0.00015  kl 5.09  lr 1.01e-06
ep  93  it  1050/1563  loss 0.00016  recon 0.00015  kl 5.09  lr 1.00e-06
ep  93  it  1100/1563  loss 0.00016  recon 0.00015  kl 5.09  lr 9.95e-07
ep  93  it  1150/1563  loss 0.00016  recon 0.00015  kl 5.09  lr 9.85e-07
ep  93  it  1200/1563  loss 0.00016  recon 0.00015  kl 5.09  lr 9.75e-07
ep  93  it  1250/1563  loss 0.00016  recon 0.00015  kl 5.09  lr 9.65e-07
ep  93  it  1300/1563  loss 0.00016  recon 0.00016  kl 5.09  lr 9.55e-07
ep  93  it  1350/1563  loss 0.00016  recon 0.00015  kl 5.09  lr 9.45e-07
ep  93  it  1400/1563  loss 0.00016  recon 0.00015  kl 5.09  lr 9.35e-07
ep  93  it  1450/1563  loss 0.00016  recon 0.00015  kl 5.09  lr 9.25e-07
ep  93  it  1500/1563  loss 0.00016  recon 0.00015  kl 5.09  lr 9.16e-07
ep  93  it  1550/1563  loss 0.00016  recon 0.00015  kl 5.09  lr 9.06e-07
[epoch 93] loss=0.00016  recon=0.00015  kl=5.09  lr=9.04e-07  time=2.3 min
ep  94  it    50/1563  loss 0.00016  recon 0.00016  kl 5.09  lr 8.94e-07
ep  94  it   100/1563  loss 0.00016  recon 0.00015  kl 5.09  lr 8.84e-07
ep  94  it   150/1563  loss 0.00016  recon 0.00015  kl 5.09  lr 8.75e-07
ep  94  it   200/1563  loss 0.00016  recon 0.00015  kl 5.09  lr 8.66e-07
ep  94  it   250/1563  loss 0.00016  recon 0.00016  kl 5.09  lr 8.56e-07
ep  94  it   300/1563  loss 0.00016  recon 0.00015  kl 5.09  lr 8.47e-07
ep  94  it   350/1563  loss 0.00016  recon 0.00015  kl 5.09  lr 8.38e-07
ep  94  it   400/1563  loss 0.00016  recon 0.00015  kl 5.09  lr 8.28e-07
ep  94  it   450/1563  loss 0.00016  recon 0.00015  kl 5.09  lr 8.19e-07
ep  94  it   500/1563  loss 0.00016  recon 0.00015  kl 5.09  lr 8.10e-07
ep  94  it   550/1563  loss 0.00016  recon 0.00015  kl 5.09  lr 8.01e-07
ep  94  it   600/1563  loss 0.00016  recon 0.00016  kl 5.09  lr 7.92e-07
ep  94  it   650/1563  loss 0.00016  recon 0.00016  kl 5.09  lr 7.83e-07
ep  94  it   700/1563  loss 0.00016  recon 0.00016  kl 5.09  lr 7.74e-07
ep  94  it   750/1563  loss 0.00016  recon 0.00016  kl 5.09  lr 7.65e-07
ep  94  it   800/1563  loss 0.00016  recon 0.00015  kl 5.09  lr 7.56e-07
ep  94  it   850/1563  loss 0.00016  recon 0.00015  kl 5.09  lr 7.48e-07
ep  94  it   900/1563  loss 0.00016  recon 0.00015  kl 5.09  lr 7.39e-07
ep  94  it   950/1563  loss 0.00016  recon 0.00015  kl 5.09  lr 7.30e-07
ep  94  it  1000/1563  loss 0.00016  recon 0.00016  kl 5.09  lr 7.22e-07
ep  94  it  1050/1563  loss 0.00016  recon 0.00016  kl 5.09  lr 7.13e-07
ep  94  it  1100/1563  loss 0.00016  recon 0.00015  kl 5.09  lr 7.04e-07
ep  94  it  1150/1563  loss 0.00016  recon 0.00016  kl 5.09  lr 6.96e-07
ep  94  it  1200/1563  loss 0.00016  recon 0.00015  kl 5.09  lr 6.88e-07
ep  94  it  1250/1563  loss 0.00016  recon 0.00016  kl 5.09  lr 6.79e-07
ep  94  it  1300/1563  loss 0.00016  recon 0.00016  kl 5.09  lr 6.71e-07
ep  94  it  1350/1563  loss 0.00016  recon 0.00015  kl 5.09  lr 6.63e-07
ep  94  it  1400/1563  loss 0.00016  recon 0.00015  kl 5.09  lr 6.54e-07
ep  94  it  1450/1563  loss 0.00016  recon 0.00015  kl 5.09  lr 6.46e-07
ep  94  it  1500/1563  loss 0.00016  recon 0.00015  kl 5.09  lr 6.38e-07
ep  94  it  1550/1563  loss 0.00016  recon 0.00015  kl 5.09  lr 6.30e-07
[epoch 94] loss=0.00016  recon=0.00015  kl=5.09  lr=6.28e-07  time=2.3 min
ep  95  it    50/1563  loss 0.00016  recon 0.00015  kl 5.09  lr 6.20e-07
ep  95  it   100/1563  loss 0.00016  recon 0.00015  kl 5.09  lr 6.12e-07
ep  95  it   150/1563  loss 0.00016  recon 0.00015  kl 5.08  lr 6.04e-07
ep  95  it   200/1563  loss 0.00016  recon 0.00015  kl 5.09  lr 5.96e-07
ep  95  it   250/1563  loss 0.00016  recon 0.00015  kl 5.09  lr 5.89e-07
ep  95  it   300/1563  loss 0.00016  recon 0.00015  kl 5.09  lr 5.81e-07
ep  95  it   350/1563  loss 0.00016  recon 0.00015  kl 5.09  lr 5.73e-07
ep  95  it   400/1563  loss 0.00016  recon 0.00015  kl 5.09  lr 5.66e-07
ep  95  it   450/1563  loss 0.00016  recon 0.00015  kl 5.09  lr 5.58e-07
ep  95  it   500/1563  loss 0.00016  recon 0.00015  kl 5.09  lr 5.50e-07
ep  95  it   550/1563  loss 0.00016  recon 0.00015  kl 5.09  lr 5.43e-07
ep  95  it   600/1563  loss 0.00016  recon 0.00015  kl 5.09  lr 5.35e-07
ep  95  it   650/1563  loss 0.00016  recon 0.00015  kl 5.09  lr 5.28e-07
ep  95  it   700/1563  loss 0.00016  recon 0.00015  kl 5.09  lr 5.21e-07
ep  95  it   750/1563  loss 0.00016  recon 0.00015  kl 5.09  lr 5.13e-07
ep  95  it   800/1563  loss 0.00016  recon 0.00015  kl 5.09  lr 5.06e-07
ep  95  it   850/1563  loss 0.00016  recon 0.00015  kl 5.09  lr 4.99e-07
ep  95  it   900/1563  loss 0.00016  recon 0.00015  kl 5.09  lr 4.92e-07
ep  95  it   950/1563  loss 0.00016  recon 0.00015  kl 5.09  lr 4.85e-07
ep  95  it  1000/1563  loss 0.00016  recon 0.00015  kl 5.09  lr 4.78e-07
ep  95  it  1050/1563  loss 0.00016  recon 0.00015  kl 5.09  lr 4.71e-07
ep  95  it  1100/1563  loss 0.00016  recon 0.00015  kl 5.09  lr 4.64e-07
ep  95  it  1150/1563  loss 0.00016  recon 0.00015  kl 5.09  lr 4.57e-07
ep  95  it  1200/1563  loss 0.00016  recon 0.00015  kl 5.09  lr 4.50e-07
ep  95  it  1250/1563  loss 0.00016  recon 0.00015  kl 5.09  lr 4.43e-07
ep  95  it  1300/1563  loss 0.00016  recon 0.00015  kl 5.09  lr 4.37e-07
ep  95  it  1350/1563  loss 0.00016  recon 0.00015  kl 5.09  lr 4.30e-07
ep  95  it  1400/1563  loss 0.00016  recon 0.00015  kl 5.09  lr 4.23e-07
ep  95  it  1450/1563  loss 0.00016  recon 0.00015  kl 5.09  lr 4.17e-07
ep  95  it  1500/1563  loss 0.00016  recon 0.00015  kl 5.09  lr 4.10e-07
ep  95  it  1550/1563  loss 0.00016  recon 0.00015  kl 5.09  lr 4.04e-07
[epoch 95] loss=0.00016  recon=0.00015  kl=5.09  lr=4.02e-07  time=2.3 min
ep  96  it    50/1563  loss 0.00016  recon 0.00015  kl 5.08  lr 3.96e-07
ep  96  it   100/1563  loss 0.00016  recon 0.00015  kl 5.09  lr 3.90e-07
ep  96  it   150/1563  loss 0.00016  recon 0.00015  kl 5.09  lr 3.83e-07
ep  96  it   200/1563  loss 0.00016  recon 0.00015  kl 5.09  lr 3.77e-07
ep  96  it   250/1563  loss 0.00016  recon 0.00015  kl 5.09  lr 3.71e-07
ep  96  it   300/1563  loss 0.00016  recon 0.00015  kl 5.09  lr 3.65e-07
ep  96  it   350/1563  loss 0.00016  recon 0.00015  kl 5.09  lr 3.59e-07
ep  96  it   400/1563  loss 0.00016  recon 0.00015  kl 5.09  lr 3.52e-07
ep  96  it   450/1563  loss 0.00016  recon 0.00015  kl 5.09  lr 3.47e-07
ep  96  it   500/1563  loss 0.00016  recon 0.00015  kl 5.09  lr 3.41e-07
ep  96  it   550/1563  loss 0.00016  recon 0.00015  kl 5.09  lr 3.35e-07
ep  96  it   600/1563  loss 0.00016  recon 0.00015  kl 5.09  lr 3.29e-07
ep  96  it   650/1563  loss 0.00016  recon 0.00015  kl 5.09  lr 3.23e-07
ep  96  it   700/1563  loss 0.00016  recon 0.00015  kl 5.09  lr 3.17e-07
ep  96  it   750/1563  loss 0.00016  recon 0.00015  kl 5.09  lr 3.12e-07
ep  96  it   800/1563  loss 0.00016  recon 0.00015  kl 5.09  lr 3.06e-07
ep  96  it   850/1563  loss 0.00016  recon 0.00015  kl 5.09  lr 3.00e-07
ep  96  it   900/1563  loss 0.00016  recon 0.00015  kl 5.09  lr 2.95e-07
ep  96  it   950/1563  loss 0.00016  recon 0.00015  kl 5.09  lr 2.89e-07
ep  96  it  1000/1563  loss 0.00016  recon 0.00015  kl 5.09  lr 2.84e-07
ep  96  it  1050/1563  loss 0.00016  recon 0.00015  kl 5.09  lr 2.79e-07
ep  96  it  1100/1563  loss 0.00016  recon 0.00015  kl 5.09  lr 2.73e-07
ep  96  it  1150/1563  loss 0.00016  recon 0.00015  kl 5.09  lr 2.68e-07
ep  96  it  1200/1563  loss 0.00016  recon 0.00015  kl 5.09  lr 2.63e-07
ep  96  it  1250/1563  loss 0.00016  recon 0.00015  kl 5.09  lr 2.58e-07
ep  96  it  1300/1563  loss 0.00016  recon 0.00015  kl 5.09  lr 2.52e-07
ep  96  it  1350/1563  loss 0.00016  recon 0.00015  kl 5.09  lr 2.47e-07
ep  96  it  1400/1563  loss 0.00016  recon 0.00015  kl 5.09  lr 2.42e-07
ep  96  it  1450/1563  loss 0.00016  recon 0.00015  kl 5.09  lr 2.37e-07
ep  96  it  1500/1563  loss 0.00016  recon 0.00015  kl 5.09  lr 2.33e-07
ep  96  it  1550/1563  loss 0.00016  recon 0.00015  kl 5.09  lr 2.28e-07
[epoch 96] loss=0.00016  recon=0.00015  kl=5.09  lr=2.26e-07  time=2.3 min
ep  97  it    50/1563  loss 0.00016  recon 0.00016  kl 5.09  lr 2.22e-07
ep  97  it   100/1563  loss 0.00016  recon 0.00015  kl 5.09  lr 2.17e-07
ep  97  it   150/1563  loss 0.00016  recon 0.00016  kl 5.10  lr 2.12e-07
ep  97  it   200/1563  loss 0.00016  recon 0.00015  kl 5.09  lr 2.08e-07
ep  97  it   250/1563  loss 0.00016  recon 0.00016  kl 5.10  lr 2.03e-07
ep  97  it   300/1563  loss 0.00016  recon 0.00016  kl 5.09  lr 1.98e-07
ep  97  it   350/1563  loss 0.00016  recon 0.00015  kl 5.09  lr 1.94e-07
ep  97  it   400/1563  loss 0.00016  recon 0.00015  kl 5.09  lr 1.89e-07
ep  97  it   450/1563  loss 0.00016  recon 0.00015  kl 5.09  lr 1.85e-07
ep  97  it   500/1563  loss 0.00016  recon 0.00015  kl 5.09  lr 1.81e-07
ep  97  it   550/1563  loss 0.00016  recon 0.00015  kl 5.09  lr 1.76e-07
ep  97  it   600/1563  loss 0.00016  recon 0.00015  kl 5.09  lr 1.72e-07
ep  97  it   650/1563  loss 0.00016  recon 0.00015  kl 5.09  lr 1.68e-07
ep  97  it   700/1563  loss 0.00016  recon 0.00015  kl 5.09  lr 1.64e-07
ep  97  it   750/1563  loss 0.00016  recon 0.00015  kl 5.09  lr 1.60e-07
ep  97  it   800/1563  loss 0.00016  recon 0.00015  kl 5.09  lr 1.56e-07
ep  97  it   850/1563  loss 0.00016  recon 0.00015  kl 5.09  lr 1.52e-07
ep  97  it   900/1563  loss 0.00016  recon 0.00015  kl 5.09  lr 1.48e-07
ep  97  it   950/1563  loss 0.00016  recon 0.00015  kl 5.09  lr 1.44e-07
ep  97  it  1000/1563  loss 0.00016  recon 0.00015  kl 5.09  lr 1.40e-07
ep  97  it  1050/1563  loss 0.00016  recon 0.00015  kl 5.09  lr 1.36e-07
ep  97  it  1100/1563  loss 0.00016  recon 0.00015  kl 5.09  lr 1.33e-07
ep  97  it  1150/1563  loss 0.00016  recon 0.00015  kl 5.09  lr 1.29e-07
ep  97  it  1200/1563  loss 0.00016  recon 0.00015  kl 5.09  lr 1.25e-07
ep  97  it  1250/1563  loss 0.00016  recon 0.00015  kl 5.09  lr 1.22e-07
ep  97  it  1300/1563  loss 0.00016  recon 0.00015  kl 5.09  lr 1.18e-07
ep  97  it  1350/1563  loss 0.00016  recon 0.00015  kl 5.09  lr 1.15e-07
ep  97  it  1400/1563  loss 0.00016  recon 0.00015  kl 5.09  lr 1.11e-07
ep  97  it  1450/1563  loss 0.00016  recon 0.00015  kl 5.09  lr 1.08e-07
ep  97  it  1500/1563  loss 0.00016  recon 0.00015  kl 5.09  lr 1.05e-07
ep  97  it  1550/1563  loss 0.00016  recon 0.00015  kl 5.09  lr 1.02e-07
[epoch 97] loss=0.00016  recon=0.00015  kl=5.09  lr=1.01e-07  time=2.3 min
ep  98  it    50/1563  loss 0.00016  recon 0.00015  kl 5.08  lr 9.75e-08
ep  98  it   100/1563  loss 0.00016  recon 0.00015  kl 5.08  lr 9.43e-08
ep  98  it   150/1563  loss 0.00016  recon 0.00015  kl 5.09  lr 9.12e-08
ep  98  it   200/1563  loss 0.00016  recon 0.00015  kl 5.09  lr 8.82e-08
ep  98  it   250/1563  loss 0.00016  recon 0.00015  kl 5.09  lr 8.52e-08
ep  98  it   300/1563  loss 0.00016  recon 0.00015  kl 5.09  lr 8.23e-08
ep  98  it   350/1563  loss 0.00016  recon 0.00015  kl 5.09  lr 7.94e-08
ep  98  it   400/1563  loss 0.00016  recon 0.00015  kl 5.09  lr 7.66e-08
ep  98  it   450/1563  loss 0.00016  recon 0.00015  kl 5.09  lr 7.38e-08
ep  98  it   500/1563  loss 0.00016  recon 0.00015  kl 5.09  lr 7.10e-08
ep  98  it   550/1563  loss 0.00016  recon 0.00015  kl 5.09  lr 6.84e-08
ep  98  it   600/1563  loss 0.00016  recon 0.00015  kl 5.09  lr 6.57e-08
ep  98  it   650/1563  loss 0.00016  recon 0.00015  kl 5.09  lr 6.32e-08
ep  98  it   700/1563  loss 0.00016  recon 0.00015  kl 5.09  lr 6.06e-08
ep  98  it   750/1563  loss 0.00016  recon 0.00015  kl 5.09  lr 5.82e-08
ep  98  it   800/1563  loss 0.00016  recon 0.00015  kl 5.09  lr 5.57e-08
ep  98  it   850/1563  loss 0.00016  recon 0.00015  kl 5.09  lr 5.34e-08
ep  98  it   900/1563  loss 0.00016  recon 0.00015  kl 5.09  lr 5.11e-08
ep  98  it   950/1563  loss 0.00016  recon 0.00015  kl 5.09  lr 4.88e-08
ep  98  it  1000/1563  loss 0.00016  recon 0.00015  kl 5.09  lr 4.66e-08
ep  98  it  1050/1563  loss 0.00016  recon 0.00015  kl 5.09  lr 4.44e-08
ep  98  it  1100/1563  loss 0.00016  recon 0.00015  kl 5.09  lr 4.23e-08
ep  98  it  1150/1563  loss 0.00016  recon 0.00015  kl 5.09  lr 4.02e-08
ep  98  it  1200/1563  loss 0.00016  recon 0.00015  kl 5.09  lr 3.82e-08
ep  98  it  1250/1563  loss 0.00016  recon 0.00015  kl 5.09  lr 3.63e-08
ep  98  it  1300/1563  loss 0.00016  recon 0.00015  kl 5.09  lr 3.44e-08
ep  98  it  1350/1563  loss 0.00016  recon 0.00015  kl 5.09  lr 3.25e-08
ep  98  it  1400/1563  loss 0.00016  recon 0.00015  kl 5.09  lr 3.07e-08
ep  98  it  1450/1563  loss 0.00016  recon 0.00015  kl 5.09  lr 2.89e-08
ep  98  it  1500/1563  loss 0.00016  recon 0.00015  kl 5.09  lr 2.72e-08
ep  98  it  1550/1563  loss 0.00016  recon 0.00015  kl 5.09  lr 2.56e-08
[epoch 98] loss=0.00016  recon=0.00015  kl=5.09  lr=2.52e-08  time=2.3 min
ep  99  it    50/1563  loss 0.00016  recon 0.00015  kl 5.09  lr 2.36e-08
ep  99  it   100/1563  loss 0.00016  recon 0.00015  kl 5.09  lr 2.21e-08
ep  99  it   150/1563  loss 0.00016  recon 0.00015  kl 5.09  lr 2.06e-08
ep  99  it   200/1563  loss 0.00016  recon 0.00015  kl 5.09  lr 1.91e-08
ep  99  it   250/1563  loss 0.00016  recon 0.00015  kl 5.09  lr 1.78e-08
ep  99  it   300/1563  loss 0.00016  recon 0.00015  kl 5.09  lr 1.64e-08
ep  99  it   350/1563  loss 0.00016  recon 0.00015  kl 5.09  lr 1.52e-08
ep  99  it   400/1563  loss 0.00016  recon 0.00015  kl 5.09  lr 1.39e-08
ep  99  it   450/1563  loss 0.00016  recon 0.00015  kl 5.09  lr 1.28e-08
ep  99  it   500/1563  loss 0.00016  recon 0.00015  kl 5.09  lr 1.16e-08
ep  99  it   550/1563  loss 0.00016  recon 0.00015  kl 5.09  lr 1.06e-08
ep  99  it   600/1563  loss 0.00016  recon 0.00015  kl 5.09  lr 9.56e-09
ep  99  it   650/1563  loss 0.00016  recon 0.00015  kl 5.09  lr 8.59e-09
ep  99  it   700/1563  loss 0.00016  recon 0.00015  kl 5.09  lr 7.67e-09
ep  99  it   750/1563  loss 0.00016  recon 0.00015  kl 5.09  lr 6.81e-09
ep  99  it   800/1563  loss 0.00016  recon 0.00015  kl 5.09  lr 6.00e-09
ep  99  it   850/1563  loss 0.00016  recon 0.00015  kl 5.09  lr 5.24e-09
ep  99  it   900/1563  loss 0.00016  recon 0.00015  kl 5.09  lr 4.53e-09
ep  99  it   950/1563  loss 0.00016  recon 0.00015  kl 5.09  lr 3.87e-09
ep  99  it  1000/1563  loss 0.00016  recon 0.00015  kl 5.09  lr 3.27e-09
ep  99  it  1050/1563  loss 0.00016  recon 0.00015  kl 5.09  lr 2.71e-09
ep  99  it  1100/1563  loss 0.00016  recon 0.00015  kl 5.09  lr 2.21e-09
ep  99  it  1150/1563  loss 0.00016  recon 0.00015  kl 5.09  lr 1.76e-09
ep  99  it  1200/1563  loss 0.00016  recon 0.00015  kl 5.09  lr 1.36e-09
ep  99  it  1250/1563  loss 0.00016  recon 0.00015  kl 5.09  lr 1.01e-09
ep  99  it  1300/1563  loss 0.00016  recon 0.00015  kl 5.09  lr 7.13e-10
ep  99  it  1350/1563  loss 0.00016  recon 0.00015  kl 5.09  lr 4.68e-10
ep  99  it  1400/1563  loss 0.00016  recon 0.00015  kl 5.09  lr 2.74e-10
ep  99  it  1450/1563  loss 0.00016  recon 0.00015  kl 5.09  lr 1.32e-10
ep  99  it  1500/1563  loss 0.00016  recon 0.00015  kl 5.09  lr 4.09e-11
ep  99  it  1550/1563  loss 0.00016  recon 0.00015  kl 5.09  lr 1.74e-12
[epoch 99] loss=0.00016  recon=0.00015  kl=5.09  lr=0.00e+00  time=2.3 min
[done] VAE training complete.
================================
exit code : 0
Thu Apr 23 05:29:12 IST 2026
================================
