================================
PBS jobid : 884013.pbshpc
node list : aice009.hpc.iitd.ac.in
workdir   : /home/maths/btech/mt1230785/scratch/col775_a2_hpc
Wed Apr 22 19:45:28 IST 2026
================================
Wed Apr 22 19:45:37 2026       
+---------------------------------------------------------------------------------------+
| NVIDIA-SMI 535.129.03             Driver Version: 535.129.03   CUDA Version: 12.2     |
|-----------------------------------------+----------------------+----------------------+
| GPU  Name                 Persistence-M | Bus-Id        Disp.A | Volatile Uncorr. ECC |
| Fan  Temp   Perf          Pwr:Usage/Cap |         Memory-Usage | GPU-Util  Compute M. |
|                                         |                      |               MIG M. |
|=========================================+======================+======================|
|   0  NVIDIA A100-PCIE-40GB          Off | 00000000:C0:00.0 Off |                    0 |
| N/A   38C    P0              40W / 250W |      4MiB / 40960MiB |      4%      Default |
|                                         |                      |             Disabled |
+-----------------------------------------+----------------------+----------------------+
                                                                                         
+---------------------------------------------------------------------------------------+
| Processes:                                                                            |
|  GPU   GI   CI        PID   Type   Process name                            GPU Memory |
|        ID   ID                                                             Usage      |
|=======================================================================================|
|  No running processes found                                                           |
+---------------------------------------------------------------------------------------+
[data] 100004 images
[data] steps/epoch=781  total_steps=78100
[resume] no checkpoint found, training from scratch
ep   0  it    50/781  loss 8.3621  lr 6.40e-06  τ_t 0.040  m 0.9960
ep   0  it   100/781  loss 8.3634  lr 1.28e-05  τ_t 0.040  m 0.9960
ep   0  it   150/781  loss 8.3611  lr 1.92e-05  τ_t 0.040  m 0.9960
ep   0  it   200/781  loss 8.3572  lr 2.56e-05  τ_t 0.040  m 0.9960
ep   0  it   250/781  loss 8.3496  lr 3.20e-05  τ_t 0.040  m 0.9960
ep   0  it   300/781  loss 8.3382  lr 3.84e-05  τ_t 0.040  m 0.9960
ep   0  it   350/781  loss 8.3237  lr 4.48e-05  τ_t 0.040  m 0.9960
ep   0  it   400/781  loss 8.3097  lr 5.12e-05  τ_t 0.040  m 0.9960
ep   0  it   450/781  loss 8.2954  lr 5.76e-05  τ_t 0.040  m 0.9960
ep   0  it   500/781  loss 8.2802  lr 6.40e-05  τ_t 0.040  m 0.9960
ep   0  it   550/781  loss 8.2646  lr 7.04e-05  τ_t 0.040  m 0.9960
ep   0  it   600/781  loss 8.2480  lr 7.68e-05  τ_t 0.040  m 0.9960
ep   0  it   650/781  loss 8.2299  lr 8.32e-05  τ_t 0.040  m 0.9960
ep   0  it   700/781  loss 8.2089  lr 8.96e-05  τ_t 0.040  m 0.9960
ep   0  it   750/781  loss 8.1805  lr 9.60e-05  τ_t 0.040  m 0.9960
[epoch 0] avg_loss=8.1590  lr=1.00e-04  τ_t=0.040  m=0.9960  time=11.4 min
ep   1  it    50/781  loss 7.2375  lr 1.06e-04  τ_t 0.041  m 0.9960
ep   1  it   100/781  loss 7.0656  lr 1.13e-04  τ_t 0.041  m 0.9960
ep   1  it   150/781  loss 7.0613  lr 1.19e-04  τ_t 0.041  m 0.9960
ep   1  it   200/781  loss 7.1074  lr 1.26e-04  τ_t 0.041  m 0.9960
ep   1  it   250/781  loss 7.1614  lr 1.32e-04  τ_t 0.041  m 0.9960
ep   1  it   300/781  loss 7.2137  lr 1.38e-04  τ_t 0.041  m 0.9960
ep   1  it   350/781  loss 7.2582  lr 1.45e-04  τ_t 0.041  m 0.9960
ep   1  it   400/781  loss 7.2976  lr 1.51e-04  τ_t 0.041  m 0.9960
ep   1  it   450/781  loss 7.3275  lr 1.58e-04  τ_t 0.041  m 0.9960
ep   1  it   500/781  loss 7.3537  lr 1.64e-04  τ_t 0.041  m 0.9960
ep   1  it   550/781  loss 7.3761  lr 1.70e-04  τ_t 0.041  m 0.9960
ep   1  it   600/781  loss 7.3943  lr 1.77e-04  τ_t 0.041  m 0.9960
ep   1  it   650/781  loss 7.4079  lr 1.83e-04  τ_t 0.041  m 0.9960
ep   1  it   700/781  loss 7.4191  lr 1.90e-04  τ_t 0.041  m 0.9960
ep   1  it   750/781  loss 7.4287  lr 1.96e-04  τ_t 0.041  m 0.9960
[epoch 1] avg_loss=7.4324  lr=2.00e-04  τ_t=0.041  m=0.9960  time=7.5 min
ep   2  it    50/781  loss 7.5405  lr 2.06e-04  τ_t 0.042  m 0.9960
ep   2  it   100/781  loss 7.5331  lr 2.13e-04  τ_t 0.042  m 0.9960
ep   2  it   150/781  loss 7.5309  lr 2.19e-04  τ_t 0.042  m 0.9960
ep   2  it   200/781  loss 7.5234  lr 2.26e-04  τ_t 0.042  m 0.9960
ep   2  it   250/781  loss 7.5099  lr 2.32e-04  τ_t 0.042  m 0.9960
ep   2  it   300/781  loss 7.4928  lr 2.38e-04  τ_t 0.042  m 0.9960
ep   2  it   350/781  loss 7.4749  lr 2.45e-04  τ_t 0.042  m 0.9960
ep   2  it   400/781  loss 7.4577  lr 2.51e-04  τ_t 0.042  m 0.9960
ep   2  it   450/781  loss 7.4417  lr 2.58e-04  τ_t 0.042  m 0.9960
ep   2  it   500/781  loss 7.4252  lr 2.64e-04  τ_t 0.042  m 0.9960
ep   2  it   550/781  loss 7.4066  lr 2.70e-04  τ_t 0.042  m 0.9960
ep   2  it   600/781  loss 7.3862  lr 2.77e-04  τ_t 0.042  m 0.9960
ep   2  it   650/781  loss 7.3681  lr 2.83e-04  τ_t 0.042  m 0.9960
ep   2  it   700/781  loss 7.3484  lr 2.90e-04  τ_t 0.042  m 0.9960
ep   2  it   750/781  loss 7.3271  lr 2.96e-04  τ_t 0.042  m 0.9960
[epoch 2] avg_loss=7.3144  lr=3.00e-04  τ_t=0.042  m=0.9960  time=7.5 min
ep   3  it    50/781  loss 7.0214  lr 3.06e-04  τ_t 0.043  m 0.9960
ep   3  it   100/781  loss 6.9902  lr 3.13e-04  τ_t 0.043  m 0.9960
ep   3  it   150/781  loss 6.9709  lr 3.19e-04  τ_t 0.043  m 0.9960
ep   3  it   200/781  loss 6.9477  lr 3.26e-04  τ_t 0.043  m 0.9960
ep   3  it   250/781  loss 6.9243  lr 3.32e-04  τ_t 0.043  m 0.9960
ep   3  it   300/781  loss 6.9062  lr 3.38e-04  τ_t 0.043  m 0.9960
ep   3  it   350/781  loss 6.8838  lr 3.45e-04  τ_t 0.043  m 0.9960
ep   3  it   400/781  loss 6.8651  lr 3.51e-04  τ_t 0.043  m 0.9960
ep   3  it   450/781  loss 6.8449  lr 3.58e-04  τ_t 0.043  m 0.9960
ep   3  it   500/781  loss 6.8219  lr 3.64e-04  τ_t 0.043  m 0.9960
ep   3  it   550/781  loss 6.8029  lr 3.70e-04  τ_t 0.043  m 0.9960
ep   3  it   600/781  loss 6.7831  lr 3.77e-04  τ_t 0.043  m 0.9960
ep   3  it   650/781  loss 6.7606  lr 3.83e-04  τ_t 0.043  m 0.9960
ep   3  it   700/781  loss 6.7419  lr 3.90e-04  τ_t 0.043  m 0.9960
ep   3  it   750/781  loss 6.7216  lr 3.96e-04  τ_t 0.043  m 0.9960
[epoch 3] avg_loss=6.7093  lr=4.00e-04  τ_t=0.043  m=0.9960  time=7.5 min
ep   4  it    50/781  loss 6.4230  lr 4.06e-04  τ_t 0.044  m 0.9960
ep   4  it   100/781  loss 6.4184  lr 4.13e-04  τ_t 0.044  m 0.9960
ep   4  it   150/781  loss 6.3983  lr 4.19e-04  τ_t 0.044  m 0.9960
ep   4  it   200/781  loss 6.3827  lr 4.26e-04  τ_t 0.044  m 0.9960
ep   4  it   250/781  loss 6.3695  lr 4.32e-04  τ_t 0.044  m 0.9960
ep   4  it   300/781  loss 6.3493  lr 4.38e-04  τ_t 0.044  m 0.9960
ep   4  it   350/781  loss 6.3356  lr 4.45e-04  τ_t 0.044  m 0.9960
ep   4  it   400/781  loss 6.3174  lr 4.51e-04  τ_t 0.044  m 0.9960
ep   4  it   450/781  loss 6.3017  lr 4.58e-04  τ_t 0.044  m 0.9960
ep   4  it   500/781  loss 6.2861  lr 4.64e-04  τ_t 0.044  m 0.9960
ep   4  it   550/781  loss 6.2689  lr 4.70e-04  τ_t 0.044  m 0.9960
ep   4  it   600/781  loss 6.2513  lr 4.77e-04  τ_t 0.044  m 0.9960
ep   4  it   650/781  loss 6.2358  lr 4.83e-04  τ_t 0.044  m 0.9960
ep   4  it   700/781  loss 6.2220  lr 4.90e-04  τ_t 0.044  m 0.9960
ep   4  it   750/781  loss 6.2052  lr 4.96e-04  τ_t 0.044  m 0.9960
[epoch 4] avg_loss=6.1971  lr=5.00e-04  τ_t=0.044  m=0.9960  time=7.5 min
ep   5  it    50/781  loss 5.9776  lr 5.00e-04  τ_t 0.045  m 0.9960
ep   5  it   100/781  loss 5.9614  lr 5.00e-04  τ_t 0.045  m 0.9960
ep   5  it   150/781  loss 5.9428  lr 5.00e-04  τ_t 0.045  m 0.9960
ep   5  it   200/781  loss 5.9316  lr 5.00e-04  τ_t 0.045  m 0.9960
ep   5  it   250/781  loss 5.9101  lr 5.00e-04  τ_t 0.045  m 0.9960
ep   5  it   300/781  loss 5.8979  lr 5.00e-04  τ_t 0.045  m 0.9960
ep   5  it   350/781  loss 5.8765  lr 5.00e-04  τ_t 0.045  m 0.9960
ep   5  it   400/781  loss 5.8624  lr 5.00e-04  τ_t 0.045  m 0.9960
ep   5  it   450/781  loss 5.8423  lr 5.00e-04  τ_t 0.045  m 0.9960
ep   5  it   500/781  loss 5.8295  lr 5.00e-04  τ_t 0.045  m 0.9960
ep   5  it   550/781  loss 5.8152  lr 5.00e-04  τ_t 0.045  m 0.9960
ep   5  it   600/781  loss 5.7983  lr 5.00e-04  τ_t 0.045  m 0.9960
ep   5  it   650/781  loss 5.7825  lr 5.00e-04  τ_t 0.045  m 0.9960
ep   5  it   700/781  loss 5.7676  lr 5.00e-04  τ_t 0.045  m 0.9960
ep   5  it   750/781  loss 5.7540  lr 5.00e-04  τ_t 0.045  m 0.9960
[epoch 5] avg_loss=5.7428  lr=5.00e-04  τ_t=0.045  m=0.9960  time=7.5 min
ep   6  it    50/781  loss 5.5649  lr 5.00e-04  τ_t 0.046  m 0.9960
ep   6  it   100/781  loss 5.5418  lr 5.00e-04  τ_t 0.046  m 0.9960
ep   6  it   150/781  loss 5.5207  lr 5.00e-04  τ_t 0.046  m 0.9960
ep   6  it   200/781  loss 5.5008  lr 5.00e-04  τ_t 0.046  m 0.9960
ep   6  it   250/781  loss 5.4886  lr 5.00e-04  τ_t 0.046  m 0.9960
ep   6  it   300/781  loss 5.4778  lr 5.00e-04  τ_t 0.046  m 0.9960
ep   6  it   350/781  loss 5.4603  lr 5.00e-04  τ_t 0.046  m 0.9960
ep   6  it   400/781  loss 5.4454  lr 5.00e-04  τ_t 0.046  m 0.9960
ep   6  it   450/781  loss 5.4361  lr 5.00e-04  τ_t 0.046  m 0.9960
ep   6  it   500/781  loss 5.4244  lr 5.00e-04  τ_t 0.046  m 0.9960
ep   6  it   550/781  loss 5.4151  lr 5.00e-04  τ_t 0.046  m 0.9960
ep   6  it   600/781  loss 5.4059  lr 5.00e-04  τ_t 0.046  m 0.9960
ep   6  it   650/781  loss 5.3957  lr 5.00e-04  τ_t 0.046  m 0.9960
ep   6  it   700/781  loss 5.3860  lr 5.00e-04  τ_t 0.046  m 0.9960
ep   6  it   750/781  loss 5.3766  lr 4.99e-04  τ_t 0.046  m 0.9960
[epoch 6] avg_loss=5.3714  lr=4.99e-04  τ_t=0.046  m=0.9960  time=7.5 min
ep   7  it    50/781  loss 5.2693  lr 4.99e-04  τ_t 0.047  m 0.9960
ep   7  it   100/781  loss 5.2418  lr 4.99e-04  τ_t 0.047  m 0.9960
ep   7  it   150/781  loss 5.2298  lr 4.99e-04  τ_t 0.047  m 0.9961
ep   7  it   200/781  loss 5.2209  lr 4.99e-04  τ_t 0.047  m 0.9961
ep   7  it   250/781  loss 5.2110  lr 4.99e-04  τ_t 0.047  m 0.9961
ep   7  it   300/781  loss 5.1973  lr 4.99e-04  τ_t 0.047  m 0.9961
ep   7  it   350/781  loss 5.1835  lr 4.99e-04  τ_t 0.047  m 0.9961
ep   7  it   400/781  loss 5.1747  lr 4.99e-04  τ_t 0.047  m 0.9961
ep   7  it   450/781  loss 5.1621  lr 4.99e-04  τ_t 0.047  m 0.9961
ep   7  it   500/781  loss 5.1506  lr 4.99e-04  τ_t 0.047  m 0.9961
ep   7  it   550/781  loss 5.1412  lr 4.99e-04  τ_t 0.047  m 0.9961
ep   7  it   600/781  loss 5.1303  lr 4.99e-04  τ_t 0.047  m 0.9961
ep   7  it   650/781  loss 5.1191  lr 4.99e-04  τ_t 0.047  m 0.9961
ep   7  it   700/781  loss 5.1072  lr 4.99e-04  τ_t 0.047  m 0.9961
ep   7  it   750/781  loss 5.0962  lr 4.99e-04  τ_t 0.047  m 0.9961
[epoch 7] avg_loss=5.0911  lr=4.99e-04  τ_t=0.047  m=0.9961  time=7.5 min
ep   8  it    50/781  loss 4.9439  lr 4.99e-04  τ_t 0.048  m 0.9961
ep   8  it   100/781  loss 4.9309  lr 4.99e-04  τ_t 0.048  m 0.9961
ep   8  it   150/781  loss 4.9360  lr 4.99e-04  τ_t 0.048  m 0.9961
ep   8  it   200/781  loss 4.9134  lr 4.99e-04  τ_t 0.048  m 0.9961
ep   8  it   250/781  loss 4.9008  lr 4.98e-04  τ_t 0.048  m 0.9961
ep   8  it   300/781  loss 4.8966  lr 4.98e-04  τ_t 0.048  m 0.9961
ep   8  it   350/781  loss 4.8875  lr 4.98e-04  τ_t 0.048  m 0.9961
ep   8  it   400/781  loss 4.8763  lr 4.98e-04  τ_t 0.048  m 0.9961
ep   8  it   450/781  loss 4.8675  lr 4.98e-04  τ_t 0.048  m 0.9961
ep   8  it   500/781  loss 4.8592  lr 4.98e-04  τ_t 0.048  m 0.9961
ep   8  it   550/781  loss 4.8496  lr 4.98e-04  τ_t 0.048  m 0.9961
ep   8  it   600/781  loss 4.8417  lr 4.98e-04  τ_t 0.048  m 0.9961
ep   8  it   650/781  loss 4.8319  lr 4.98e-04  τ_t 0.048  m 0.9961
ep   8  it   700/781  loss 4.8224  lr 4.98e-04  τ_t 0.048  m 0.9961
ep   8  it   750/781  loss 4.8144  lr 4.98e-04  τ_t 0.048  m 0.9961
[epoch 8] avg_loss=4.8099  lr=4.98e-04  τ_t=0.048  m=0.9961  time=9.2 min
ep   9  it    50/781  loss 4.6666  lr 4.98e-04  τ_t 0.049  m 0.9961
ep   9  it   100/781  loss 4.6636  lr 4.98e-04  τ_t 0.049  m 0.9961
ep   9  it   150/781  loss 4.6674  lr 4.98e-04  τ_t 0.049  m 0.9961
ep   9  it   200/781  loss 4.6635  lr 4.98e-04  τ_t 0.049  m 0.9961
ep   9  it   250/781  loss 4.6572  lr 4.97e-04  τ_t 0.049  m 0.9961
ep   9  it   300/781  loss 4.6523  lr 4.97e-04  τ_t 0.049  m 0.9961
ep   9  it   350/781  loss 4.6447  lr 4.97e-04  τ_t 0.049  m 0.9961
ep   9  it   400/781  loss 4.6357  lr 4.97e-04  τ_t 0.049  m 0.9961
ep   9  it   450/781  loss 4.6297  lr 4.97e-04  τ_t 0.049  m 0.9961
ep   9  it   500/781  loss 4.6277  lr 4.97e-04  τ_t 0.049  m 0.9961
ep   9  it   550/781  loss 4.6209  lr 4.97e-04  τ_t 0.049  m 0.9961
ep   9  it   600/781  loss 4.6149  lr 4.97e-04  τ_t 0.049  m 0.9961
ep   9  it   650/781  loss 4.6072  lr 4.97e-04  τ_t 0.049  m 0.9961
ep   9  it   700/781  loss 4.6003  lr 4.97e-04  τ_t 0.049  m 0.9961
ep   9  it   750/781  loss 4.5938  lr 4.97e-04  τ_t 0.049  m 0.9961
[epoch 9] avg_loss=4.5906  lr=4.97e-04  τ_t=0.049  m=0.9961  time=7.7 min
ep  10  it    50/781  loss 4.5128  lr 4.97e-04  τ_t 0.050  m 0.9961
ep  10  it   100/781  loss 4.4967  lr 4.96e-04  τ_t 0.050  m 0.9961
ep  10  it   150/781  loss 4.4883  lr 4.96e-04  τ_t 0.050  m 0.9961
ep  10  it   200/781  loss 4.4814  lr 4.96e-04  τ_t 0.050  m 0.9961
ep  10  it   250/781  loss 4.4784  lr 4.96e-04  τ_t 0.050  m 0.9961
ep  10  it   300/781  loss 4.4667  lr 4.96e-04  τ_t 0.050  m 0.9961
ep  10  it   350/781  loss 4.4577  lr 4.96e-04  τ_t 0.050  m 0.9961
ep  10  it   400/781  loss 4.4501  lr 4.96e-04  τ_t 0.050  m 0.9961
ep  10  it   450/781  loss 4.4443  lr 4.96e-04  τ_t 0.050  m 0.9961
ep  10  it   500/781  loss 4.4396  lr 4.96e-04  τ_t 0.050  m 0.9961
ep  10  it   550/781  loss 4.4306  lr 4.96e-04  τ_t 0.050  m 0.9961
ep  10  it   600/781  loss 4.4239  lr 4.95e-04  τ_t 0.050  m 0.9961
ep  10  it   650/781  loss 4.4171  lr 4.95e-04  τ_t 0.050  m 0.9961
ep  10  it   700/781  loss 4.4115  lr 4.95e-04  τ_t 0.050  m 0.9961
ep  10  it   750/781  loss 4.4055  lr 4.95e-04  τ_t 0.050  m 0.9961
[epoch 10] avg_loss=4.4017  lr=4.95e-04  τ_t=0.050  m=0.9961  time=7.5 min
ep  11  it    50/781  loss 4.3236  lr 4.95e-04  τ_t 0.051  m 0.9961
ep  11  it   100/781  loss 4.3176  lr 4.95e-04  τ_t 0.051  m 0.9961
ep  11  it   150/781  loss 4.3015  lr 4.95e-04  τ_t 0.051  m 0.9961
ep  11  it   200/781  loss 4.2968  lr 4.95e-04  τ_t 0.051  m 0.9961
ep  11  it   250/781  loss 4.2932  lr 4.95e-04  τ_t 0.051  m 0.9961
ep  11  it   300/781  loss 4.2875  lr 4.94e-04  τ_t 0.051  m 0.9961
ep  11  it   350/781  loss 4.2810  lr 4.94e-04  τ_t 0.051  m 0.9961
ep  11  it   400/781  loss 4.2725  lr 4.94e-04  τ_t 0.051  m 0.9961
ep  11  it   450/781  loss 4.2663  lr 4.94e-04  τ_t 0.051  m 0.9961
ep  11  it   500/781  loss 4.2598  lr 4.94e-04  τ_t 0.051  m 0.9961
ep  11  it   550/781  loss 4.2530  lr 4.94e-04  τ_t 0.051  m 0.9961
ep  11  it   600/781  loss 4.2477  lr 4.94e-04  τ_t 0.051  m 0.9961
ep  11  it   650/781  loss 4.2431  lr 4.94e-04  τ_t 0.051  m 0.9961
ep  11  it   700/781  loss 4.2369  lr 4.94e-04  τ_t 0.051  m 0.9961
ep  11  it   750/781  loss 4.2347  lr 4.93e-04  τ_t 0.051  m 0.9961
[epoch 11] avg_loss=4.2295  lr=4.93e-04  τ_t=0.051  m=0.9961  time=7.5 min
ep  12  it    50/781  loss 4.1436  lr 4.93e-04  τ_t 0.052  m 0.9961
ep  12  it   100/781  loss 4.1280  lr 4.93e-04  τ_t 0.052  m 0.9961
ep  12  it   150/781  loss 4.1320  lr 4.93e-04  τ_t 0.052  m 0.9961
ep  12  it   200/781  loss 4.1265  lr 4.93e-04  τ_t 0.052  m 0.9961
ep  12  it   250/781  loss 4.1261  lr 4.93e-04  τ_t 0.052  m 0.9961
ep  12  it   300/781  loss 4.1237  lr 4.93e-04  τ_t 0.052  m 0.9961
ep  12  it   350/781  loss 4.1205  lr 4.92e-04  τ_t 0.052  m 0.9962
ep  12  it   400/781  loss 4.1175  lr 4.92e-04  τ_t 0.052  m 0.9962
ep  12  it   450/781  loss 4.1156  lr 4.92e-04  τ_t 0.052  m 0.9962
ep  12  it   500/781  loss 4.1114  lr 4.92e-04  τ_t 0.052  m 0.9962
ep  12  it   550/781  loss 4.1071  lr 4.92e-04  τ_t 0.052  m 0.9962
ep  12  it   600/781  loss 4.1028  lr 4.92e-04  τ_t 0.052  m 0.9962
ep  12  it   650/781  loss 4.0966  lr 4.92e-04  τ_t 0.052  m 0.9962
ep  12  it   700/781  loss 4.0934  lr 4.92e-04  τ_t 0.052  m 0.9962
ep  12  it   750/781  loss 4.0901  lr 4.91e-04  τ_t 0.052  m 0.9962
[epoch 12] avg_loss=4.0863  lr=4.91e-04  τ_t=0.052  m=0.9962  time=7.5 min
ep  13  it    50/781  loss 4.0339  lr 4.91e-04  τ_t 0.053  m 0.9962
ep  13  it   100/781  loss 4.0338  lr 4.91e-04  τ_t 0.053  m 0.9962
ep  13  it   150/781  loss 4.0308  lr 4.91e-04  τ_t 0.053  m 0.9962
ep  13  it   200/781  loss 4.0277  lr 4.91e-04  τ_t 0.053  m 0.9962
ep  13  it   250/781  loss 4.0251  lr 4.91e-04  τ_t 0.053  m 0.9962
ep  13  it   300/781  loss 4.0219  lr 4.90e-04  τ_t 0.053  m 0.9962
ep  13  it   350/781  loss 4.0116  lr 4.90e-04  τ_t 0.053  m 0.9962
ep  13  it   400/781  loss 4.0102  lr 4.90e-04  τ_t 0.053  m 0.9962
ep  13  it   450/781  loss 4.0057  lr 4.90e-04  τ_t 0.053  m 0.9962
ep  13  it   500/781  loss 4.0037  lr 4.90e-04  τ_t 0.053  m 0.9962
ep  13  it   550/781  loss 4.0001  lr 4.90e-04  τ_t 0.053  m 0.9962
ep  13  it   600/781  loss 3.9970  lr 4.90e-04  τ_t 0.053  m 0.9962
ep  13  it   650/781  loss 3.9943  lr 4.89e-04  τ_t 0.053  m 0.9962
ep  13  it   700/781  loss 3.9902  lr 4.89e-04  τ_t 0.053  m 0.9962
ep  13  it   750/781  loss 3.9865  lr 4.89e-04  τ_t 0.053  m 0.9962
[epoch 13] avg_loss=3.9838  lr=4.89e-04  τ_t=0.053  m=0.9962  time=7.5 min
ep  14  it    50/781  loss 3.9119  lr 4.89e-04  τ_t 0.054  m 0.9962
ep  14  it   100/781  loss 3.9044  lr 4.89e-04  τ_t 0.054  m 0.9962
ep  14  it   150/781  loss 3.9050  lr 4.89e-04  τ_t 0.054  m 0.9962
ep  14  it   200/781  loss 3.9025  lr 4.88e-04  τ_t 0.054  m 0.9962
ep  14  it   250/781  loss 3.9043  lr 4.88e-04  τ_t 0.054  m 0.9962
ep  14  it   300/781  loss 3.9048  lr 4.88e-04  τ_t 0.054  m 0.9962
ep  14  it   350/781  loss 3.9034  lr 4.88e-04  τ_t 0.054  m 0.9962
ep  14  it   400/781  loss 3.9039  lr 4.88e-04  τ_t 0.054  m 0.9962
ep  14  it   450/781  loss 3.8994  lr 4.88e-04  τ_t 0.054  m 0.9962
ep  14  it   500/781  loss 3.8940  lr 4.87e-04  τ_t 0.054  m 0.9962
ep  14  it   550/781  loss 3.8909  lr 4.87e-04  τ_t 0.054  m 0.9962
ep  14  it   600/781  loss 3.8861  lr 4.87e-04  τ_t 0.054  m 0.9962
ep  14  it   650/781  loss 3.8839  lr 4.87e-04  τ_t 0.054  m 0.9962
ep  14  it   700/781  loss 3.8839  lr 4.87e-04  τ_t 0.054  m 0.9962
ep  14  it   750/781  loss 3.8821  lr 4.87e-04  τ_t 0.054  m 0.9962
[epoch 14] avg_loss=3.8801  lr=4.86e-04  τ_t=0.054  m=0.9962  time=7.5 min
ep  15  it    50/781  loss 3.8360  lr 4.86e-04  τ_t 0.055  m 0.9962
ep  15  it   100/781  loss 3.8255  lr 4.86e-04  τ_t 0.055  m 0.9962
ep  15  it   150/781  loss 3.8202  lr 4.86e-04  τ_t 0.055  m 0.9962
ep  15  it   200/781  loss 3.8168  lr 4.86e-04  τ_t 0.055  m 0.9962
ep  15  it   250/781  loss 3.8158  lr 4.86e-04  τ_t 0.055  m 0.9962
ep  15  it   300/781  loss 3.8153  lr 4.85e-04  τ_t 0.055  m 0.9962
ep  15  it   350/781  loss 3.8149  lr 4.85e-04  τ_t 0.055  m 0.9962
ep  15  it   400/781  loss 3.8160  lr 4.85e-04  τ_t 0.055  m 0.9962
ep  15  it   450/781  loss 3.8114  lr 4.85e-04  τ_t 0.055  m 0.9962
ep  15  it   500/781  loss 3.8090  lr 4.85e-04  τ_t 0.055  m 0.9962
ep  15  it   550/781  loss 3.8088  lr 4.85e-04  τ_t 0.055  m 0.9962
ep  15  it   600/781  loss 3.8087  lr 4.84e-04  τ_t 0.055  m 0.9962
ep  15  it   650/781  loss 3.8060  lr 4.84e-04  τ_t 0.055  m 0.9962
ep  15  it   700/781  loss 3.8052  lr 4.84e-04  τ_t 0.055  m 0.9962
ep  15  it   750/781  loss 3.8045  lr 4.84e-04  τ_t 0.055  m 0.9962
[epoch 15] avg_loss=3.8029  lr=4.84e-04  τ_t=0.055  m=0.9962  time=7.5 min
ep  16  it    50/781  loss 3.7651  lr 4.83e-04  τ_t 0.056  m 0.9962
ep  16  it   100/781  loss 3.7694  lr 4.83e-04  τ_t 0.056  m 0.9963
ep  16  it   150/781  loss 3.7808  lr 4.83e-04  τ_t 0.056  m 0.9963
ep  16  it   200/781  loss 3.7773  lr 4.83e-04  τ_t 0.056  m 0.9963
ep  16  it   250/781  loss 3.7704  lr 4.83e-04  τ_t 0.056  m 0.9963
ep  16  it   300/781  loss 3.7649  lr 4.83e-04  τ_t 0.056  m 0.9963
ep  16  it   350/781  loss 3.7625  lr 4.82e-04  τ_t 0.056  m 0.9963
ep  16  it   400/781  loss 3.7620  lr 4.82e-04  τ_t 0.056  m 0.9963
ep  16  it   450/781  loss 3.7617  lr 4.82e-04  τ_t 0.056  m 0.9963
ep  16  it   500/781  loss 3.7599  lr 4.82e-04  τ_t 0.056  m 0.9963
ep  16  it   550/781  loss 3.7597  lr 4.82e-04  τ_t 0.056  m 0.9963
ep  16  it   600/781  loss 3.7555  lr 4.81e-04  τ_t 0.056  m 0.9963
ep  16  it   650/781  loss 3.7523  lr 4.81e-04  τ_t 0.056  m 0.9963
ep  16  it   700/781  loss 3.7503  lr 4.81e-04  τ_t 0.056  m 0.9963
ep  16  it   750/781  loss 3.7484  lr 4.81e-04  τ_t 0.056  m 0.9963
[epoch 16] avg_loss=3.7485  lr=4.81e-04  τ_t=0.056  m=0.9963  time=7.5 min
ep  17  it    50/781  loss 3.7181  lr 4.80e-04  τ_t 0.057  m 0.9963
ep  17  it   100/781  loss 3.7144  lr 4.80e-04  τ_t 0.057  m 0.9963
ep  17  it   150/781  loss 3.7117  lr 4.80e-04  τ_t 0.057  m 0.9963
ep  17  it   200/781  loss 3.7028  lr 4.80e-04  τ_t 0.057  m 0.9963
ep  17  it   250/781  loss 3.7015  lr 4.80e-04  τ_t 0.057  m 0.9963
ep  17  it   300/781  loss 3.7029  lr 4.79e-04  τ_t 0.057  m 0.9963
ep  17  it   350/781  loss 3.7024  lr 4.79e-04  τ_t 0.057  m 0.9963
ep  17  it   400/781  loss 3.7003  lr 4.79e-04  τ_t 0.057  m 0.9963
ep  17  it   450/781  loss 3.6957  lr 4.79e-04  τ_t 0.057  m 0.9963
ep  17  it   500/781  loss 3.6951  lr 4.79e-04  τ_t 0.057  m 0.9963
ep  17  it   550/781  loss 3.6946  lr 4.78e-04  τ_t 0.057  m 0.9963
ep  17  it   600/781  loss 3.6937  lr 4.78e-04  τ_t 0.057  m 0.9963
ep  17  it   650/781  loss 3.6940  lr 4.78e-04  τ_t 0.057  m 0.9963
ep  17  it   700/781  loss 3.6922  lr 4.78e-04  τ_t 0.057  m 0.9963
ep  17  it   750/781  loss 3.6938  lr 4.77e-04  τ_t 0.057  m 0.9963
[epoch 17] avg_loss=3.6937  lr=4.77e-04  τ_t=0.057  m=0.9963  time=7.5 min
ep  18  it    50/781  loss 3.6793  lr 4.77e-04  τ_t 0.058  m 0.9963
ep  18  it   100/781  loss 3.6741  lr 4.77e-04  τ_t 0.058  m 0.9963
ep  18  it   150/781  loss 3.6719  lr 4.77e-04  τ_t 0.058  m 0.9963
ep  18  it   200/781  loss 3.6680  lr 4.76e-04  τ_t 0.058  m 0.9963
ep  18  it   250/781  loss 3.6665  lr 4.76e-04  τ_t 0.058  m 0.9963
ep  18  it   300/781  loss 3.6642  lr 4.76e-04  τ_t 0.058  m 0.9963
ep  18  it   350/781  loss 3.6643  lr 4.76e-04  τ_t 0.058  m 0.9963
ep  18  it   400/781  loss 3.6615  lr 4.76e-04  τ_t 0.058  m 0.9963
ep  18  it   450/781  loss 3.6632  lr 4.75e-04  τ_t 0.058  m 0.9963
ep  18  it   500/781  loss 3.6623  lr 4.75e-04  τ_t 0.058  m 0.9963
ep  18  it   550/781  loss 3.6619  lr 4.75e-04  τ_t 0.058  m 0.9963
ep  18  it   600/781  loss 3.6616  lr 4.75e-04  τ_t 0.058  m 0.9963
ep  18  it   650/781  loss 3.6603  lr 4.74e-04  τ_t 0.058  m 0.9963
ep  18  it   700/781  loss 3.6569  lr 4.74e-04  τ_t 0.058  m 0.9963
ep  18  it   750/781  loss 3.6561  lr 4.74e-04  τ_t 0.058  m 0.9963
[epoch 18] avg_loss=3.6547  lr=4.74e-04  τ_t=0.058  m=0.9963  time=7.5 min
ep  19  it    50/781  loss 3.6371  lr 4.73e-04  τ_t 0.059  m 0.9963
ep  19  it   100/781  loss 3.6243  lr 4.73e-04  τ_t 0.059  m 0.9964
ep  19  it   150/781  loss 3.6258  lr 4.73e-04  τ_t 0.059  m 0.9964
ep  19  it   200/781  loss 3.6272  lr 4.73e-04  τ_t 0.059  m 0.9964
ep  19  it   250/781  loss 3.6264  lr 4.73e-04  τ_t 0.059  m 0.9964
ep  19  it   300/781  loss 3.6283  lr 4.72e-04  τ_t 0.059  m 0.9964
ep  19  it   350/781  loss 3.6277  lr 4.72e-04  τ_t 0.059  m 0.9964
ep  19  it   400/781  loss 3.6259  lr 4.72e-04  τ_t 0.059  m 0.9964
ep  19  it   450/781  loss 3.6271  lr 4.72e-04  τ_t 0.059  m 0.9964
ep  19  it   500/781  loss 3.6286  lr 4.71e-04  τ_t 0.059  m 0.9964
ep  19  it   550/781  loss 3.6276  lr 4.71e-04  τ_t 0.059  m 0.9964
ep  19  it   600/781  loss 3.6272  lr 4.71e-04  τ_t 0.059  m 0.9964
ep  19  it   650/781  loss 3.6263  lr 4.71e-04  τ_t 0.059  m 0.9964
ep  19  it   700/781  loss 3.6251  lr 4.70e-04  τ_t 0.059  m 0.9964
ep  19  it   750/781  loss 3.6229  lr 4.70e-04  τ_t 0.059  m 0.9964
[epoch 19] avg_loss=3.6224  lr=4.70e-04  τ_t=0.059  m=0.9964  time=7.4 min
ep  20  it    50/781  loss 3.6232  lr 4.70e-04  τ_t 0.060  m 0.9964
ep  20  it   100/781  loss 3.6189  lr 4.69e-04  τ_t 0.060  m 0.9964
ep  20  it   150/781  loss 3.6144  lr 4.69e-04  τ_t 0.060  m 0.9964
ep  20  it   200/781  loss 3.6107  lr 4.69e-04  τ_t 0.060  m 0.9964
ep  20  it   250/781  loss 3.6087  lr 4.69e-04  τ_t 0.060  m 0.9964
ep  20  it   300/781  loss 3.6100  lr 4.68e-04  τ_t 0.060  m 0.9964
ep  20  it   350/781  loss 3.6064  lr 4.68e-04  τ_t 0.060  m 0.9964
ep  20  it   400/781  loss 3.6068  lr 4.68e-04  τ_t 0.060  m 0.9964
ep  20  it   450/781  loss 3.6071  lr 4.68e-04  τ_t 0.060  m 0.9964
ep  20  it   500/781  loss 3.6032  lr 4.67e-04  τ_t 0.060  m 0.9964
ep  20  it   550/781  loss 3.6028  lr 4.67e-04  τ_t 0.060  m 0.9964
ep  20  it   600/781  loss 3.6005  lr 4.67e-04  τ_t 0.060  m 0.9964
ep  20  it   650/781  loss 3.5961  lr 4.67e-04  τ_t 0.060  m 0.9964
ep  20  it   700/781  loss 3.5957  lr 4.66e-04  τ_t 0.060  m 0.9964
ep  20  it   750/781  loss 3.5952  lr 4.66e-04  τ_t 0.060  m 0.9964
[epoch 20] avg_loss=3.5951  lr=4.66e-04  τ_t=0.060  m=0.9964  time=7.5 min
ep  21  it    50/781  loss 3.6025  lr 4.66e-04  τ_t 0.061  m 0.9964
ep  21  it   100/781  loss 3.5879  lr 4.65e-04  τ_t 0.061  m 0.9964
ep  21  it   150/781  loss 3.5827  lr 4.65e-04  τ_t 0.061  m 0.9964
ep  21  it   200/781  loss 3.5786  lr 4.65e-04  τ_t 0.061  m 0.9964
ep  21  it   250/781  loss 3.5769  lr 4.65e-04  τ_t 0.061  m 0.9964
ep  21  it   300/781  loss 3.5711  lr 4.64e-04  τ_t 0.061  m 0.9964
ep  21  it   350/781  loss 3.5688  lr 4.64e-04  τ_t 0.061  m 0.9964
ep  21  it   400/781  loss 3.5739  lr 4.64e-04  τ_t 0.061  m 0.9964
ep  21  it   450/781  loss 3.5743  lr 4.63e-04  τ_t 0.061  m 0.9964
ep  21  it   500/781  loss 3.5735  lr 4.63e-04  τ_t 0.061  m 0.9964
ep  21  it   550/781  loss 3.5735  lr 4.63e-04  τ_t 0.061  m 0.9964
ep  21  it   600/781  loss 3.5734  lr 4.63e-04  τ_t 0.061  m 0.9964
ep  21  it   650/781  loss 3.5728  lr 4.62e-04  τ_t 0.061  m 0.9965
ep  21  it   700/781  loss 3.5733  lr 4.62e-04  τ_t 0.061  m 0.9965
ep  21  it   750/781  loss 3.5735  lr 4.62e-04  τ_t 0.061  m 0.9965
[epoch 21] avg_loss=3.5737  lr=4.62e-04  τ_t=0.061  m=0.9965  time=7.5 min
ep  22  it    50/781  loss 3.5649  lr 4.61e-04  τ_t 0.062  m 0.9965
ep  22  it   100/781  loss 3.5531  lr 4.61e-04  τ_t 0.062  m 0.9965
ep  22  it   150/781  loss 3.5569  lr 4.61e-04  τ_t 0.062  m 0.9965
ep  22  it   200/781  loss 3.5611  lr 4.60e-04  τ_t 0.062  m 0.9965
ep  22  it   250/781  loss 3.5569  lr 4.60e-04  τ_t 0.062  m 0.9965
ep  22  it   300/781  loss 3.5597  lr 4.60e-04  τ_t 0.062  m 0.9965
ep  22  it   350/781  loss 3.5603  lr 4.60e-04  τ_t 0.062  m 0.9965
ep  22  it   400/781  loss 3.5616  lr 4.59e-04  τ_t 0.062  m 0.9965
ep  22  it   450/781  loss 3.5590  lr 4.59e-04  τ_t 0.062  m 0.9965
ep  22  it   500/781  loss 3.5569  lr 4.59e-04  τ_t 0.062  m 0.9965
ep  22  it   550/781  loss 3.5545  lr 4.58e-04  τ_t 0.062  m 0.9965
ep  22  it   600/781  loss 3.5565  lr 4.58e-04  τ_t 0.062  m 0.9965
ep  22  it   650/781  loss 3.5576  lr 4.58e-04  τ_t 0.062  m 0.9965
ep  22  it   700/781  loss 3.5575  lr 4.58e-04  τ_t 0.062  m 0.9965
ep  22  it   750/781  loss 3.5565  lr 4.57e-04  τ_t 0.062  m 0.9965
[epoch 22] avg_loss=3.5565  lr=4.57e-04  τ_t=0.062  m=0.9965  time=7.5 min
ep  23  it    50/781  loss 3.5431  lr 4.57e-04  τ_t 0.063  m 0.9965
ep  23  it   100/781  loss 3.5335  lr 4.56e-04  τ_t 0.063  m 0.9965
ep  23  it   150/781  loss 3.5390  lr 4.56e-04  τ_t 0.063  m 0.9965
ep  23  it   200/781  loss 3.5456  lr 4.56e-04  τ_t 0.063  m 0.9965
ep  23  it   250/781  loss 3.5453  lr 4.56e-04  τ_t 0.063  m 0.9965
ep  23  it   300/781  loss 3.5446  lr 4.55e-04  τ_t 0.063  m 0.9965
ep  23  it   350/781  loss 3.5450  lr 4.55e-04  τ_t 0.063  m 0.9965
ep  23  it   400/781  loss 3.5429  lr 4.55e-04  τ_t 0.063  m 0.9965
ep  23  it   450/781  loss 3.5421  lr 4.54e-04  τ_t 0.063  m 0.9965
ep  23  it   500/781  loss 3.5417  lr 4.54e-04  τ_t 0.063  m 0.9965
ep  23  it   550/781  loss 3.5431  lr 4.54e-04  τ_t 0.063  m 0.9965
ep  23  it   600/781  loss 3.5401  lr 4.53e-04  τ_t 0.063  m 0.9965
ep  23  it   650/781  loss 3.5403  lr 4.53e-04  τ_t 0.063  m 0.9965
ep  23  it   700/781  loss 3.5384  lr 4.53e-04  τ_t 0.063  m 0.9965
ep  23  it   750/781  loss 3.5401  lr 4.53e-04  τ_t 0.063  m 0.9965
[epoch 23] avg_loss=3.5383  lr=4.52e-04  τ_t=0.063  m=0.9965  time=8.3 min
ep  24  it    50/781  loss 3.5014  lr 4.52e-04  τ_t 0.064  m 0.9965
ep  24  it   100/781  loss 3.5229  lr 4.52e-04  τ_t 0.064  m 0.9965
ep  24  it   150/781  loss 3.5301  lr 4.51e-04  τ_t 0.064  m 0.9966
ep  24  it   200/781  loss 3.5309  lr 4.51e-04  τ_t 0.064  m 0.9966
ep  24  it   250/781  loss 3.5289  lr 4.51e-04  τ_t 0.064  m 0.9966
ep  24  it   300/781  loss 3.5300  lr 4.50e-04  τ_t 0.064  m 0.9966
ep  24  it   350/781  loss 3.5305  lr 4.50e-04  τ_t 0.064  m 0.9966
ep  24  it   400/781  loss 3.5305  lr 4.50e-04  τ_t 0.064  m 0.9966
ep  24  it   450/781  loss 3.5323  lr 4.50e-04  τ_t 0.064  m 0.9966
ep  24  it   500/781  loss 3.5284  lr 4.49e-04  τ_t 0.064  m 0.9966
ep  24  it   550/781  loss 3.5270  lr 4.49e-04  τ_t 0.064  m 0.9966
ep  24  it   600/781  loss 3.5299  lr 4.49e-04  τ_t 0.064  m 0.9966
ep  24  it   650/781  loss 3.5319  lr 4.48e-04  τ_t 0.064  m 0.9966
ep  24  it   700/781  loss 3.5335  lr 4.48e-04  τ_t 0.064  m 0.9966
ep  24  it   750/781  loss 3.5326  lr 4.48e-04  τ_t 0.064  m 0.9966
[epoch 24] avg_loss=3.5322  lr=4.47e-04  τ_t=0.064  m=0.9966  time=8.1 min
ep  25  it    50/781  loss 3.5319  lr 4.47e-04  τ_t 0.065  m 0.9966
ep  25  it   100/781  loss 3.5309  lr 4.47e-04  τ_t 0.065  m 0.9966
ep  25  it   150/781  loss 3.5328  lr 4.46e-04  τ_t 0.065  m 0.9966
ep  25  it   200/781  loss 3.5325  lr 4.46e-04  τ_t 0.065  m 0.9966
ep  25  it   250/781  loss 3.5333  lr 4.46e-04  τ_t 0.065  m 0.9966
ep  25  it   300/781  loss 3.5323  lr 4.45e-04  τ_t 0.065  m 0.9966
ep  25  it   350/781  loss 3.5339  lr 4.45e-04  τ_t 0.065  m 0.9966
ep  25  it   400/781  loss 3.5346  lr 4.45e-04  τ_t 0.065  m 0.9966
ep  25  it   450/781  loss 3.5312  lr 4.44e-04  τ_t 0.065  m 0.9966
ep  25  it   500/781  loss 3.5293  lr 4.44e-04  τ_t 0.065  m 0.9966
ep  25  it   550/781  loss 3.5284  lr 4.44e-04  τ_t 0.065  m 0.9966
ep  25  it   600/781  loss 3.5286  lr 4.43e-04  τ_t 0.065  m 0.9966
ep  25  it   650/781  loss 3.5285  lr 4.43e-04  τ_t 0.065  m 0.9966
ep  25  it   700/781  loss 3.5279  lr 4.43e-04  τ_t 0.065  m 0.9966
ep  25  it   750/781  loss 3.5277  lr 4.42e-04  τ_t 0.065  m 0.9966
[epoch 25] avg_loss=3.5283  lr=4.42e-04  τ_t=0.065  m=0.9966  time=7.5 min
ep  26  it    50/781  loss 3.5081  lr 4.42e-04  τ_t 0.066  m 0.9966
ep  26  it   100/781  loss 3.5132  lr 4.42e-04  τ_t 0.066  m 0.9966
ep  26  it   150/781  loss 3.5215  lr 4.41e-04  τ_t 0.066  m 0.9966
ep  26  it   200/781  loss 3.5277  lr 4.41e-04  τ_t 0.066  m 0.9966
ep  26  it   250/781  loss 3.5315  lr 4.41e-04  τ_t 0.066  m 0.9966
ep  26  it   300/781  loss 3.5289  lr 4.40e-04  τ_t 0.066  m 0.9966
ep  26  it   350/781  loss 3.5301  lr 4.40e-04  τ_t 0.066  m 0.9967
ep  26  it   400/781  loss 3.5320  lr 4.39e-04  τ_t 0.066  m 0.9967
ep  26  it   450/781  loss 3.5332  lr 4.39e-04  τ_t 0.066  m 0.9967
ep  26  it   500/781  loss 3.5328  lr 4.39e-04  τ_t 0.066  m 0.9967
ep  26  it   550/781  loss 3.5360  lr 4.38e-04  τ_t 0.066  m 0.9967
ep  26  it   600/781  loss 3.5376  lr 4.38e-04  τ_t 0.066  m 0.9967
ep  26  it   650/781  loss 3.5367  lr 4.38e-04  τ_t 0.066  m 0.9967
ep  26  it   700/781  loss 3.5357  lr 4.37e-04  τ_t 0.066  m 0.9967
ep  26  it   750/781  loss 3.5351  lr 4.37e-04  τ_t 0.066  m 0.9967
[epoch 26] avg_loss=3.5355  lr=4.37e-04  τ_t=0.066  m=0.9967  time=7.5 min
ep  27  it    50/781  loss 3.5524  lr 4.36e-04  τ_t 0.067  m 0.9967
ep  27  it   100/781  loss 3.5443  lr 4.36e-04  τ_t 0.067  m 0.9967
ep  27  it   150/781  loss 3.5430  lr 4.36e-04  τ_t 0.067  m 0.9967
ep  27  it   200/781  loss 3.5413  lr 4.35e-04  τ_t 0.067  m 0.9967
ep  27  it   250/781  loss 3.5400  lr 4.35e-04  τ_t 0.067  m 0.9967
ep  27  it   300/781  loss 3.5445  lr 4.35e-04  τ_t 0.067  m 0.9967
ep  27  it   350/781  loss 3.5454  lr 4.34e-04  τ_t 0.067  m 0.9967
ep  27  it   400/781  loss 3.5437  lr 4.34e-04  τ_t 0.067  m 0.9967
ep  27  it   450/781  loss 3.5412  lr 4.34e-04  τ_t 0.067  m 0.9967
ep  27  it   500/781  loss 3.5402  lr 4.33e-04  τ_t 0.067  m 0.9967
ep  27  it   550/781  loss 3.5411  lr 4.33e-04  τ_t 0.067  m 0.9967
ep  27  it   600/781  loss 3.5383  lr 4.33e-04  τ_t 0.067  m 0.9967
ep  27  it   650/781  loss 3.5385  lr 4.32e-04  τ_t 0.067  m 0.9967
ep  27  it   700/781  loss 3.5404  lr 4.32e-04  τ_t 0.067  m 0.9967
ep  27  it   750/781  loss 3.5408  lr 4.31e-04  τ_t 0.067  m 0.9967
[epoch 27] avg_loss=3.5415  lr=4.31e-04  τ_t=0.067  m=0.9967  time=7.4 min
ep  28  it    50/781  loss 3.5582  lr 4.31e-04  τ_t 0.068  m 0.9967
ep  28  it   100/781  loss 3.5591  lr 4.31e-04  τ_t 0.068  m 0.9967
ep  28  it   150/781  loss 3.5538  lr 4.30e-04  τ_t 0.068  m 0.9967
ep  28  it   200/781  loss 3.5545  lr 4.30e-04  τ_t 0.068  m 0.9967
ep  28  it   250/781  loss 3.5517  lr 4.29e-04  τ_t 0.068  m 0.9967
ep  28  it   300/781  loss 3.5550  lr 4.29e-04  τ_t 0.068  m 0.9967
ep  28  it   350/781  loss 3.5531  lr 4.29e-04  τ_t 0.068  m 0.9967
ep  28  it   400/781  loss 3.5567  lr 4.28e-04  τ_t 0.068  m 0.9968
ep  28  it   450/781  loss 3.5603  lr 4.28e-04  τ_t 0.068  m 0.9968
ep  28  it   500/781  loss 3.5597  lr 4.28e-04  τ_t 0.068  m 0.9968
ep  28  it   550/781  loss 3.5585  lr 4.27e-04  τ_t 0.068  m 0.9968
ep  28  it   600/781  loss 3.5580  lr 4.27e-04  τ_t 0.068  m 0.9968
ep  28  it   650/781  loss 3.5579  lr 4.26e-04  τ_t 0.068  m 0.9968
ep  28  it   700/781  loss 3.5572  lr 4.26e-04  τ_t 0.068  m 0.9968
ep  28  it   750/781  loss 3.5581  lr 4.26e-04  τ_t 0.068  m 0.9968
[epoch 28] avg_loss=3.5574  lr=4.25e-04  τ_t=0.068  m=0.9968  time=7.4 min
ep  29  it    50/781  loss 3.5468  lr 4.25e-04  τ_t 0.069  m 0.9968
ep  29  it   100/781  loss 3.5672  lr 4.25e-04  τ_t 0.069  m 0.9968
ep  29  it   150/781  loss 3.5682  lr 4.24e-04  τ_t 0.069  m 0.9968
ep  29  it   200/781  loss 3.5671  lr 4.24e-04  τ_t 0.069  m 0.9968
ep  29  it   250/781  loss 3.5650  lr 4.24e-04  τ_t 0.069  m 0.9968
ep  29  it   300/781  loss 3.5637  lr 4.23e-04  τ_t 0.069  m 0.9968
ep  29  it   350/781  loss 3.5645  lr 4.23e-04  τ_t 0.069  m 0.9968
ep  29  it   400/781  loss 3.5661  lr 4.22e-04  τ_t 0.069  m 0.9968
ep  29  it   450/781  loss 3.5651  lr 4.22e-04  τ_t 0.069  m 0.9968
ep  29  it   500/781  loss 3.5657  lr 4.22e-04  τ_t 0.069  m 0.9968
ep  29  it   550/781  loss 3.5658  lr 4.21e-04  τ_t 0.069  m 0.9968
ep  29  it   600/781  loss 3.5654  lr 4.21e-04  τ_t 0.069  m 0.9968
ep  29  it   650/781  loss 3.5660  lr 4.20e-04  τ_t 0.069  m 0.9968
ep  29  it   700/781  loss 3.5671  lr 4.20e-04  τ_t 0.069  m 0.9968
ep  29  it   750/781  loss 3.5670  lr 4.20e-04  τ_t 0.069  m 0.9968
[epoch 29] avg_loss=3.5676  lr=4.19e-04  τ_t=0.069  m=0.9968  time=7.5 min
ep  30  it    50/781  loss 3.5775  lr 4.19e-04  τ_t 0.070  m 0.9968
ep  30  it   100/781  loss 3.5753  lr 4.19e-04  τ_t 0.070  m 0.9968
ep  30  it   150/781  loss 3.5818  lr 4.18e-04  τ_t 0.070  m 0.9968
ep  30  it   200/781  loss 3.5873  lr 4.18e-04  τ_t 0.070  m 0.9968
ep  30  it   250/781  loss 3.5846  lr 4.18e-04  τ_t 0.070  m 0.9968
ep  30  it   300/781  loss 3.5828  lr 4.17e-04  τ_t 0.070  m 0.9968
ep  30  it   350/781  loss 3.5828  lr 4.17e-04  τ_t 0.070  m 0.9968
ep  30  it   400/781  loss 3.5839  lr 4.16e-04  τ_t 0.070  m 0.9969
ep  30  it   450/781  loss 3.5842  lr 4.16e-04  τ_t 0.070  m 0.9969
ep  30  it   500/781  loss 3.5862  lr 4.16e-04  τ_t 0.070  m 0.9969
ep  30  it   550/781  loss 3.5856  lr 4.15e-04  τ_t 0.070  m 0.9969
ep  30  it   600/781  loss 3.5885  lr 4.15e-04  τ_t 0.070  m 0.9969
ep  30  it   650/781  loss 3.5893  lr 4.14e-04  τ_t 0.070  m 0.9969
ep  30  it   700/781  loss 3.5885  lr 4.14e-04  τ_t 0.070  m 0.9969
ep  30  it   750/781  loss 3.5892  lr 4.14e-04  τ_t 0.070  m 0.9969
[epoch 30] avg_loss=3.5889  lr=4.13e-04  τ_t=0.070  m=0.9969  time=7.5 min
ep  31  it    50/781  loss 3.5774  lr 4.13e-04  τ_t 0.070  m 0.9969
ep  31  it   100/781  loss 3.5671  lr 4.13e-04  τ_t 0.070  m 0.9969
ep  31  it   150/781  loss 3.5765  lr 4.12e-04  τ_t 0.070  m 0.9969
ep  31  it   200/781  loss 3.5750  lr 4.12e-04  τ_t 0.070  m 0.9969
ep  31  it   250/781  loss 3.5691  lr 4.11e-04  τ_t 0.070  m 0.9969
ep  31  it   300/781  loss 3.5706  lr 4.11e-04  τ_t 0.070  m 0.9969
ep  31  it   350/781  loss 3.5714  lr 4.11e-04  τ_t 0.070  m 0.9969
ep  31  it   400/781  loss 3.5732  lr 4.10e-04  τ_t 0.070  m 0.9969
ep  31  it   450/781  loss 3.5725  lr 4.10e-04  τ_t 0.070  m 0.9969
ep  31  it   500/781  loss 3.5727  lr 4.09e-04  τ_t 0.070  m 0.9969
ep  31  it   550/781  loss 3.5732  lr 4.09e-04  τ_t 0.070  m 0.9969
ep  31  it   600/781  loss 3.5744  lr 4.08e-04  τ_t 0.070  m 0.9969
ep  31  it   650/781  loss 3.5753  lr 4.08e-04  τ_t 0.070  m 0.9969
ep  31  it   700/781  loss 3.5726  lr 4.08e-04  τ_t 0.070  m 0.9969
ep  31  it   750/781  loss 3.5730  lr 4.07e-04  τ_t 0.070  m 0.9969
[epoch 31] avg_loss=3.5723  lr=4.07e-04  τ_t=0.070  m=0.9969  time=7.5 min
ep  32  it    50/781  loss 3.5639  lr 4.07e-04  τ_t 0.070  m 0.9969
ep  32  it   100/781  loss 3.5443  lr 4.06e-04  τ_t 0.070  m 0.9969
ep  32  it   150/781  loss 3.5508  lr 4.06e-04  τ_t 0.070  m 0.9969
ep  32  it   200/781  loss 3.5592  lr 4.05e-04  τ_t 0.070  m 0.9969
ep  32  it   250/781  loss 3.5609  lr 4.05e-04  τ_t 0.070  m 0.9969
ep  32  it   300/781  loss 3.5589  lr 4.04e-04  τ_t 0.070  m 0.9969
ep  32  it   350/781  loss 3.5570  lr 4.04e-04  τ_t 0.070  m 0.9970
ep  32  it   400/781  loss 3.5580  lr 4.04e-04  τ_t 0.070  m 0.9970
ep  32  it   450/781  loss 3.5606  lr 4.03e-04  τ_t 0.070  m 0.9970
ep  32  it   500/781  loss 3.5606  lr 4.03e-04  τ_t 0.070  m 0.9970
ep  32  it   550/781  loss 3.5605  lr 4.02e-04  τ_t 0.070  m 0.9970
ep  32  it   600/781  loss 3.5617  lr 4.02e-04  τ_t 0.070  m 0.9970
ep  32  it   650/781  loss 3.5607  lr 4.02e-04  τ_t 0.070  m 0.9970
ep  32  it   700/781  loss 3.5587  lr 4.01e-04  τ_t 0.070  m 0.9970
ep  32  it   750/781  loss 3.5588  lr 4.01e-04  τ_t 0.070  m 0.9970
[epoch 32] avg_loss=3.5590  lr=4.00e-04  τ_t=0.070  m=0.9970  time=7.5 min
ep  33  it    50/781  loss 3.5337  lr 4.00e-04  τ_t 0.070  m 0.9970
ep  33  it   100/781  loss 3.5448  lr 4.00e-04  τ_t 0.070  m 0.9970
ep  33  it   150/781  loss 3.5418  lr 3.99e-04  τ_t 0.070  m 0.9970
ep  33  it   200/781  loss 3.5351  lr 3.99e-04  τ_t 0.070  m 0.9970
ep  33  it   250/781  loss 3.5363  lr 3.98e-04  τ_t 0.070  m 0.9970
ep  33  it   300/781  loss 3.5384  lr 3.98e-04  τ_t 0.070  m 0.9970
ep  33  it   350/781  loss 3.5386  lr 3.97e-04  τ_t 0.070  m 0.9970
ep  33  it   400/781  loss 3.5373  lr 3.97e-04  τ_t 0.070  m 0.9970
ep  33  it   450/781  loss 3.5375  lr 3.97e-04  τ_t 0.070  m 0.9970
ep  33  it   500/781  loss 3.5374  lr 3.96e-04  τ_t 0.070  m 0.9970
ep  33  it   550/781  loss 3.5398  lr 3.96e-04  τ_t 0.070  m 0.9970
ep  33  it   600/781  loss 3.5390  lr 3.95e-04  τ_t 0.070  m 0.9970
ep  33  it   650/781  loss 3.5412  lr 3.95e-04  τ_t 0.070  m 0.9970
ep  33  it   700/781  loss 3.5436  lr 3.94e-04  τ_t 0.070  m 0.9970
ep  33  it   750/781  loss 3.5437  lr 3.94e-04  τ_t 0.070  m 0.9970
[epoch 33] avg_loss=3.5450  lr=3.94e-04  τ_t=0.070  m=0.9970  time=7.5 min
ep  34  it    50/781  loss 3.5320  lr 3.93e-04  τ_t 0.070  m 0.9970
ep  34  it   100/781  loss 3.5346  lr 3.93e-04  τ_t 0.070  m 0.9970
ep  34  it   150/781  loss 3.5396  lr 3.92e-04  τ_t 0.070  m 0.9970
ep  34  it   200/781  loss 3.5397  lr 3.92e-04  τ_t 0.070  m 0.9971
ep  34  it   250/781  loss 3.5365  lr 3.92e-04  τ_t 0.070  m 0.9971
ep  34  it   300/781  loss 3.5379  lr 3.91e-04  τ_t 0.070  m 0.9971
ep  34  it   350/781  loss 3.5350  lr 3.91e-04  τ_t 0.070  m 0.9971
ep  34  it   400/781  loss 3.5338  lr 3.90e-04  τ_t 0.070  m 0.9971
ep  34  it   450/781  loss 3.5322  lr 3.90e-04  τ_t 0.070  m 0.9971
ep  34  it   500/781  loss 3.5322  lr 3.89e-04  τ_t 0.070  m 0.9971
ep  34  it   550/781  loss 3.5306  lr 3.89e-04  τ_t 0.070  m 0.9971
ep  34  it   600/781  loss 3.5315  lr 3.89e-04  τ_t 0.070  m 0.9971
ep  34  it   650/781  loss 3.5322  lr 3.88e-04  τ_t 0.070  m 0.9971
ep  34  it   700/781  loss 3.5326  lr 3.88e-04  τ_t 0.070  m 0.9971
ep  34  it   750/781  loss 3.5335  lr 3.87e-04  τ_t 0.070  m 0.9971
[epoch 34] avg_loss=3.5335  lr=3.87e-04  τ_t=0.070  m=0.9971  time=7.4 min
ep  35  it    50/781  loss 3.5106  lr 3.87e-04  τ_t 0.070  m 0.9971
ep  35  it   100/781  loss 3.5022  lr 3.86e-04  τ_t 0.070  m 0.9971
ep  35  it   150/781  loss 3.5063  lr 3.86e-04  τ_t 0.070  m 0.9971
ep  35  it   200/781  loss 3.5090  lr 3.85e-04  τ_t 0.070  m 0.9971
ep  35  it   250/781  loss 3.5107  lr 3.85e-04  τ_t 0.070  m 0.9971
ep  35  it   300/781  loss 3.5118  lr 3.84e-04  τ_t 0.070  m 0.9971
ep  35  it   350/781  loss 3.5077  lr 3.84e-04  τ_t 0.070  m 0.9971
ep  35  it   400/781  loss 3.5043  lr 3.83e-04  τ_t 0.070  m 0.9971
ep  35  it   450/781  loss 3.5057  lr 3.83e-04  τ_t 0.070  m 0.9971
ep  35  it   500/781  loss 3.5069  lr 3.83e-04  τ_t 0.070  m 0.9971
ep  35  it   550/781  loss 3.5080  lr 3.82e-04  τ_t 0.070  m 0.9971
ep  35  it   600/781  loss 3.5077  lr 3.82e-04  τ_t 0.070  m 0.9971
ep  35  it   650/781  loss 3.5071  lr 3.81e-04  τ_t 0.070  m 0.9971
ep  35  it   700/781  loss 3.5075  lr 3.81e-04  τ_t 0.070  m 0.9971
ep  35  it   750/781  loss 3.5063  lr 3.80e-04  τ_t 0.070  m 0.9971
[epoch 35] avg_loss=3.5070  lr=3.80e-04  τ_t=0.070  m=0.9971  time=7.5 min
ep  36  it    50/781  loss 3.4889  lr 3.80e-04  τ_t 0.070  m 0.9972
ep  36  it   100/781  loss 3.4766  lr 3.79e-04  τ_t 0.070  m 0.9972
ep  36  it   150/781  loss 3.4767  lr 3.79e-04  τ_t 0.070  m 0.9972
ep  36  it   200/781  loss 3.4750  lr 3.78e-04  τ_t 0.070  m 0.9972
ep  36  it   250/781  loss 3.4830  lr 3.78e-04  τ_t 0.070  m 0.9972
ep  36  it   300/781  loss 3.4927  lr 3.77e-04  τ_t 0.070  m 0.9972
ep  36  it   350/781  loss 3.4936  lr 3.77e-04  τ_t 0.070  m 0.9972
ep  36  it   400/781  loss 3.4952  lr 3.76e-04  τ_t 0.070  m 0.9972
ep  36  it   450/781  loss 3.4947  lr 3.76e-04  τ_t 0.070  m 0.9972
ep  36  it   500/781  loss 3.4953  lr 3.75e-04  τ_t 0.070  m 0.9972
ep  36  it   550/781  loss 3.4939  lr 3.75e-04  τ_t 0.070  m 0.9972
ep  36  it   600/781  loss 3.4934  lr 3.75e-04  τ_t 0.070  m 0.9972
ep  36  it   650/781  loss 3.4954  lr 3.74e-04  τ_t 0.070  m 0.9972
ep  36  it   700/781  loss 3.4954  lr 3.74e-04  τ_t 0.070  m 0.9972
ep  36  it   750/781  loss 3.4967  lr 3.73e-04  τ_t 0.070  m 0.9972
[epoch 36] avg_loss=3.4961  lr=3.73e-04  τ_t=0.070  m=0.9972  time=7.5 min
ep  37  it    50/781  loss 3.4605  lr 3.72e-04  τ_t 0.070  m 0.9972
ep  37  it   100/781  loss 3.4811  lr 3.72e-04  τ_t 0.070  m 0.9972
ep  37  it   150/781  loss 3.4722  lr 3.71e-04  τ_t 0.070  m 0.9972
ep  37  it   200/781  loss 3.4793  lr 3.71e-04  τ_t 0.070  m 0.9972
ep  37  it   250/781  loss 3.4803  lr 3.71e-04  τ_t 0.070  m 0.9972
ep  37  it   300/781  loss 3.4831  lr 3.70e-04  τ_t 0.070  m 0.9972
ep  37  it   350/781  loss 3.4833  lr 3.70e-04  τ_t 0.070  m 0.9972
ep  37  it   400/781  loss 3.4848  lr 3.69e-04  τ_t 0.070  m 0.9972
ep  37  it   450/781  loss 3.4869  lr 3.69e-04  τ_t 0.070  m 0.9972
ep  37  it   500/781  loss 3.4880  lr 3.68e-04  τ_t 0.070  m 0.9972
ep  37  it   550/781  loss 3.4890  lr 3.68e-04  τ_t 0.070  m 0.9972
ep  37  it   600/781  loss 3.4886  lr 3.67e-04  τ_t 0.070  m 0.9973
ep  37  it   650/781  loss 3.4895  lr 3.67e-04  τ_t 0.070  m 0.9973
ep  37  it   700/781  loss 3.4877  lr 3.66e-04  τ_t 0.070  m 0.9973
ep  37  it   750/781  loss 3.4888  lr 3.66e-04  τ_t 0.070  m 0.9973
[epoch 37] avg_loss=3.4893  lr=3.66e-04  τ_t=0.070  m=0.9973  time=7.5 min
ep  38  it    50/781  loss 3.4752  lr 3.65e-04  τ_t 0.070  m 0.9973
ep  38  it   100/781  loss 3.4701  lr 3.65e-04  τ_t 0.070  m 0.9973
ep  38  it   150/781  loss 3.4760  lr 3.64e-04  τ_t 0.070  m 0.9973
ep  38  it   200/781  loss 3.4775  lr 3.64e-04  τ_t 0.070  m 0.9973
ep  38  it   250/781  loss 3.4769  lr 3.63e-04  τ_t 0.070  m 0.9973
ep  38  it   300/781  loss 3.4771  lr 3.63e-04  τ_t 0.070  m 0.9973
ep  38  it   350/781  loss 3.4730  lr 3.62e-04  τ_t 0.070  m 0.9973
ep  38  it   400/781  loss 3.4746  lr 3.62e-04  τ_t 0.070  m 0.9973
ep  38  it   450/781  loss 3.4758  lr 3.61e-04  τ_t 0.070  m 0.9973
ep  38  it   500/781  loss 3.4752  lr 3.61e-04  τ_t 0.070  m 0.9973
ep  38  it   550/781  loss 3.4737  lr 3.60e-04  τ_t 0.070  m 0.9973
ep  38  it   600/781  loss 3.4742  lr 3.60e-04  τ_t 0.070  m 0.9973
ep  38  it   650/781  loss 3.4737  lr 3.59e-04  τ_t 0.070  m 0.9973
ep  38  it   700/781  loss 3.4732  lr 3.59e-04  τ_t 0.070  m 0.9973
ep  38  it   750/781  loss 3.4747  lr 3.59e-04  τ_t 0.070  m 0.9973
[epoch 38] avg_loss=3.4750  lr=3.58e-04  τ_t=0.070  m=0.9973  time=7.7 min
ep  39  it    50/781  loss 3.4681  lr 3.58e-04  τ_t 0.070  m 0.9973
ep  39  it   100/781  loss 3.4611  lr 3.57e-04  τ_t 0.070  m 0.9973
ep  39  it   150/781  loss 3.4627  lr 3.57e-04  τ_t 0.070  m 0.9973
ep  39  it   200/781  loss 3.4615  lr 3.56e-04  τ_t 0.070  m 0.9973
ep  39  it   250/781  loss 3.4622  lr 3.56e-04  τ_t 0.070  m 0.9973
ep  39  it   300/781  loss 3.4592  lr 3.55e-04  τ_t 0.070  m 0.9973
ep  39  it   350/781  loss 3.4612  lr 3.55e-04  τ_t 0.070  m 0.9973
ep  39  it   400/781  loss 3.4623  lr 3.54e-04  τ_t 0.070  m 0.9974
ep  39  it   450/781  loss 3.4634  lr 3.54e-04  τ_t 0.070  m 0.9974
ep  39  it   500/781  loss 3.4645  lr 3.53e-04  τ_t 0.070  m 0.9974
ep  39  it   550/781  loss 3.4649  lr 3.53e-04  τ_t 0.070  m 0.9974
ep  39  it   600/781  loss 3.4637  lr 3.52e-04  τ_t 0.070  m 0.9974
ep  39  it   650/781  loss 3.4648  lr 3.52e-04  τ_t 0.070  m 0.9974
ep  39  it   700/781  loss 3.4658  lr 3.52e-04  τ_t 0.070  m 0.9974
ep  39  it   750/781  loss 3.4661  lr 3.51e-04  τ_t 0.070  m 0.9974
[epoch 39] avg_loss=3.4665  lr=3.51e-04  τ_t=0.070  m=0.9974  time=7.7 min
ep  40  it    50/781  loss 3.4518  lr 3.50e-04  τ_t 0.070  m 0.9974
ep  40  it   100/781  loss 3.4523  lr 3.50e-04  τ_t 0.070  m 0.9974
ep  40  it   150/781  loss 3.4553  lr 3.49e-04  τ_t 0.070  m 0.9974
ep  40  it   200/781  loss 3.4547  lr 3.49e-04  τ_t 0.070  m 0.9974
ep  40  it   250/781  loss 3.4575  lr 3.48e-04  τ_t 0.070  m 0.9974
ep  40  it   300/781  loss 3.4570  lr 3.48e-04  τ_t 0.070  m 0.9974
ep  40  it   350/781  loss 3.4606  lr 3.47e-04  τ_t 0.070  m 0.9974
ep  40  it   400/781  loss 3.4623  lr 3.47e-04  τ_t 0.070  m 0.9974
ep  40  it   450/781  loss 3.4643  lr 3.46e-04  τ_t 0.070  m 0.9974
ep  40  it   500/781  loss 3.4655  lr 3.46e-04  τ_t 0.070  m 0.9974
ep  40  it   550/781  loss 3.4684  lr 3.45e-04  τ_t 0.070  m 0.9974
ep  40  it   600/781  loss 3.4693  lr 3.45e-04  τ_t 0.070  m 0.9974
ep  40  it   650/781  loss 3.4693  lr 3.44e-04  τ_t 0.070  m 0.9974
ep  40  it   700/781  loss 3.4692  lr 3.44e-04  τ_t 0.070  m 0.9974
ep  40  it   750/781  loss 3.4716  lr 3.43e-04  τ_t 0.070  m 0.9974
[epoch 40] avg_loss=3.4726  lr=3.43e-04  τ_t=0.070  m=0.9974  time=7.4 min
ep  41  it    50/781  loss 3.4413  lr 3.43e-04  τ_t 0.070  m 0.9974
ep  41  it   100/781  loss 3.4535  lr 3.42e-04  τ_t 0.070  m 0.9974
ep  41  it   150/781  loss 3.4561  lr 3.42e-04  τ_t 0.070  m 0.9975
ep  41  it   200/781  loss 3.4579  lr 3.41e-04  τ_t 0.070  m 0.9975
ep  41  it   250/781  loss 3.4622  lr 3.41e-04  τ_t 0.070  m 0.9975
ep  41  it   300/781  loss 3.4635  lr 3.40e-04  τ_t 0.070  m 0.9975
ep  41  it   350/781  loss 3.4642  lr 3.40e-04  τ_t 0.070  m 0.9975
ep  41  it   400/781  loss 3.4664  lr 3.39e-04  τ_t 0.070  m 0.9975
ep  41  it   450/781  loss 3.4700  lr 3.39e-04  τ_t 0.070  m 0.9975
ep  41  it   500/781  loss 3.4703  lr 3.38e-04  τ_t 0.070  m 0.9975
ep  41  it   550/781  loss 3.4716  lr 3.38e-04  τ_t 0.070  m 0.9975
ep  41  it   600/781  loss 3.4729  lr 3.37e-04  τ_t 0.070  m 0.9975
ep  41  it   650/781  loss 3.4717  lr 3.37e-04  τ_t 0.070  m 0.9975
ep  41  it   700/781  loss 3.4756  lr 3.36e-04  τ_t 0.070  m 0.9975
ep  41  it   750/781  loss 3.4776  lr 3.36e-04  τ_t 0.070  m 0.9975
[epoch 41] avg_loss=3.4782  lr=3.35e-04  τ_t=0.070  m=0.9975  time=7.5 min
ep  42  it    50/781  loss 3.4927  lr 3.35e-04  τ_t 0.070  m 0.9975
ep  42  it   100/781  loss 3.4797  lr 3.34e-04  τ_t 0.070  m 0.9975
ep  42  it   150/781  loss 3.4843  lr 3.34e-04  τ_t 0.070  m 0.9975
ep  42  it   200/781  loss 3.4873  lr 3.33e-04  τ_t 0.070  m 0.9975
ep  42  it   250/781  loss 3.4912  lr 3.33e-04  τ_t 0.070  m 0.9975
ep  42  it   300/781  loss 3.4895  lr 3.32e-04  τ_t 0.070  m 0.9975
ep  42  it   350/781  loss 3.4892  lr 3.32e-04  τ_t 0.070  m 0.9975
ep  42  it   400/781  loss 3.4945  lr 3.31e-04  τ_t 0.070  m 0.9975
ep  42  it   450/781  loss 3.4996  lr 3.31e-04  τ_t 0.070  m 0.9975
ep  42  it   500/781  loss 3.5008  lr 3.30e-04  τ_t 0.070  m 0.9975
ep  42  it   550/781  loss 3.5006  lr 3.30e-04  τ_t 0.070  m 0.9975
ep  42  it   600/781  loss 3.5014  lr 3.29e-04  τ_t 0.070  m 0.9975
ep  42  it   650/781  loss 3.5025  lr 3.29e-04  τ_t 0.070  m 0.9976
ep  42  it   700/781  loss 3.5032  lr 3.28e-04  τ_t 0.070  m 0.9976
ep  42  it   750/781  loss 3.5045  lr 3.28e-04  τ_t 0.070  m 0.9976
[epoch 42] avg_loss=3.5049  lr=3.28e-04  τ_t=0.070  m=0.9976  time=7.5 min
ep  43  it    50/781  loss 3.5009  lr 3.27e-04  τ_t 0.070  m 0.9976
ep  43  it   100/781  loss 3.5019  lr 3.27e-04  τ_t 0.070  m 0.9976
ep  43  it   150/781  loss 3.5062  lr 3.26e-04  τ_t 0.070  m 0.9976
ep  43  it   200/781  loss 3.5049  lr 3.26e-04  τ_t 0.070  m 0.9976
ep  43  it   250/781  loss 3.5057  lr 3.25e-04  τ_t 0.070  m 0.9976
ep  43  it   300/781  loss 3.5089  lr 3.25e-04  τ_t 0.070  m 0.9976
ep  43  it   350/781  loss 3.5055  lr 3.24e-04  τ_t 0.070  m 0.9976
ep  43  it   400/781  loss 3.5116  lr 3.24e-04  τ_t 0.070  m 0.9976
ep  43  it   450/781  loss 3.5127  lr 3.23e-04  τ_t 0.070  m 0.9976
ep  43  it   500/781  loss 3.5136  lr 3.23e-04  τ_t 0.070  m 0.9976
ep  43  it   550/781  loss 3.5166  lr 3.22e-04  τ_t 0.070  m 0.9976
ep  43  it   600/781  loss 3.5174  lr 3.22e-04  τ_t 0.070  m 0.9976
ep  43  it   650/781  loss 3.5182  lr 3.21e-04  τ_t 0.070  m 0.9976
ep  43  it   700/781  loss 3.5202  lr 3.21e-04  τ_t 0.070  m 0.9976
ep  43  it   750/781  loss 3.5230  lr 3.20e-04  τ_t 0.070  m 0.9976
[epoch 43] avg_loss=3.5223  lr=3.20e-04  τ_t=0.070  m=0.9976  time=7.4 min
ep  44  it    50/781  loss 3.5190  lr 3.19e-04  τ_t 0.070  m 0.9976
ep  44  it   100/781  loss 3.5201  lr 3.19e-04  τ_t 0.070  m 0.9976
ep  44  it   150/781  loss 3.5193  lr 3.18e-04  τ_t 0.070  m 0.9976
ep  44  it   200/781  loss 3.5306  lr 3.18e-04  τ_t 0.070  m 0.9976
ep  44  it   250/781  loss 3.5289  lr 3.17e-04  τ_t 0.070  m 0.9976
ep  44  it   300/781  loss 3.5309  lr 3.17e-04  τ_t 0.070  m 0.9976
ep  44  it   350/781  loss 3.5391  lr 3.16e-04  τ_t 0.070  m 0.9977
ep  44  it   400/781  loss 3.5427  lr 3.16e-04  τ_t 0.070  m 0.9977
ep  44  it   450/781  loss 3.5435  lr 3.15e-04  τ_t 0.070  m 0.9977
ep  44  it   500/781  loss 3.5443  lr 3.15e-04  τ_t 0.070  m 0.9977
ep  44  it   550/781  loss 3.5434  lr 3.14e-04  τ_t 0.070  m 0.9977
ep  44  it   600/781  loss 3.5463  lr 3.14e-04  τ_t 0.070  m 0.9977
ep  44  it   650/781  loss 3.5454  lr 3.13e-04  τ_t 0.070  m 0.9977
ep  44  it   700/781  loss 3.5475  lr 3.13e-04  τ_t 0.070  m 0.9977
ep  44  it   750/781  loss 3.5501  lr 3.12e-04  τ_t 0.070  m 0.9977
[epoch 44] avg_loss=3.5513  lr=3.12e-04  τ_t=0.070  m=0.9977  time=7.4 min
ep  45  it    50/781  loss 3.5061  lr 3.11e-04  τ_t 0.070  m 0.9977
ep  45  it   100/781  loss 3.5185  lr 3.11e-04  τ_t 0.070  m 0.9977
ep  45  it   150/781  loss 3.5393  lr 3.10e-04  τ_t 0.070  m 0.9977
ep  45  it   200/781  loss 3.5506  lr 3.10e-04  τ_t 0.070  m 0.9977
ep  45  it   250/781  loss 3.5521  lr 3.09e-04  τ_t 0.070  m 0.9977
ep  45  it   300/781  loss 3.5531  lr 3.09e-04  τ_t 0.070  m 0.9977
ep  45  it   350/781  loss 3.5570  lr 3.08e-04  τ_t 0.070  m 0.9977
ep  45  it   400/781  loss 3.5572  lr 3.08e-04  τ_t 0.070  m 0.9977
ep  45  it   450/781  loss 3.5582  lr 3.07e-04  τ_t 0.070  m 0.9977
ep  45  it   500/781  loss 3.5585  lr 3.07e-04  τ_t 0.070  m 0.9977
ep  45  it   550/781  loss 3.5585  lr 3.06e-04  τ_t 0.070  m 0.9977
ep  45  it   600/781  loss 3.5580  lr 3.06e-04  τ_t 0.070  m 0.9977
ep  45  it   650/781  loss 3.5598  lr 3.05e-04  τ_t 0.070  m 0.9977
ep  45  it   700/781  loss 3.5595  lr 3.05e-04  τ_t 0.070  m 0.9977
ep  45  it   750/781  loss 3.5615  lr 3.04e-04  τ_t 0.070  m 0.9977
[epoch 45] avg_loss=3.5622  lr=3.04e-04  τ_t=0.070  m=0.9977  time=7.5 min
ep  46  it    50/781  loss 3.6042  lr 3.03e-04  τ_t 0.070  m 0.9978
ep  46  it   100/781  loss 3.5797  lr 3.03e-04  τ_t 0.070  m 0.9978
ep  46  it   150/781  loss 3.5772  lr 3.02e-04  τ_t 0.070  m 0.9978
ep  46  it   200/781  loss 3.5689  lr 3.02e-04  τ_t 0.070  m 0.9978
ep  46  it   250/781  loss 3.5657  lr 3.01e-04  τ_t 0.070  m 0.9978
ep  46  it   300/781  loss 3.5700  lr 3.01e-04  τ_t 0.070  m 0.9978
ep  46  it   350/781  loss 3.5681  lr 3.00e-04  τ_t 0.070  m 0.9978
ep  46  it   400/781  loss 3.5677  lr 3.00e-04  τ_t 0.070  m 0.9978
ep  46  it   450/781  loss 3.5669  lr 2.99e-04  τ_t 0.070  m 0.9978
ep  46  it   500/781  loss 3.5680  lr 2.99e-04  τ_t 0.070  m 0.9978
ep  46  it   550/781  loss 3.5678  lr 2.98e-04  τ_t 0.070  m 0.9978
ep  46  it   600/781  loss 3.5683  lr 2.98e-04  τ_t 0.070  m 0.9978
ep  46  it   650/781  loss 3.5686  lr 2.97e-04  τ_t 0.070  m 0.9978
ep  46  it   700/781  loss 3.5702  lr 2.96e-04  τ_t 0.070  m 0.9978
ep  46  it   750/781  loss 3.5720  lr 2.96e-04  τ_t 0.070  m 0.9978
[epoch 46] avg_loss=3.5732  lr=2.96e-04  τ_t=0.070  m=0.9978  time=7.5 min
ep  47  it    50/781  loss 3.5771  lr 2.95e-04  τ_t 0.070  m 0.9978
ep  47  it   100/781  loss 3.5789  lr 2.95e-04  τ_t 0.070  m 0.9978
ep  47  it   150/781  loss 3.5686  lr 2.94e-04  τ_t 0.070  m 0.9978
ep  47  it   200/781  loss 3.5677  lr 2.94e-04  τ_t 0.070  m 0.9978
ep  47  it   250/781  loss 3.5685  lr 2.93e-04  τ_t 0.070  m 0.9978
ep  47  it   300/781  loss 3.5718  lr 2.93e-04  τ_t 0.070  m 0.9978
ep  47  it   350/781  loss 3.5712  lr 2.92e-04  τ_t 0.070  m 0.9978
ep  47  it   400/781  loss 3.5747  lr 2.91e-04  τ_t 0.070  m 0.9978
ep  47  it   450/781  loss 3.5765  lr 2.91e-04  τ_t 0.070  m 0.9978
ep  47  it   500/781  loss 3.5781  lr 2.90e-04  τ_t 0.070  m 0.9979
ep  47  it   550/781  loss 3.5828  lr 2.90e-04  τ_t 0.070  m 0.9979
ep  47  it   600/781  loss 3.5845  lr 2.89e-04  τ_t 0.070  m 0.9979
ep  47  it   650/781  loss 3.5839  lr 2.89e-04  τ_t 0.070  m 0.9979
ep  47  it   700/781  loss 3.5857  lr 2.88e-04  τ_t 0.070  m 0.9979
ep  47  it   750/781  loss 3.5880  lr 2.88e-04  τ_t 0.070  m 0.9979
[epoch 47] avg_loss=3.5891  lr=2.87e-04  τ_t=0.070  m=0.9979  time=7.5 min
ep  48  it    50/781  loss 3.5711  lr 2.87e-04  τ_t 0.070  m 0.9979
ep  48  it   100/781  loss 3.5734  lr 2.86e-04  τ_t 0.070  m 0.9979
ep  48  it   150/781  loss 3.5756  lr 2.86e-04  τ_t 0.070  m 0.9979
ep  48  it   200/781  loss 3.5811  lr 2.85e-04  τ_t 0.070  m 0.9979
ep  48  it   250/781  loss 3.5822  lr 2.85e-04  τ_t 0.070  m 0.9979
ep  48  it   300/781  loss 3.5807  lr 2.84e-04  τ_t 0.070  m 0.9979
ep  48  it   350/781  loss 3.5798  lr 2.84e-04  τ_t 0.070  m 0.9979
ep  48  it   400/781  loss 3.5794  lr 2.83e-04  τ_t 0.070  m 0.9979
ep  48  it   450/781  loss 3.5816  lr 2.83e-04  τ_t 0.070  m 0.9979
ep  48  it   500/781  loss 3.5831  lr 2.82e-04  τ_t 0.070  m 0.9979
ep  48  it   550/781  loss 3.5850  lr 2.82e-04  τ_t 0.070  m 0.9979
ep  48  it   600/781  loss 3.5853  lr 2.81e-04  τ_t 0.070  m 0.9979
ep  48  it   650/781  loss 3.5864  lr 2.81e-04  τ_t 0.070  m 0.9979
ep  48  it   700/781  loss 3.5896  lr 2.80e-04  τ_t 0.070  m 0.9979
ep  48  it   750/781  loss 3.5907  lr 2.80e-04  τ_t 0.070  m 0.9979
[epoch 48] avg_loss=3.5919  lr=2.79e-04  τ_t=0.070  m=0.9979  time=7.4 min
ep  49  it    50/781  loss 3.6145  lr 2.79e-04  τ_t 0.070  m 0.9979
ep  49  it   100/781  loss 3.5875  lr 2.78e-04  τ_t 0.070  m 0.9979
ep  49  it   150/781  loss 3.5857  lr 2.78e-04  τ_t 0.070  m 0.9979
ep  49  it   200/781  loss 3.5878  lr 2.77e-04  τ_t 0.070  m 0.9980
ep  49  it   250/781  loss 3.5897  lr 2.77e-04  τ_t 0.070  m 0.9980
ep  49  it   300/781  loss 3.5893  lr 2.76e-04  τ_t 0.070  m 0.9980
ep  49  it   350/781  loss 3.5902  lr 2.76e-04  τ_t 0.070  m 0.9980
ep  49  it   400/781  loss 3.5895  lr 2.75e-04  τ_t 0.070  m 0.9980
ep  49  it   450/781  loss 3.5891  lr 2.75e-04  τ_t 0.070  m 0.9980
ep  49  it   500/781  loss 3.5939  lr 2.74e-04  τ_t 0.070  m 0.9980
ep  49  it   550/781  loss 3.5963  lr 2.74e-04  τ_t 0.070  m 0.9980
ep  49  it   600/781  loss 3.5962  lr 2.73e-04  τ_t 0.070  m 0.9980
ep  49  it   650/781  loss 3.5966  lr 2.72e-04  τ_t 0.070  m 0.9980
ep  49  it   700/781  loss 3.5962  lr 2.72e-04  τ_t 0.070  m 0.9980
ep  49  it   750/781  loss 3.5982  lr 2.71e-04  τ_t 0.070  m 0.9980
[epoch 49] avg_loss=3.5984  lr=2.71e-04  τ_t=0.070  m=0.9980  time=7.5 min
ep  50  it    50/781  loss 3.5945  lr 2.71e-04  τ_t 0.070  m 0.9980
ep  50  it   100/781  loss 3.5820  lr 2.70e-04  τ_t 0.070  m 0.9980
ep  50  it   150/781  loss 3.5906  lr 2.70e-04  τ_t 0.070  m 0.9980
ep  50  it   200/781  loss 3.5897  lr 2.69e-04  τ_t 0.070  m 0.9980
ep  50  it   250/781  loss 3.5862  lr 2.68e-04  τ_t 0.070  m 0.9980
ep  50  it   300/781  loss 3.5862  lr 2.68e-04  τ_t 0.070  m 0.9980
ep  50  it   350/781  loss 3.5860  lr 2.67e-04  τ_t 0.070  m 0.9980
ep  50  it   400/781  loss 3.5895  lr 2.67e-04  τ_t 0.070  m 0.9980
ep  50  it   450/781  loss 3.5892  lr 2.66e-04  τ_t 0.070  m 0.9980
ep  50  it   500/781  loss 3.5895  lr 2.66e-04  τ_t 0.070  m 0.9980
ep  50  it   550/781  loss 3.5914  lr 2.65e-04  τ_t 0.070  m 0.9980
ep  50  it   600/781  loss 3.5908  lr 2.65e-04  τ_t 0.070  m 0.9980
ep  50  it   650/781  loss 3.5939  lr 2.64e-04  τ_t 0.070  m 0.9981
ep  50  it   700/781  loss 3.5956  lr 2.64e-04  τ_t 0.070  m 0.9981
ep  50  it   750/781  loss 3.5987  lr 2.63e-04  τ_t 0.070  m 0.9981
[epoch 50] avg_loss=3.5997  lr=2.63e-04  τ_t=0.070  m=0.9981  time=7.5 min
ep  51  it    50/781  loss 3.5621  lr 2.62e-04  τ_t 0.070  m 0.9981
ep  51  it   100/781  loss 3.5746  lr 2.62e-04  τ_t 0.070  m 0.9981
ep  51  it   150/781  loss 3.5820  lr 2.61e-04  τ_t 0.070  m 0.9981
ep  51  it   200/781  loss 3.5884  lr 2.61e-04  τ_t 0.070  m 0.9981
ep  51  it   250/781  loss 3.5803  lr 2.60e-04  τ_t 0.070  m 0.9981
ep  51  it   300/781  loss 3.5858  lr 2.60e-04  τ_t 0.070  m 0.9981
ep  51  it   350/781  loss 3.5863  lr 2.59e-04  τ_t 0.070  m 0.9981
ep  51  it   400/781  loss 3.5863  lr 2.59e-04  τ_t 0.070  m 0.9981
ep  51  it   450/781  loss 3.5894  lr 2.58e-04  τ_t 0.070  m 0.9981
ep  51  it   500/781  loss 3.5877  lr 2.58e-04  τ_t 0.070  m 0.9981
ep  51  it   550/781  loss 3.5866  lr 2.57e-04  τ_t 0.070  m 0.9981
ep  51  it   600/781  loss 3.5872  lr 2.57e-04  τ_t 0.070  m 0.9981
ep  51  it   650/781  loss 3.5897  lr 2.56e-04  τ_t 0.070  m 0.9981
ep  51  it   700/781  loss 3.5910  lr 2.55e-04  τ_t 0.070  m 0.9981
ep  51  it   750/781  loss 3.5923  lr 2.55e-04  τ_t 0.070  m 0.9981
[epoch 51] avg_loss=3.5922  lr=2.55e-04  τ_t=0.070  m=0.9981  time=7.5 min
ep  52  it    50/781  loss 3.5516  lr 2.54e-04  τ_t 0.070  m 0.9981
ep  52  it   100/781  loss 3.5669  lr 2.54e-04  τ_t 0.070  m 0.9981
ep  52  it   150/781  loss 3.5793  lr 2.53e-04  τ_t 0.070  m 0.9981
ep  52  it   200/781  loss 3.5823  lr 2.53e-04  τ_t 0.070  m 0.9981
ep  52  it   250/781  loss 3.5800  lr 2.52e-04  τ_t 0.070  m 0.9981
ep  52  it   300/781  loss 3.5844  lr 2.51e-04  τ_t 0.070  m 0.9981
ep  52  it   350/781  loss 3.5892  lr 2.51e-04  τ_t 0.070  m 0.9982
ep  52  it   400/781  loss 3.5899  lr 2.50e-04  τ_t 0.070  m 0.9982
ep  52  it   450/781  loss 3.5926  lr 2.50e-04  τ_t 0.070  m 0.9982
ep  52  it   500/781  loss 3.5926  lr 2.49e-04  τ_t 0.070  m 0.9982
ep  52  it   550/781  loss 3.5926  lr 2.49e-04  τ_t 0.070  m 0.9982
ep  52  it   600/781  loss 3.5899  lr 2.48e-04  τ_t 0.070  m 0.9982
ep  52  it   650/781  loss 3.5899  lr 2.48e-04  τ_t 0.070  m 0.9982
ep  52  it   700/781  loss 3.5903  lr 2.47e-04  τ_t 0.070  m 0.9982
ep  52  it   750/781  loss 3.5909  lr 2.47e-04  τ_t 0.070  m 0.9982
[epoch 52] avg_loss=3.5933  lr=2.46e-04  τ_t=0.070  m=0.9982  time=7.5 min
ep  53  it    50/781  loss 3.5722  lr 2.46e-04  τ_t 0.070  m 0.9982
ep  53  it   100/781  loss 3.5978  lr 2.45e-04  τ_t 0.070  m 0.9982
ep  53  it   150/781  loss 3.5959  lr 2.45e-04  τ_t 0.070  m 0.9982
ep  53  it   200/781  loss 3.5919  lr 2.44e-04  τ_t 0.070  m 0.9982
ep  53  it   250/781  loss 3.5905  lr 2.44e-04  τ_t 0.070  m 0.9982
ep  53  it   300/781  loss 3.5853  lr 2.43e-04  τ_t 0.070  m 0.9982
ep  53  it   350/781  loss 3.5848  lr 2.43e-04  τ_t 0.070  m 0.9982
ep  53  it   400/781  loss 3.5870  lr 2.42e-04  τ_t 0.070  m 0.9982
ep  53  it   450/781  loss 3.5844  lr 2.42e-04  τ_t 0.070  m 0.9982
ep  53  it   500/781  loss 3.5869  lr 2.41e-04  τ_t 0.070  m 0.9982
ep  53  it   550/781  loss 3.5863  lr 2.41e-04  τ_t 0.070  m 0.9982
ep  53  it   600/781  loss 3.5873  lr 2.40e-04  τ_t 0.070  m 0.9982
ep  53  it   650/781  loss 3.5882  lr 2.40e-04  τ_t 0.070  m 0.9982
ep  53  it   700/781  loss 3.5874  lr 2.39e-04  τ_t 0.070  m 0.9982
ep  53  it   750/781  loss 3.5873  lr 2.38e-04  τ_t 0.070  m 0.9982
[epoch 53] avg_loss=3.5870  lr=2.38e-04  τ_t=0.070  m=0.9983  time=7.5 min
ep  54  it    50/781  loss 3.5280  lr 2.38e-04  τ_t 0.070  m 0.9983
ep  54  it   100/781  loss 3.5650  lr 2.37e-04  τ_t 0.070  m 0.9983
ep  54  it   150/781  loss 3.5659  lr 2.37e-04  τ_t 0.070  m 0.9983
ep  54  it   200/781  loss 3.5605  lr 2.36e-04  τ_t 0.070  m 0.9983
ep  54  it   250/781  loss 3.5618  lr 2.35e-04  τ_t 0.070  m 0.9983
ep  54  it   300/781  loss 3.5624  lr 2.35e-04  τ_t 0.070  m 0.9983
ep  54  it   350/781  loss 3.5677  lr 2.34e-04  τ_t 0.070  m 0.9983
ep  54  it   400/781  loss 3.5729  lr 2.34e-04  τ_t 0.070  m 0.9983
ep  54  it   450/781  loss 3.5744  lr 2.33e-04  τ_t 0.070  m 0.9983
ep  54  it   500/781  loss 3.5762  lr 2.33e-04  τ_t 0.070  m 0.9983
ep  54  it   550/781  loss 3.5731  lr 2.32e-04  τ_t 0.070  m 0.9983
ep  54  it   600/781  loss 3.5721  lr 2.32e-04  τ_t 0.070  m 0.9983
ep  54  it   650/781  loss 3.5722  lr 2.31e-04  τ_t 0.070  m 0.9983
ep  54  it   700/781  loss 3.5742  lr 2.31e-04  τ_t 0.070  m 0.9983
ep  54  it   750/781  loss 3.5724  lr 2.30e-04  τ_t 0.070  m 0.9983
[epoch 54] avg_loss=3.5721  lr=2.30e-04  τ_t=0.070  m=0.9983  time=8.1 min
ep  55  it    50/781  loss 3.5496  lr 2.29e-04  τ_t 0.070  m 0.9983
ep  55  it   100/781  loss 3.5543  lr 2.29e-04  τ_t 0.070  m 0.9983
ep  55  it   150/781  loss 3.5597  lr 2.28e-04  τ_t 0.070  m 0.9983
ep  55  it   200/781  loss 3.5579  lr 2.28e-04  τ_t 0.070  m 0.9983
ep  55  it   250/781  loss 3.5635  lr 2.27e-04  τ_t 0.070  m 0.9983
ep  55  it   300/781  loss 3.5614  lr 2.27e-04  τ_t 0.070  m 0.9983
ep  55  it   350/781  loss 3.5615  lr 2.26e-04  τ_t 0.070  m 0.9983
ep  55  it   400/781  loss 3.5629  lr 2.26e-04  τ_t 0.070  m 0.9983
ep  55  it   450/781  loss 3.5610  lr 2.25e-04  τ_t 0.070  m 0.9983
ep  55  it   500/781  loss 3.5638  lr 2.25e-04  τ_t 0.070  m 0.9984
ep  55  it   550/781  loss 3.5607  lr 2.24e-04  τ_t 0.070  m 0.9984
ep  55  it   600/781  loss 3.5637  lr 2.24e-04  τ_t 0.070  m 0.9984
ep  55  it   650/781  loss 3.5638  lr 2.23e-04  τ_t 0.070  m 0.9984
ep  55  it   700/781  loss 3.5649  lr 2.23e-04  τ_t 0.070  m 0.9984
ep  55  it   750/781  loss 3.5646  lr 2.22e-04  τ_t 0.070  m 0.9984
[epoch 55] avg_loss=3.5684  lr=2.22e-04  τ_t=0.070  m=0.9984  time=7.8 min
ep  56  it    50/781  loss 3.5236  lr 2.21e-04  τ_t 0.070  m 0.9984
ep  56  it   100/781  loss 3.5430  lr 2.21e-04  τ_t 0.070  m 0.9984
ep  56  it   150/781  loss 3.5520  lr 2.20e-04  τ_t 0.070  m 0.9984
ep  56  it   200/781  loss 3.5394  lr 2.20e-04  τ_t 0.070  m 0.9984
ep  56  it   250/781  loss 3.5454  lr 2.19e-04  τ_t 0.070  m 0.9984
ep  56  it   300/781  loss 3.5473  lr 2.19e-04  τ_t 0.070  m 0.9984
ep  56  it   350/781  loss 3.5523  lr 2.18e-04  τ_t 0.070  m 0.9984
ep  56  it   400/781  loss 3.5522  lr 2.17e-04  τ_t 0.070  m 0.9984
ep  56  it   450/781  loss 3.5536  lr 2.17e-04  τ_t 0.070  m 0.9984
ep  56  it   500/781  loss 3.5547  lr 2.16e-04  τ_t 0.070  m 0.9984
ep  56  it   550/781  loss 3.5563  lr 2.16e-04  τ_t 0.070  m 0.9984
ep  56  it   600/781  loss 3.5572  lr 2.15e-04  τ_t 0.070  m 0.9984
ep  56  it   650/781  loss 3.5575  lr 2.15e-04  τ_t 0.070  m 0.9984
ep  56  it   700/781  loss 3.5573  lr 2.14e-04  τ_t 0.070  m 0.9984
ep  56  it   750/781  loss 3.5544  lr 2.14e-04  τ_t 0.070  m 0.9984
[epoch 56] avg_loss=3.5546  lr=2.14e-04  τ_t=0.070  m=0.9984  time=7.5 min
ep  57  it    50/781  loss 3.5630  lr 2.13e-04  τ_t 0.070  m 0.9984
ep  57  it   100/781  loss 3.5590  lr 2.12e-04  τ_t 0.070  m 0.9984
ep  57  it   150/781  loss 3.5436  lr 2.12e-04  τ_t 0.070  m 0.9984
ep  57  it   200/781  loss 3.5467  lr 2.11e-04  τ_t 0.070  m 0.9985
ep  57  it   250/781  loss 3.5449  lr 2.11e-04  τ_t 0.070  m 0.9985
ep  57  it   300/781  loss 3.5450  lr 2.10e-04  τ_t 0.070  m 0.9985
ep  57  it   350/781  loss 3.5451  lr 2.10e-04  τ_t 0.070  m 0.9985
ep  57  it   400/781  loss 3.5466  lr 2.09e-04  τ_t 0.070  m 0.9985
ep  57  it   450/781  loss 3.5453  lr 2.09e-04  τ_t 0.070  m 0.9985
ep  57  it   500/781  loss 3.5473  lr 2.08e-04  τ_t 0.070  m 0.9985
ep  57  it   550/781  loss 3.5501  lr 2.08e-04  τ_t 0.070  m 0.9985
ep  57  it   600/781  loss 3.5477  lr 2.07e-04  τ_t 0.070  m 0.9985
ep  57  it   650/781  loss 3.5502  lr 2.07e-04  τ_t 0.070  m 0.9985
ep  57  it   700/781  loss 3.5519  lr 2.06e-04  τ_t 0.070  m 0.9985
ep  57  it   750/781  loss 3.5502  lr 2.06e-04  τ_t 0.070  m 0.9985
[epoch 57] avg_loss=3.5496  lr=2.05e-04  τ_t=0.070  m=0.9985  time=7.4 min
ep  58  it    50/781  loss 3.5133  lr 2.05e-04  τ_t 0.070  m 0.9985
ep  58  it   100/781  loss 3.5123  lr 2.04e-04  τ_t 0.070  m 0.9985
ep  58  it   150/781  loss 3.5116  lr 2.04e-04  τ_t 0.070  m 0.9985
ep  58  it   200/781  loss 3.5084  lr 2.03e-04  τ_t 0.070  m 0.9985
ep  58  it   250/781  loss 3.5149  lr 2.03e-04  τ_t 0.070  m 0.9985
ep  58  it   300/781  loss 3.5233  lr 2.02e-04  τ_t 0.070  m 0.9985
ep  58  it   350/781  loss 3.5259  lr 2.02e-04  τ_t 0.070  m 0.9985
ep  58  it   400/781  loss 3.5331  lr 2.01e-04  τ_t 0.070  m 0.9985
ep  58  it   450/781  loss 3.5304  lr 2.01e-04  τ_t 0.070  m 0.9985
ep  58  it   500/781  loss 3.5325  lr 2.00e-04  τ_t 0.070  m 0.9985
ep  58  it   550/781  loss 3.5352  lr 2.00e-04  τ_t 0.070  m 0.9985
ep  58  it   600/781  loss 3.5387  lr 1.99e-04  τ_t 0.070  m 0.9985
ep  58  it   650/781  loss 3.5400  lr 1.99e-04  τ_t 0.070  m 0.9985
ep  58  it   700/781  loss 3.5437  lr 1.98e-04  τ_t 0.070  m 0.9986
ep  58  it   750/781  loss 3.5437  lr 1.98e-04  τ_t 0.070  m 0.9986
[epoch 58] avg_loss=3.5420  lr=1.97e-04  τ_t=0.070  m=0.9986  time=7.5 min
ep  59  it    50/781  loss 3.5346  lr 1.97e-04  τ_t 0.070  m 0.9986
ep  59  it   100/781  loss 3.5158  lr 1.96e-04  τ_t 0.070  m 0.9986
ep  59  it   150/781  loss 3.5236  lr 1.96e-04  τ_t 0.070  m 0.9986
ep  59  it   200/781  loss 3.5260  lr 1.95e-04  τ_t 0.070  m 0.9986
ep  59  it   250/781  loss 3.5331  lr 1.95e-04  τ_t 0.070  m 0.9986
ep  59  it   300/781  loss 3.5291  lr 1.94e-04  τ_t 0.070  m 0.9986
ep  59  it   350/781  loss 3.5335  lr 1.94e-04  τ_t 0.070  m 0.9986
ep  59  it   400/781  loss 3.5322  lr 1.93e-04  τ_t 0.070  m 0.9986
ep  59  it   450/781  loss 3.5329  lr 1.93e-04  τ_t 0.070  m 0.9986
ep  59  it   500/781  loss 3.5322  lr 1.92e-04  τ_t 0.070  m 0.9986
ep  59  it   550/781  loss 3.5334  lr 1.92e-04  τ_t 0.070  m 0.9986
ep  59  it   600/781  loss 3.5339  lr 1.91e-04  τ_t 0.070  m 0.9986
ep  59  it   650/781  loss 3.5360  lr 1.91e-04  τ_t 0.070  m 0.9986
ep  59  it   700/781  loss 3.5370  lr 1.90e-04  τ_t 0.070  m 0.9986
ep  59  it   750/781  loss 3.5369  lr 1.90e-04  τ_t 0.070  m 0.9986
[epoch 59] avg_loss=3.5361  lr=1.89e-04  τ_t=0.070  m=0.9986  time=7.5 min
ep  60  it    50/781  loss 3.5137  lr 1.89e-04  τ_t 0.070  m 0.9986
ep  60  it   100/781  loss 3.4976  lr 1.88e-04  τ_t 0.070  m 0.9986
ep  60  it   150/781  loss 3.5085  lr 1.88e-04  τ_t 0.070  m 0.9986
ep  60  it   200/781  loss 3.5102  lr 1.87e-04  τ_t 0.070  m 0.9986
ep  60  it   250/781  loss 3.5193  lr 1.87e-04  τ_t 0.070  m 0.9986
ep  60  it   300/781  loss 3.5206  lr 1.86e-04  τ_t 0.070  m 0.9986
ep  60  it   350/781  loss 3.5167  lr 1.86e-04  τ_t 0.070  m 0.9986
ep  60  it   400/781  loss 3.5166  lr 1.85e-04  τ_t 0.070  m 0.9986
ep  60  it   450/781  loss 3.5190  lr 1.85e-04  τ_t 0.070  m 0.9987
ep  60  it   500/781  loss 3.5225  lr 1.84e-04  τ_t 0.070  m 0.9987
ep  60  it   550/781  loss 3.5215  lr 1.84e-04  τ_t 0.070  m 0.9987
ep  60  it   600/781  loss 3.5217  lr 1.83e-04  τ_t 0.070  m 0.9987
ep  60  it   650/781  loss 3.5241  lr 1.83e-04  τ_t 0.070  m 0.9987
ep  60  it   700/781  loss 3.5258  lr 1.82e-04  τ_t 0.070  m 0.9987
ep  60  it   750/781  loss 3.5245  lr 1.82e-04  τ_t 0.070  m 0.9987
[epoch 60] avg_loss=3.5257  lr=1.81e-04  τ_t=0.070  m=0.9987  time=7.5 min
ep  61  it    50/781  loss 3.4960  lr 1.81e-04  τ_t 0.070  m 0.9987
ep  61  it   100/781  loss 3.5068  lr 1.80e-04  τ_t 0.070  m 0.9987
ep  61  it   150/781  loss 3.5173  lr 1.80e-04  τ_t 0.070  m 0.9987
ep  61  it   200/781  loss 3.5206  lr 1.79e-04  τ_t 0.070  m 0.9987
ep  61  it   250/781  loss 3.5252  lr 1.79e-04  τ_t 0.070  m 0.9987
ep  61  it   300/781  loss 3.5239  lr 1.78e-04  τ_t 0.070  m 0.9987
ep  61  it   350/781  loss 3.5232  lr 1.78e-04  τ_t 0.070  m 0.9987
ep  61  it   400/781  loss 3.5259  lr 1.77e-04  τ_t 0.070  m 0.9987
ep  61  it   450/781  loss 3.5244  lr 1.77e-04  τ_t 0.070  m 0.9987
ep  61  it   500/781  loss 3.5239  lr 1.76e-04  τ_t 0.070  m 0.9987
ep  61  it   550/781  loss 3.5213  lr 1.76e-04  τ_t 0.070  m 0.9987
ep  61  it   600/781  loss 3.5210  lr 1.75e-04  τ_t 0.070  m 0.9987
ep  61  it   650/781  loss 3.5192  lr 1.75e-04  τ_t 0.070  m 0.9987
ep  61  it   700/781  loss 3.5194  lr 1.74e-04  τ_t 0.070  m 0.9987
ep  61  it   750/781  loss 3.5191  lr 1.74e-04  τ_t 0.070  m 0.9987
[epoch 61] avg_loss=3.5195  lr=1.73e-04  τ_t=0.070  m=0.9987  time=7.5 min
ep  62  it    50/781  loss 3.5340  lr 1.73e-04  τ_t 0.070  m 0.9987
ep  62  it   100/781  loss 3.5141  lr 1.72e-04  τ_t 0.070  m 0.9987
ep  62  it   150/781  loss 3.5112  lr 1.72e-04  τ_t 0.070  m 0.9987
ep  62  it   200/781  loss 3.5067  lr 1.71e-04  τ_t 0.070  m 0.9988
ep  62  it   250/781  loss 3.5125  lr 1.71e-04  τ_t 0.070  m 0.9988
ep  62  it   300/781  loss 3.5120  lr 1.70e-04  τ_t 0.070  m 0.9988
ep  62  it   350/781  loss 3.5053  lr 1.70e-04  τ_t 0.070  m 0.9988
ep  62  it   400/781  loss 3.5086  lr 1.69e-04  τ_t 0.070  m 0.9988
ep  62  it   450/781  loss 3.5091  lr 1.69e-04  τ_t 0.070  m 0.9988
ep  62  it   500/781  loss 3.5086  lr 1.68e-04  τ_t 0.070  m 0.9988
ep  62  it   550/781  loss 3.5093  lr 1.68e-04  τ_t 0.070  m 0.9988
ep  62  it   600/781  loss 3.5109  lr 1.67e-04  τ_t 0.070  m 0.9988
ep  62  it   650/781  loss 3.5115  lr 1.67e-04  τ_t 0.070  m 0.9988
ep  62  it   700/781  loss 3.5115  lr 1.66e-04  τ_t 0.070  m 0.9988
ep  62  it   750/781  loss 3.5133  lr 1.66e-04  τ_t 0.070  m 0.9988
[epoch 62] avg_loss=3.5119  lr=1.66e-04  τ_t=0.070  m=0.9988  time=7.5 min
ep  63  it    50/781  loss 3.5103  lr 1.65e-04  τ_t 0.070  m 0.9988
ep  63  it   100/781  loss 3.5027  lr 1.65e-04  τ_t 0.070  m 0.9988
ep  63  it   150/781  loss 3.4975  lr 1.64e-04  τ_t 0.070  m 0.9988
ep  63  it   200/781  loss 3.5030  lr 1.64e-04  τ_t 0.070  m 0.9988
ep  63  it   250/781  loss 3.5023  lr 1.63e-04  τ_t 0.070  m 0.9988
ep  63  it   300/781  loss 3.4983  lr 1.63e-04  τ_t 0.070  m 0.9988
ep  63  it   350/781  loss 3.4970  lr 1.62e-04  τ_t 0.070  m 0.9988
ep  63  it   400/781  loss 3.4969  lr 1.62e-04  τ_t 0.070  m 0.9988
ep  63  it   450/781  loss 3.4958  lr 1.61e-04  τ_t 0.070  m 0.9988
ep  63  it   500/781  loss 3.4972  lr 1.61e-04  τ_t 0.070  m 0.9988
ep  63  it   550/781  loss 3.5000  lr 1.60e-04  τ_t 0.070  m 0.9988
ep  63  it   600/781  loss 3.4984  lr 1.60e-04  τ_t 0.070  m 0.9988
ep  63  it   650/781  loss 3.4993  lr 1.59e-04  τ_t 0.070  m 0.9988
ep  63  it   700/781  loss 3.4990  lr 1.59e-04  τ_t 0.070  m 0.9988
ep  63  it   750/781  loss 3.5007  lr 1.58e-04  τ_t 0.070  m 0.9988
[epoch 63] avg_loss=3.5016  lr=1.58e-04  τ_t=0.070  m=0.9989  time=7.5 min
ep  64  it    50/781  loss 3.4812  lr 1.57e-04  τ_t 0.070  m 0.9989
ep  64  it   100/781  loss 3.4844  lr 1.57e-04  τ_t 0.070  m 0.9989
ep  64  it   150/781  loss 3.4878  lr 1.56e-04  τ_t 0.070  m 0.9989
ep  64  it   200/781  loss 3.4879  lr 1.56e-04  τ_t 0.070  m 0.9989
ep  64  it   250/781  loss 3.4890  lr 1.55e-04  τ_t 0.070  m 0.9989
ep  64  it   300/781  loss 3.4893  lr 1.55e-04  τ_t 0.070  m 0.9989
ep  64  it   350/781  loss 3.4871  lr 1.54e-04  τ_t 0.070  m 0.9989
ep  64  it   400/781  loss 3.4882  lr 1.54e-04  τ_t 0.070  m 0.9989
ep  64  it   450/781  loss 3.4919  lr 1.53e-04  τ_t 0.070  m 0.9989
ep  64  it   500/781  loss 3.4962  lr 1.53e-04  τ_t 0.070  m 0.9989
ep  64  it   550/781  loss 3.4947  lr 1.53e-04  τ_t 0.070  m 0.9989
ep  64  it   600/781  loss 3.4950  lr 1.52e-04  τ_t 0.070  m 0.9989
ep  64  it   650/781  loss 3.4934  lr 1.52e-04  τ_t 0.070  m 0.9989
ep  64  it   700/781  loss 3.4952  lr 1.51e-04  τ_t 0.070  m 0.9989
ep  64  it   750/781  loss 3.4947  lr 1.51e-04  τ_t 0.070  m 0.9989
[epoch 64] avg_loss=3.4954  lr=1.50e-04  τ_t=0.070  m=0.9989  time=7.5 min
ep  65  it    50/781  loss 3.4835  lr 1.50e-04  τ_t 0.070  m 0.9989
ep  65  it   100/781  loss 3.4749  lr 1.49e-04  τ_t 0.070  m 0.9989
ep  65  it   150/781  loss 3.4873  lr 1.49e-04  τ_t 0.070  m 0.9989
ep  65  it   200/781  loss 3.4742  lr 1.48e-04  τ_t 0.070  m 0.9989
ep  65  it   250/781  loss 3.4824  lr 1.48e-04  τ_t 0.070  m 0.9989
ep  65  it   300/781  loss 3.4795  lr 1.47e-04  τ_t 0.070  m 0.9989
ep  65  it   350/781  loss 3.4862  lr 1.47e-04  τ_t 0.070  m 0.9989
ep  65  it   400/781  loss 3.4831  lr 1.46e-04  τ_t 0.070  m 0.9989
ep  65  it   450/781  loss 3.4840  lr 1.46e-04  τ_t 0.070  m 0.9989
ep  65  it   500/781  loss 3.4845  lr 1.45e-04  τ_t 0.070  m 0.9989
ep  65  it   550/781  loss 3.4835  lr 1.45e-04  τ_t 0.070  m 0.9989
ep  65  it   600/781  loss 3.4854  lr 1.45e-04  τ_t 0.070  m 0.9990
ep  65  it   650/781  loss 3.4830  lr 1.44e-04  τ_t 0.070  m 0.9990
ep  65  it   700/781  loss 3.4837  lr 1.44e-04  τ_t 0.070  m 0.9990
ep  65  it   750/781  loss 3.4839  lr 1.43e-04  τ_t 0.070  m 0.9990
[epoch 65] avg_loss=3.4837  lr=1.43e-04  τ_t=0.070  m=0.9990  time=7.5 min
ep  66  it    50/781  loss 3.5025  lr 1.42e-04  τ_t 0.070  m 0.9990
ep  66  it   100/781  loss 3.4850  lr 1.42e-04  τ_t 0.070  m 0.9990
ep  66  it   150/781  loss 3.4700  lr 1.41e-04  τ_t 0.070  m 0.9990
ep  66  it   200/781  loss 3.4736  lr 1.41e-04  τ_t 0.070  m 0.9990
ep  66  it   250/781  loss 3.4741  lr 1.40e-04  τ_t 0.070  m 0.9990
ep  66  it   300/781  loss 3.4732  lr 1.40e-04  τ_t 0.070  m 0.9990
ep  66  it   350/781  loss 3.4750  lr 1.39e-04  τ_t 0.070  m 0.9990
ep  66  it   400/781  loss 3.4733  lr 1.39e-04  τ_t 0.070  m 0.9990
ep  66  it   450/781  loss 3.4746  lr 1.39e-04  τ_t 0.070  m 0.9990
ep  66  it   500/781  loss 3.4746  lr 1.38e-04  τ_t 0.070  m 0.9990
ep  66  it   550/781  loss 3.4762  lr 1.38e-04  τ_t 0.070  m 0.9990
ep  66  it   600/781  loss 3.4759  lr 1.37e-04  τ_t 0.070  m 0.9990
ep  66  it   650/781  loss 3.4749  lr 1.37e-04  τ_t 0.070  m 0.9990
ep  66  it   700/781  loss 3.4761  lr 1.36e-04  τ_t 0.070  m 0.9990
ep  66  it   750/781  loss 3.4754  lr 1.36e-04  τ_t 0.070  m 0.9990
[epoch 66] avg_loss=3.4748  lr=1.35e-04  τ_t=0.070  m=0.9990  time=7.5 min
ep  67  it    50/781  loss 3.4270  lr 1.35e-04  τ_t 0.070  m 0.9990
ep  67  it   100/781  loss 3.4358  lr 1.34e-04  τ_t 0.070  m 0.9990
ep  67  it   150/781  loss 3.4452  lr 1.34e-04  τ_t 0.070  m 0.9990
ep  67  it   200/781  loss 3.4630  lr 1.34e-04  τ_t 0.070  m 0.9990
ep  67  it   250/781  loss 3.4615  lr 1.33e-04  τ_t 0.070  m 0.9990
ep  67  it   300/781  loss 3.4588  lr 1.33e-04  τ_t 0.070  m 0.9990
ep  67  it   350/781  loss 3.4635  lr 1.32e-04  τ_t 0.070  m 0.9990
ep  67  it   400/781  loss 3.4632  lr 1.32e-04  τ_t 0.070  m 0.9990
ep  67  it   450/781  loss 3.4648  lr 1.31e-04  τ_t 0.070  m 0.9990
ep  67  it   500/781  loss 3.4622  lr 1.31e-04  τ_t 0.070  m 0.9991
ep  67  it   550/781  loss 3.4633  lr 1.30e-04  τ_t 0.070  m 0.9991
ep  67  it   600/781  loss 3.4613  lr 1.30e-04  τ_t 0.070  m 0.9991
ep  67  it   650/781  loss 3.4625  lr 1.29e-04  τ_t 0.070  m 0.9991
ep  67  it   700/781  loss 3.4652  lr 1.29e-04  τ_t 0.070  m 0.9991
ep  67  it   750/781  loss 3.4645  lr 1.28e-04  τ_t 0.070  m 0.9991
[epoch 67] avg_loss=3.4646  lr=1.28e-04  τ_t=0.070  m=0.9991  time=7.5 min
ep  68  it    50/781  loss 3.4509  lr 1.28e-04  τ_t 0.070  m 0.9991
ep  68  it   100/781  loss 3.4428  lr 1.27e-04  τ_t 0.070  m 0.9991
ep  68  it   150/781  loss 3.4544  lr 1.27e-04  τ_t 0.070  m 0.9991
ep  68  it   200/781  loss 3.4465  lr 1.26e-04  τ_t 0.070  m 0.9991
ep  68  it   250/781  loss 3.4492  lr 1.26e-04  τ_t 0.070  m 0.9991
ep  68  it   300/781  loss 3.4454  lr 1.25e-04  τ_t 0.070  m 0.9991
ep  68  it   350/781  loss 3.4416  lr 1.25e-04  τ_t 0.070  m 0.9991
ep  68  it   400/781  loss 3.4426  lr 1.24e-04  τ_t 0.070  m 0.9991
ep  68  it   450/781  loss 3.4443  lr 1.24e-04  τ_t 0.070  m 0.9991
ep  68  it   500/781  loss 3.4452  lr 1.24e-04  τ_t 0.070  m 0.9991
ep  68  it   550/781  loss 3.4471  lr 1.23e-04  τ_t 0.070  m 0.9991
ep  68  it   600/781  loss 3.4459  lr 1.23e-04  τ_t 0.070  m 0.9991
ep  68  it   650/781  loss 3.4447  lr 1.22e-04  τ_t 0.070  m 0.9991
ep  68  it   700/781  loss 3.4446  lr 1.22e-04  τ_t 0.070  m 0.9991
ep  68  it   750/781  loss 3.4457  lr 1.21e-04  τ_t 0.070  m 0.9991
[epoch 68] avg_loss=3.4473  lr=1.21e-04  τ_t=0.070  m=0.9991  time=7.5 min
ep  69  it    50/781  loss 3.4284  lr 1.21e-04  τ_t 0.070  m 0.9991
ep  69  it   100/781  loss 3.4234  lr 1.20e-04  τ_t 0.070  m 0.9991
ep  69  it   150/781  loss 3.4325  lr 1.20e-04  τ_t 0.070  m 0.9991
ep  69  it   200/781  loss 3.4290  lr 1.19e-04  τ_t 0.070  m 0.9991
ep  69  it   250/781  loss 3.4367  lr 1.19e-04  τ_t 0.070  m 0.9991
ep  69  it   300/781  loss 3.4346  lr 1.18e-04  τ_t 0.070  m 0.9991
ep  69  it   350/781  loss 3.4319  lr 1.18e-04  τ_t 0.070  m 0.9991
ep  69  it   400/781  loss 3.4347  lr 1.17e-04  τ_t 0.070  m 0.9992
ep  69  it   450/781  loss 3.4349  lr 1.17e-04  τ_t 0.070  m 0.9992
ep  69  it   500/781  loss 3.4357  lr 1.17e-04  τ_t 0.070  m 0.9992
ep  69  it   550/781  loss 3.4349  lr 1.16e-04  τ_t 0.070  m 0.9992
ep  69  it   600/781  loss 3.4348  lr 1.16e-04  τ_t 0.070  m 0.9992
ep  69  it   650/781  loss 3.4340  lr 1.15e-04  τ_t 0.070  m 0.9992
ep  69  it   700/781  loss 3.4322  lr 1.15e-04  τ_t 0.070  m 0.9992
ep  69  it   750/781  loss 3.4345  lr 1.14e-04  τ_t 0.070  m 0.9992
[epoch 69] avg_loss=3.4344  lr=1.14e-04  τ_t=0.070  m=0.9992  time=7.9 min
ep  70  it    50/781  loss 3.3839  lr 1.14e-04  τ_t 0.070  m 0.9992
ep  70  it   100/781  loss 3.3865  lr 1.13e-04  τ_t 0.070  m 0.9992
ep  70  it   150/781  loss 3.4041  lr 1.13e-04  τ_t 0.070  m 0.9992
ep  70  it   200/781  loss 3.4090  lr 1.12e-04  τ_t 0.070  m 0.9992
ep  70  it   250/781  loss 3.4109  lr 1.12e-04  τ_t 0.070  m 0.9992
ep  70  it   300/781  loss 3.4124  lr 1.11e-04  τ_t 0.070  m 0.9992
ep  70  it   350/781  loss 3.4114  lr 1.11e-04  τ_t 0.070  m 0.9992
ep  70  it   400/781  loss 3.4149  lr 1.11e-04  τ_t 0.070  m 0.9992
ep  70  it   450/781  loss 3.4160  lr 1.10e-04  τ_t 0.070  m 0.9992
ep  70  it   500/781  loss 3.4193  lr 1.10e-04  τ_t 0.070  m 0.9992
ep  70  it   550/781  loss 3.4219  lr 1.09e-04  τ_t 0.070  m 0.9992
ep  70  it   600/781  loss 3.4211  lr 1.09e-04  τ_t 0.070  m 0.9992
ep  70  it   650/781  loss 3.4225  lr 1.08e-04  τ_t 0.070  m 0.9992
ep  70  it   700/781  loss 3.4246  lr 1.08e-04  τ_t 0.070  m 0.9992
ep  70  it   750/781  loss 3.4260  lr 1.07e-04  τ_t 0.070  m 0.9992
[epoch 70] avg_loss=3.4250  lr=1.07e-04  τ_t=0.070  m=0.9992  time=8.0 min
ep  71  it    50/781  loss 3.4099  lr 1.07e-04  τ_t 0.070  m 0.9992
ep  71  it   100/781  loss 3.4133  lr 1.06e-04  τ_t 0.070  m 0.9992
ep  71  it   150/781  loss 3.4255  lr 1.06e-04  τ_t 0.070  m 0.9992
ep  71  it   200/781  loss 3.4221  lr 1.05e-04  τ_t 0.070  m 0.9992
ep  71  it   250/781  loss 3.4187  lr 1.05e-04  τ_t 0.070  m 0.9992
ep  71  it   300/781  loss 3.4147  lr 1.05e-04  τ_t 0.070  m 0.9992
ep  71  it   350/781  loss 3.4124  lr 1.04e-04  τ_t 0.070  m 0.9992
ep  71  it   400/781  loss 3.4142  lr 1.04e-04  τ_t 0.070  m 0.9993
ep  71  it   450/781  loss 3.4137  lr 1.03e-04  τ_t 0.070  m 0.9993
ep  71  it   500/781  loss 3.4141  lr 1.03e-04  τ_t 0.070  m 0.9993
ep  71  it   550/781  loss 3.4126  lr 1.02e-04  τ_t 0.070  m 0.9993
ep  71  it   600/781  loss 3.4161  lr 1.02e-04  τ_t 0.070  m 0.9993
ep  71  it   650/781  loss 3.4163  lr 1.02e-04  τ_t 0.070  m 0.9993
ep  71  it   700/781  loss 3.4168  lr 1.01e-04  τ_t 0.070  m 0.9993
ep  71  it   750/781  loss 3.4145  lr 1.01e-04  τ_t 0.070  m 0.9993
[epoch 71] avg_loss=3.4147  lr=1.01e-04  τ_t=0.070  m=0.9993  time=7.4 min
ep  72  it    50/781  loss 3.4351  lr 1.00e-04  τ_t 0.070  m 0.9993
ep  72  it   100/781  loss 3.4245  lr 9.97e-05  τ_t 0.070  m 0.9993
ep  72  it   150/781  loss 3.4130  lr 9.93e-05  τ_t 0.070  m 0.9993
ep  72  it   200/781  loss 3.4096  lr 9.88e-05  τ_t 0.070  m 0.9993
ep  72  it   250/781  loss 3.4113  lr 9.84e-05  τ_t 0.070  m 0.9993
ep  72  it   300/781  loss 3.4078  lr 9.80e-05  τ_t 0.070  m 0.9993
ep  72  it   350/781  loss 3.4082  lr 9.76e-05  τ_t 0.070  m 0.9993
ep  72  it   400/781  loss 3.4055  lr 9.72e-05  τ_t 0.070  m 0.9993
ep  72  it   450/781  loss 3.4038  lr 9.68e-05  τ_t 0.070  m 0.9993
ep  72  it   500/781  loss 3.4037  lr 9.63e-05  τ_t 0.070  m 0.9993
ep  72  it   550/781  loss 3.4064  lr 9.59e-05  τ_t 0.070  m 0.9993
ep  72  it   600/781  loss 3.4054  lr 9.55e-05  τ_t 0.070  m 0.9993
ep  72  it   650/781  loss 3.4019  lr 9.51e-05  τ_t 0.070  m 0.9993
ep  72  it   700/781  loss 3.3999  lr 9.47e-05  τ_t 0.070  m 0.9993
ep  72  it   750/781  loss 3.4013  lr 9.43e-05  τ_t 0.070  m 0.9993
[epoch 72] avg_loss=3.4016  lr=9.40e-05  τ_t=0.070  m=0.9993  time=7.5 min
ep  73  it    50/781  loss 3.3864  lr 9.36e-05  τ_t 0.070  m 0.9993
ep  73  it   100/781  loss 3.3717  lr 9.32e-05  τ_t 0.070  m 0.9993
ep  73  it   150/781  loss 3.3889  lr 9.28e-05  τ_t 0.070  m 0.9993
ep  73  it   200/781  loss 3.3806  lr 9.24e-05  τ_t 0.070  m 0.9993
ep  73  it   250/781  loss 3.3781  lr 9.20e-05  τ_t 0.070  m 0.9993
ep  73  it   300/781  loss 3.3760  lr 9.16e-05  τ_t 0.070  m 0.9993
ep  73  it   350/781  loss 3.3782  lr 9.12e-05  τ_t 0.070  m 0.9993
ep  73  it   400/781  loss 3.3808  lr 9.08e-05  τ_t 0.070  m 0.9993
ep  73  it   450/781  loss 3.3835  lr 9.03e-05  τ_t 0.070  m 0.9993
ep  73  it   500/781  loss 3.3860  lr 8.99e-05  τ_t 0.070  m 0.9994
ep  73  it   550/781  loss 3.3893  lr 8.95e-05  τ_t 0.070  m 0.9994
ep  73  it   600/781  loss 3.3913  lr 8.91e-05  τ_t 0.070  m 0.9994
ep  73  it   650/781  loss 3.3913  lr 8.87e-05  τ_t 0.070  m 0.9994
ep  73  it   700/781  loss 3.3910  lr 8.83e-05  τ_t 0.070  m 0.9994
ep  73  it   750/781  loss 3.3911  lr 8.79e-05  τ_t 0.070  m 0.9994
[epoch 73] avg_loss=3.3907  lr=8.77e-05  τ_t=0.070  m=0.9994  time=7.4 min
ep  74  it    50/781  loss 3.3780  lr 8.73e-05  τ_t 0.070  m 0.9994
ep  74  it   100/781  loss 3.3654  lr 8.69e-05  τ_t 0.070  m 0.9994
ep  74  it   150/781  loss 3.3656  lr 8.65e-05  τ_t 0.070  m 0.9994
ep  74  it   200/781  loss 3.3712  lr 8.61e-05  τ_t 0.070  m 0.9994
ep  74  it   250/781  loss 3.3674  lr 8.57e-05  τ_t 0.070  m 0.9994
ep  74  it   300/781  loss 3.3645  lr 8.53e-05  τ_t 0.070  m 0.9994
ep  74  it   350/781  loss 3.3640  lr 8.49e-05  τ_t 0.070  m 0.9994
ep  74  it   400/781  loss 3.3675  lr 8.45e-05  τ_t 0.070  m 0.9994
ep  74  it   450/781  loss 3.3718  lr 8.41e-05  τ_t 0.070  m 0.9994
ep  74  it   500/781  loss 3.3730  lr 8.37e-05  τ_t 0.070  m 0.9994
ep  74  it   550/781  loss 3.3733  lr 8.33e-05  τ_t 0.070  m 0.9994
ep  74  it   600/781  loss 3.3699  lr 8.29e-05  τ_t 0.070  m 0.9994
ep  74  it   650/781  loss 3.3696  lr 8.25e-05  τ_t 0.070  m 0.9994
ep  74  it   700/781  loss 3.3713  lr 8.21e-05  τ_t 0.070  m 0.9994
ep  74  it   750/781  loss 3.3720  lr 8.18e-05  τ_t 0.070  m 0.9994
[epoch 74] avg_loss=3.3725  lr=8.15e-05  τ_t=0.070  m=0.9994  time=7.5 min
ep  75  it    50/781  loss 3.3285  lr 8.11e-05  τ_t 0.070  m 0.9994
ep  75  it   100/781  loss 3.3452  lr 8.07e-05  τ_t 0.070  m 0.9994
ep  75  it   150/781  loss 3.3562  lr 8.04e-05  τ_t 0.070  m 0.9994
ep  75  it   200/781  loss 3.3667  lr 8.00e-05  τ_t 0.070  m 0.9994
ep  75  it   250/781  loss 3.3648  lr 7.96e-05  τ_t 0.070  m 0.9994
ep  75  it   300/781  loss 3.3616  lr 7.92e-05  τ_t 0.070  m 0.9994
ep  75  it   350/781  loss 3.3608  lr 7.88e-05  τ_t 0.070  m 0.9994
ep  75  it   400/781  loss 3.3592  lr 7.84e-05  τ_t 0.070  m 0.9994
ep  75  it   450/781  loss 3.3598  lr 7.81e-05  τ_t 0.070  m 0.9994
ep  75  it   500/781  loss 3.3607  lr 7.77e-05  τ_t 0.070  m 0.9994
ep  75  it   550/781  loss 3.3624  lr 7.73e-05  τ_t 0.070  m 0.9994
ep  75  it   600/781  loss 3.3606  lr 7.69e-05  τ_t 0.070  m 0.9994
ep  75  it   650/781  loss 3.3614  lr 7.65e-05  τ_t 0.070  m 0.9995
ep  75  it   700/781  loss 3.3608  lr 7.62e-05  τ_t 0.070  m 0.9995
ep  75  it   750/781  loss 3.3605  lr 7.58e-05  τ_t 0.070  m 0.9995
[epoch 75] avg_loss=3.3589  lr=7.55e-05  τ_t=0.070  m=0.9995  time=7.5 min
ep  76  it    50/781  loss 3.3427  lr 7.52e-05  τ_t 0.070  m 0.9995
ep  76  it   100/781  loss 3.3415  lr 7.48e-05  τ_t 0.070  m 0.9995
ep  76  it   150/781  loss 3.3364  lr 7.44e-05  τ_t 0.070  m 0.9995
ep  76  it   200/781  loss 3.3472  lr 7.40e-05  τ_t 0.070  m 0.9995
ep  76  it   250/781  loss 3.3479  lr 7.37e-05  τ_t 0.070  m 0.9995
ep  76  it   300/781  loss 3.3480  lr 7.33e-05  τ_t 0.070  m 0.9995
ep  76  it   350/781  loss 3.3474  lr 7.29e-05  τ_t 0.070  m 0.9995
ep  76  it   400/781  loss 3.3465  lr 7.26e-05  τ_t 0.070  m 0.9995
ep  76  it   450/781  loss 3.3457  lr 7.22e-05  τ_t 0.070  m 0.9995
ep  76  it   500/781  loss 3.3433  lr 7.18e-05  τ_t 0.070  m 0.9995
ep  76  it   550/781  loss 3.3482  lr 7.14e-05  τ_t 0.070  m 0.9995
ep  76  it   600/781  loss 3.3454  lr 7.11e-05  τ_t 0.070  m 0.9995
ep  76  it   650/781  loss 3.3447  lr 7.07e-05  τ_t 0.070  m 0.9995
ep  76  it   700/781  loss 3.3449  lr 7.03e-05  τ_t 0.070  m 0.9995
ep  76  it   750/781  loss 3.3460  lr 7.00e-05  τ_t 0.070  m 0.9995
[epoch 76] avg_loss=3.3475  lr=6.98e-05  τ_t=0.070  m=0.9995  time=7.4 min
ep  77  it    50/781  loss 3.3401  lr 6.94e-05  τ_t 0.070  m 0.9995
ep  77  it   100/781  loss 3.3512  lr 6.90e-05  τ_t 0.070  m 0.9995
ep  77  it   150/781  loss 3.3435  lr 6.87e-05  τ_t 0.070  m 0.9995
ep  77  it   200/781  loss 3.3354  lr 6.83e-05  τ_t 0.070  m 0.9995
ep  77  it   250/781  loss 3.3298  lr 6.79e-05  τ_t 0.070  m 0.9995
ep  77  it   300/781  loss 3.3317  lr 6.76e-05  τ_t 0.070  m 0.9995
ep  77  it   350/781  loss 3.3361  lr 6.72e-05  τ_t 0.070  m 0.9995
ep  77  it   400/781  loss 3.3362  lr 6.69e-05  τ_t 0.070  m 0.9995
ep  77  it   450/781  loss 3.3382  lr 6.65e-05  τ_t 0.070  m 0.9995
ep  77  it   500/781  loss 3.3390  lr 6.62e-05  τ_t 0.070  m 0.9995
ep  77  it   550/781  loss 3.3374  lr 6.58e-05  τ_t 0.070  m 0.9995
ep  77  it   600/781  loss 3.3379  lr 6.54e-05  τ_t 0.070  m 0.9995
ep  77  it   650/781  loss 3.3377  lr 6.51e-05  τ_t 0.070  m 0.9995
ep  77  it   700/781  loss 3.3388  lr 6.47e-05  τ_t 0.070  m 0.9995
ep  77  it   750/781  loss 3.3391  lr 6.44e-05  τ_t 0.070  m 0.9995
[epoch 77] avg_loss=3.3395  lr=6.42e-05  τ_t=0.070  m=0.9995  time=7.5 min
ep  78  it    50/781  loss 3.3204  lr 6.38e-05  τ_t 0.070  m 0.9995
ep  78  it   100/781  loss 3.3165  lr 6.35e-05  τ_t 0.070  m 0.9995
ep  78  it   150/781  loss 3.3239  lr 6.31e-05  τ_t 0.070  m 0.9995
ep  78  it   200/781  loss 3.3279  lr 6.28e-05  τ_t 0.070  m 0.9996
ep  78  it   250/781  loss 3.3210  lr 6.24e-05  τ_t 0.070  m 0.9996
ep  78  it   300/781  loss 3.3188  lr 6.21e-05  τ_t 0.070  m 0.9996
ep  78  it   350/781  loss 3.3170  lr 6.17e-05  τ_t 0.070  m 0.9996
ep  78  it   400/781  loss 3.3150  lr 6.14e-05  τ_t 0.070  m 0.9996
ep  78  it   450/781  loss 3.3171  lr 6.10e-05  τ_t 0.070  m 0.9996
ep  78  it   500/781  loss 3.3153  lr 6.07e-05  τ_t 0.070  m 0.9996
ep  78  it   550/781  loss 3.3168  lr 6.04e-05  τ_t 0.070  m 0.9996
ep  78  it   600/781  loss 3.3172  lr 6.00e-05  τ_t 0.070  m 0.9996
ep  78  it   650/781  loss 3.3184  lr 5.97e-05  τ_t 0.070  m 0.9996
ep  78  it   700/781  loss 3.3169  lr 5.93e-05  τ_t 0.070  m 0.9996
================================
PBS jobid : 884014.pbshpc
node list : aice007.hpc.iitd.ac.in
workdir   : /home/maths/btech/mt1230785/scratch/col775_a2_hpc
Thu Apr 23 05:48:09 IST 2026
================================
Thu Apr 23 05:48:14 2026       
+-----------------------------------------------------------------------------------------+
| NVIDIA-SMI 550.90.07              Driver Version: 550.90.07      CUDA Version: 12.4     |
|-----------------------------------------+------------------------+----------------------+
| GPU  Name                 Persistence-M | Bus-Id          Disp.A | Volatile Uncorr. ECC |
| Fan  Temp   Perf          Pwr:Usage/Cap |           Memory-Usage | GPU-Util  Compute M. |
|                                         |                        |               MIG M. |
|=========================================+========================+======================|
|   0  NVIDIA A100-PCIE-40GB          Off |   00000000:2B:00.0 Off |                    0 |
| N/A   42C    P0             45W /  250W |       1MiB /  40960MiB |      5%      Default |
|                                         |                        |             Disabled |
+-----------------------------------------+------------------------+----------------------+
                                                                                         
+-----------------------------------------------------------------------------------------+
| Processes:                                                                              |
|  GPU   GI   CI        PID   Type   Process name                              GPU Memory |
|        ID   ID                                                               Usage      |
|=========================================================================================|
|  No running processes found                                                             |
+-----------------------------------------------------------------------------------------+
[data] 100004 images
[data] steps/epoch=781  total_steps=78100
[resume] resuming from epoch 78 (step 60918)
================================
exit code : 0
Thu Apr 23 05:53:42 IST 2026
================================
================================
PBS jobid : 885584.pbshpc
node list : aice009.hpc.iitd.ac.in
workdir   : /home/maths/btech/mt1230785/scratch/col775_a2_hpc
Thu Apr 23 16:31:57 IST 2026
================================
Thu Apr 23 16:32:05 2026       
+---------------------------------------------------------------------------------------+
| NVIDIA-SMI 535.129.03             Driver Version: 535.129.03   CUDA Version: 12.2     |
|-----------------------------------------+----------------------+----------------------+
| GPU  Name                 Persistence-M | Bus-Id        Disp.A | Volatile Uncorr. ECC |
| Fan  Temp   Perf          Pwr:Usage/Cap |         Memory-Usage | GPU-Util  Compute M. |
|                                         |                      |               MIG M. |
|=========================================+======================+======================|
|   0  NVIDIA A100-PCIE-40GB          Off | 00000000:C0:00.0 Off |                    0 |
| N/A   42C    P0              42W / 250W |      4MiB / 40960MiB |     38%      Default |
|                                         |                      |             Disabled |
+-----------------------------------------+----------------------+----------------------+
                                                                                         
+---------------------------------------------------------------------------------------+
| Processes:                                                                            |
|  GPU   GI   CI        PID   Type   Process name                            GPU Memory |
|        ID   ID                                                             Usage      |
|=======================================================================================|
|  No running processes found                                                           |
+---------------------------------------------------------------------------------------+
torch 2.5.0+cu118 cuda? True
[data] 100004 images
[data] steps/epoch=781  total_steps=78100
[resume] resuming from epoch 78 (step 60918)
ep  78  it    50/781  loss 3.2757  lr 6.38e-05  τ_t 0.070  m 0.9995
ep  78  it   100/781  loss 3.2987  lr 6.35e-05  τ_t 0.070  m 0.9995
ep  78  it   150/781  loss 3.3078  lr 6.31e-05  τ_t 0.070  m 0.9995
ep  78  it   200/781  loss 3.3051  lr 6.28e-05  τ_t 0.070  m 0.9996
ep  78  it   250/781  loss 3.3099  lr 6.24e-05  τ_t 0.070  m 0.9996
ep  78  it   300/781  loss 3.3129  lr 6.21e-05  τ_t 0.070  m 0.9996
ep  78  it   350/781  loss 3.3127  lr 6.17e-05  τ_t 0.070  m 0.9996
ep  78  it   400/781  loss 3.3136  lr 6.14e-05  τ_t 0.070  m 0.9996
ep  78  it   450/781  loss 3.3164  lr 6.10e-05  τ_t 0.070  m 0.9996
ep  78  it   500/781  loss 3.3202  lr 6.07e-05  τ_t 0.070  m 0.9996
ep  78  it   550/781  loss 3.3204  lr 6.04e-05  τ_t 0.070  m 0.9996
ep  78  it   600/781  loss 3.3196  lr 6.00e-05  τ_t 0.070  m 0.9996
ep  78  it   650/781  loss 3.3206  lr 5.97e-05  τ_t 0.070  m 0.9996
ep  78  it   700/781  loss 3.3203  lr 5.93e-05  τ_t 0.070  m 0.9996
ep  78  it   750/781  loss 3.3193  lr 5.90e-05  τ_t 0.070  m 0.9996
[epoch 78] avg_loss=3.3211  lr=5.88e-05  τ_t=0.070  m=0.9996  time=10.7 min
ep  79  it    50/781  loss 3.2780  lr 5.84e-05  τ_t 0.070  m 0.9996
ep  79  it   100/781  loss 3.2768  lr 5.81e-05  τ_t 0.070  m 0.9996
ep  79  it   150/781  loss 3.2911  lr 5.78e-05  τ_t 0.070  m 0.9996
ep  79  it   200/781  loss 3.2980  lr 5.74e-05  τ_t 0.070  m 0.9996
ep  79  it   250/781  loss 3.3021  lr 5.71e-05  τ_t 0.070  m 0.9996
ep  79  it   300/781  loss 3.2990  lr 5.68e-05  τ_t 0.070  m 0.9996
ep  79  it   350/781  loss 3.3025  lr 5.64e-05  τ_t 0.070  m 0.9996
ep  79  it   400/781  loss 3.3055  lr 5.61e-05  τ_t 0.070  m 0.9996
ep  79  it   450/781  loss 3.3081  lr 5.58e-05  τ_t 0.070  m 0.9996
ep  79  it   500/781  loss 3.3106  lr 5.54e-05  τ_t 0.070  m 0.9996
ep  79  it   550/781  loss 3.3126  lr 5.51e-05  τ_t 0.070  m 0.9996
ep  79  it   600/781  loss 3.3137  lr 5.48e-05  τ_t 0.070  m 0.9996
ep  79  it   650/781  loss 3.3116  lr 5.45e-05  τ_t 0.070  m 0.9996
ep  79  it   700/781  loss 3.3103  lr 5.41e-05  τ_t 0.070  m 0.9996
ep  79  it   750/781  loss 3.3127  lr 5.38e-05  τ_t 0.070  m 0.9996
[epoch 79] avg_loss=3.3113  lr=5.36e-05  τ_t=0.070  m=0.9996  time=7.4 min
ep  80  it    50/781  loss 3.2988  lr 5.33e-05  τ_t 0.070  m 0.9996
ep  80  it   100/781  loss 3.2952  lr 5.30e-05  τ_t 0.070  m 0.9996
ep  80  it   150/781  loss 3.2882  lr 5.26e-05  τ_t 0.070  m 0.9996
ep  80  it   200/781  loss 3.2929  lr 5.23e-05  τ_t 0.070  m 0.9996
ep  80  it   250/781  loss 3.2934  lr 5.20e-05  τ_t 0.070  m 0.9996
ep  80  it   300/781  loss 3.2896  lr 5.17e-05  τ_t 0.070  m 0.9996
ep  80  it   350/781  loss 3.2835  lr 5.14e-05  τ_t 0.070  m 0.9996
ep  80  it   400/781  loss 3.2856  lr 5.10e-05  τ_t 0.070  m 0.9996
ep  80  it   450/781  loss 3.2905  lr 5.07e-05  τ_t 0.070  m 0.9996
ep  80  it   500/781  loss 3.2917  lr 5.04e-05  τ_t 0.070  m 0.9996
ep  80  it   550/781  loss 3.2979  lr 5.01e-05  τ_t 0.070  m 0.9996
ep  80  it   600/781  loss 3.2979  lr 4.98e-05  τ_t 0.070  m 0.9996
ep  80  it   650/781  loss 3.2953  lr 4.95e-05  τ_t 0.070  m 0.9996
ep  80  it   700/781  loss 3.2958  lr 4.92e-05  τ_t 0.070  m 0.9997
ep  80  it   750/781  loss 3.2960  lr 4.88e-05  τ_t 0.070  m 0.9997
[epoch 80] avg_loss=3.2948  lr=4.87e-05  τ_t=0.070  m=0.9997  time=7.4 min
ep  81  it    50/781  loss 3.2664  lr 4.83e-05  τ_t 0.070  m 0.9997
ep  81  it   100/781  loss 3.2712  lr 4.80e-05  τ_t 0.070  m 0.9997
ep  81  it   150/781  loss 3.2678  lr 4.77e-05  τ_t 0.070  m 0.9997
ep  81  it   200/781  loss 3.2755  lr 4.74e-05  τ_t 0.070  m 0.9997
ep  81  it   250/781  loss 3.2754  lr 4.71e-05  τ_t 0.070  m 0.9997
ep  81  it   300/781  loss 3.2731  lr 4.68e-05  τ_t 0.070  m 0.9997
ep  81  it   350/781  loss 3.2711  lr 4.65e-05  τ_t 0.070  m 0.9997
ep  81  it   400/781  loss 3.2741  lr 4.62e-05  τ_t 0.070  m 0.9997
ep  81  it   450/781  loss 3.2766  lr 4.59e-05  τ_t 0.070  m 0.9997
ep  81  it   500/781  loss 3.2748  lr 4.56e-05  τ_t 0.070  m 0.9997
ep  81  it   550/781  loss 3.2772  lr 4.53e-05  τ_t 0.070  m 0.9997
ep  81  it   600/781  loss 3.2790  lr 4.50e-05  τ_t 0.070  m 0.9997
ep  81  it   650/781  loss 3.2813  lr 4.47e-05  τ_t 0.070  m 0.9997
ep  81  it   700/781  loss 3.2819  lr 4.44e-05  τ_t 0.070  m 0.9997
ep  81  it   750/781  loss 3.2823  lr 4.41e-05  τ_t 0.070  m 0.9997
[epoch 81] avg_loss=3.2812  lr=4.39e-05  τ_t=0.070  m=0.9997  time=7.4 min
ep  82  it    50/781  loss 3.2317  lr 4.36e-05  τ_t 0.070  m 0.9997
ep  82  it   100/781  loss 3.2383  lr 4.33e-05  τ_t 0.070  m 0.9997
ep  82  it   150/781  loss 3.2439  lr 4.30e-05  τ_t 0.070  m 0.9997
ep  82  it   200/781  loss 3.2486  lr 4.27e-05  τ_t 0.070  m 0.9997
ep  82  it   250/781  loss 3.2502  lr 4.24e-05  τ_t 0.070  m 0.9997
ep  82  it   300/781  loss 3.2559  lr 4.22e-05  τ_t 0.070  m 0.9997
ep  82  it   350/781  loss 3.2586  lr 4.19e-05  τ_t 0.070  m 0.9997
ep  82  it   400/781  loss 3.2611  lr 4.16e-05  τ_t 0.070  m 0.9997
ep  82  it   450/781  loss 3.2674  lr 4.13e-05  τ_t 0.070  m 0.9997
ep  82  it   500/781  loss 3.2698  lr 4.10e-05  τ_t 0.070  m 0.9997
ep  82  it   550/781  loss 3.2704  lr 4.07e-05  τ_t 0.070  m 0.9997
ep  82  it   600/781  loss 3.2706  lr 4.04e-05  τ_t 0.070  m 0.9997
ep  82  it   650/781  loss 3.2693  lr 4.01e-05  τ_t 0.070  m 0.9997
ep  82  it   700/781  loss 3.2713  lr 3.99e-05  τ_t 0.070  m 0.9997
ep  82  it   750/781  loss 3.2721  lr 3.96e-05  τ_t 0.070  m 0.9997
[epoch 82] avg_loss=3.2707  lr=3.94e-05  τ_t=0.070  m=0.9997  time=7.4 min
ep  83  it    50/781  loss 3.2545  lr 3.91e-05  τ_t 0.070  m 0.9997
ep  83  it   100/781  loss 3.2589  lr 3.88e-05  τ_t 0.070  m 0.9997
ep  83  it   150/781  loss 3.2541  lr 3.86e-05  τ_t 0.070  m 0.9997
ep  83  it   200/781  loss 3.2590  lr 3.83e-05  τ_t 0.070  m 0.9997
ep  83  it   250/781  loss 3.2548  lr 3.80e-05  τ_t 0.070  m 0.9997
ep  83  it   300/781  loss 3.2552  lr 3.77e-05  τ_t 0.070  m 0.9997
ep  83  it   350/781  loss 3.2545  lr 3.75e-05  τ_t 0.070  m 0.9997
ep  83  it   400/781  loss 3.2553  lr 3.72e-05  τ_t 0.070  m 0.9997
ep  83  it   450/781  loss 3.2540  lr 3.69e-05  τ_t 0.070  m 0.9997
ep  83  it   500/781  loss 3.2559  lr 3.66e-05  τ_t 0.070  m 0.9997
ep  83  it   550/781  loss 3.2540  lr 3.64e-05  τ_t 0.070  m 0.9997
ep  83  it   600/781  loss 3.2563  lr 3.61e-05  τ_t 0.070  m 0.9997
ep  83  it   650/781  loss 3.2558  lr 3.58e-05  τ_t 0.070  m 0.9997
ep  83  it   700/781  loss 3.2571  lr 3.56e-05  τ_t 0.070  m 0.9997
ep  83  it   750/781  loss 3.2589  lr 3.53e-05  τ_t 0.070  m 0.9998
[epoch 83] avg_loss=3.2587  lr=3.51e-05  τ_t=0.070  m=0.9998  time=7.4 min
ep  84  it    50/781  loss 3.2487  lr 3.49e-05  τ_t 0.070  m 0.9998
ep  84  it   100/781  loss 3.2600  lr 3.46e-05  τ_t 0.070  m 0.9998
ep  84  it   150/781  loss 3.2617  lr 3.43e-05  τ_t 0.070  m 0.9998
ep  84  it   200/781  loss 3.2539  lr 3.41e-05  τ_t 0.070  m 0.9998
ep  84  it   250/781  loss 3.2447  lr 3.38e-05  τ_t 0.070  m 0.9998
ep  84  it   300/781  loss 3.2480  lr 3.35e-05  τ_t 0.070  m 0.9998
ep  84  it   350/781  loss 3.2453  lr 3.33e-05  τ_t 0.070  m 0.9998
ep  84  it   400/781  loss 3.2462  lr 3.30e-05  τ_t 0.070  m 0.9998
ep  84  it   450/781  loss 3.2470  lr 3.28e-05  τ_t 0.070  m 0.9998
ep  84  it   500/781  loss 3.2481  lr 3.25e-05  τ_t 0.070  m 0.9998
ep  84  it   550/781  loss 3.2498  lr 3.22e-05  τ_t 0.070  m 0.9998
ep  84  it   600/781  loss 3.2485  lr 3.20e-05  τ_t 0.070  m 0.9998
ep  84  it   650/781  loss 3.2482  lr 3.17e-05  τ_t 0.070  m 0.9998
ep  84  it   700/781  loss 3.2477  lr 3.15e-05  τ_t 0.070  m 0.9998
ep  84  it   750/781  loss 3.2453  lr 3.12e-05  τ_t 0.070  m 0.9998
[epoch 84] avg_loss=3.2459  lr=3.11e-05  τ_t=0.070  m=0.9998  time=7.4 min
ep  85  it    50/781  loss 3.2669  lr 3.08e-05  τ_t 0.070  m 0.9998
ep  85  it   100/781  loss 3.2437  lr 3.06e-05  τ_t 0.070  m 0.9998
ep  85  it   150/781  loss 3.2408  lr 3.03e-05  τ_t 0.070  m 0.9998
ep  85  it   200/781  loss 3.2424  lr 3.01e-05  τ_t 0.070  m 0.9998
ep  85  it   250/781  loss 3.2456  lr 2.98e-05  τ_t 0.070  m 0.9998
ep  85  it   300/781  loss 3.2405  lr 2.96e-05  τ_t 0.070  m 0.9998
ep  85  it   350/781  loss 3.2361  lr 2.93e-05  τ_t 0.070  m 0.9998
ep  85  it   400/781  loss 3.2366  lr 2.91e-05  τ_t 0.070  m 0.9998
ep  85  it   450/781  loss 3.2379  lr 2.88e-05  τ_t 0.070  m 0.9998
ep  85  it   500/781  loss 3.2398  lr 2.86e-05  τ_t 0.070  m 0.9998
ep  85  it   550/781  loss 3.2370  lr 2.84e-05  τ_t 0.070  m 0.9998
ep  85  it   600/781  loss 3.2390  lr 2.81e-05  τ_t 0.070  m 0.9998
ep  85  it   650/781  loss 3.2387  lr 2.79e-05  τ_t 0.070  m 0.9998
ep  85  it   700/781  loss 3.2356  lr 2.76e-05  τ_t 0.070  m 0.9998
ep  85  it   750/781  loss 3.2336  lr 2.74e-05  τ_t 0.070  m 0.9998
[epoch 85] avg_loss=3.2352  lr=2.73e-05  τ_t=0.070  m=0.9998  time=7.4 min
ep  86  it    50/781  loss 3.2046  lr 2.70e-05  τ_t 0.070  m 0.9998
ep  86  it   100/781  loss 3.2058  lr 2.68e-05  τ_t 0.070  m 0.9998
ep  86  it   150/781  loss 3.2258  lr 2.66e-05  τ_t 0.070  m 0.9998
ep  86  it   200/781  loss 3.2207  lr 2.63e-05  τ_t 0.070  m 0.9998
ep  86  it   250/781  loss 3.2183  lr 2.61e-05  τ_t 0.070  m 0.9998
ep  86  it   300/781  loss 3.2182  lr 2.59e-05  τ_t 0.070  m 0.9998
ep  86  it   350/781  loss 3.2235  lr 2.56e-05  τ_t 0.070  m 0.9998
ep  86  it   400/781  loss 3.2195  lr 2.54e-05  τ_t 0.070  m 0.9998
ep  86  it   450/781  loss 3.2197  lr 2.52e-05  τ_t 0.070  m 0.9998
ep  86  it   500/781  loss 3.2213  lr 2.50e-05  τ_t 0.070  m 0.9998
ep  86  it   550/781  loss 3.2237  lr 2.47e-05  τ_t 0.070  m 0.9998
ep  86  it   600/781  loss 3.2214  lr 2.45e-05  τ_t 0.070  m 0.9998
ep  86  it   650/781  loss 3.2210  lr 2.43e-05  τ_t 0.070  m 0.9998
ep  86  it   700/781  loss 3.2222  lr 2.41e-05  τ_t 0.070  m 0.9998
ep  86  it   750/781  loss 3.2213  lr 2.38e-05  τ_t 0.070  m 0.9998
[epoch 86] avg_loss=3.2215  lr=2.37e-05  τ_t=0.070  m=0.9998  time=7.4 min
ep  87  it    50/781  loss 3.1912  lr 2.35e-05  τ_t 0.070  m 0.9998
ep  87  it   100/781  loss 3.2010  lr 2.33e-05  τ_t 0.070  m 0.9998
ep  87  it   150/781  loss 3.2101  lr 2.30e-05  τ_t 0.070  m 0.9998
ep  87  it   200/781  loss 3.2168  lr 2.28e-05  τ_t 0.070  m 0.9998
ep  87  it   250/781  loss 3.2194  lr 2.26e-05  τ_t 0.070  m 0.9998
ep  87  it   300/781  loss 3.2175  lr 2.24e-05  τ_t 0.070  m 0.9998
ep  87  it   350/781  loss 3.2167  lr 2.22e-05  τ_t 0.070  m 0.9998
ep  87  it   400/781  loss 3.2159  lr 2.20e-05  τ_t 0.070  m 0.9998
ep  87  it   450/781  loss 3.2175  lr 2.18e-05  τ_t 0.070  m 0.9998
ep  87  it   500/781  loss 3.2189  lr 2.16e-05  τ_t 0.070  m 0.9999
ep  87  it   550/781  loss 3.2170  lr 2.13e-05  τ_t 0.070  m 0.9999
ep  87  it   600/781  loss 3.2137  lr 2.11e-05  τ_t 0.070  m 0.9999
ep  87  it   650/781  loss 3.2124  lr 2.09e-05  τ_t 0.070  m 0.9999
ep  87  it   700/781  loss 3.2103  lr 2.07e-05  τ_t 0.070  m 0.9999
ep  87  it   750/781  loss 3.2115  lr 2.05e-05  τ_t 0.070  m 0.9999
[epoch 87] avg_loss=3.2128  lr=2.04e-05  τ_t=0.070  m=0.9999  time=7.4 min
ep  88  it    50/781  loss 3.1657  lr 2.02e-05  τ_t 0.070  m 0.9999
ep  88  it   100/781  loss 3.1834  lr 2.00e-05  τ_t 0.070  m 0.9999
ep  88  it   150/781  loss 3.1880  lr 1.98e-05  τ_t 0.070  m 0.9999
ep  88  it   200/781  loss 3.1875  lr 1.96e-05  τ_t 0.070  m 0.9999
ep  88  it   250/781  loss 3.1949  lr 1.94e-05  τ_t 0.070  m 0.9999
ep  88  it   300/781  loss 3.1941  lr 1.92e-05  τ_t 0.070  m 0.9999
ep  88  it   350/781  loss 3.1936  lr 1.90e-05  τ_t 0.070  m 0.9999
ep  88  it   400/781  loss 3.1971  lr 1.88e-05  τ_t 0.070  m 0.9999
ep  88  it   450/781  loss 3.2004  lr 1.86e-05  τ_t 0.070  m 0.9999
ep  88  it   500/781  loss 3.1997  lr 1.84e-05  τ_t 0.070  m 0.9999
ep  88  it   550/781  loss 3.1977  lr 1.82e-05  τ_t 0.070  m 0.9999
ep  88  it   600/781  loss 3.1996  lr 1.80e-05  τ_t 0.070  m 0.9999
ep  88  it   650/781  loss 3.1995  lr 1.78e-05  τ_t 0.070  m 0.9999
ep  88  it   700/781  loss 3.1985  lr 1.76e-05  τ_t 0.070  m 0.9999
ep  88  it   750/781  loss 3.1991  lr 1.74e-05  τ_t 0.070  m 0.9999
[epoch 88] avg_loss=3.2001  lr=1.73e-05  τ_t=0.070  m=0.9999  time=7.4 min
ep  89  it    50/781  loss 3.2077  lr 1.71e-05  τ_t 0.070  m 0.9999
ep  89  it   100/781  loss 3.2145  lr 1.70e-05  τ_t 0.070  m 0.9999
ep  89  it   150/781  loss 3.1980  lr 1.68e-05  τ_t 0.070  m 0.9999
ep  89  it   200/781  loss 3.1977  lr 1.66e-05  τ_t 0.070  m 0.9999
ep  89  it   250/781  loss 3.1984  lr 1.64e-05  τ_t 0.070  m 0.9999
ep  89  it   300/781  loss 3.1941  lr 1.62e-05  τ_t 0.070  m 0.9999
ep  89  it   350/781  loss 3.1925  lr 1.60e-05  τ_t 0.070  m 0.9999
ep  89  it   400/781  loss 3.1909  lr 1.59e-05  τ_t 0.070  m 0.9999
ep  89  it   450/781  loss 3.1888  lr 1.57e-05  τ_t 0.070  m 0.9999
ep  89  it   500/781  loss 3.1866  lr 1.55e-05  τ_t 0.070  m 0.9999
ep  89  it   550/781  loss 3.1861  lr 1.53e-05  τ_t 0.070  m 0.9999
ep  89  it   600/781  loss 3.1844  lr 1.51e-05  τ_t 0.070  m 0.9999
ep  89  it   650/781  loss 3.1838  lr 1.50e-05  τ_t 0.070  m 0.9999
ep  89  it   700/781  loss 3.1846  lr 1.48e-05  τ_t 0.070  m 0.9999
ep  89  it   750/781  loss 3.1866  lr 1.46e-05  τ_t 0.070  m 0.9999
[epoch 89] avg_loss=3.1860  lr=1.45e-05  τ_t=0.070  m=0.9999  time=7.4 min
ep  90  it    50/781  loss 3.2184  lr 1.43e-05  τ_t 0.070  m 0.9999
ep  90  it   100/781  loss 3.1964  lr 1.42e-05  τ_t 0.070  m 0.9999
ep  90  it   150/781  loss 3.1969  lr 1.40e-05  τ_t 0.070  m 0.9999
ep  90  it   200/781  loss 3.1889  lr 1.38e-05  τ_t 0.070  m 0.9999
ep  90  it   250/781  loss 3.1829  lr 1.37e-05  τ_t 0.070  m 0.9999
ep  90  it   300/781  loss 3.1840  lr 1.35e-05  τ_t 0.070  m 0.9999
ep  90  it   350/781  loss 3.1874  lr 1.33e-05  τ_t 0.070  m 0.9999
ep  90  it   400/781  loss 3.1862  lr 1.32e-05  τ_t 0.070  m 0.9999
ep  90  it   450/781  loss 3.1850  lr 1.30e-05  τ_t 0.070  m 0.9999
ep  90  it   500/781  loss 3.1853  lr 1.29e-05  τ_t 0.070  m 0.9999
ep  90  it   550/781  loss 3.1835  lr 1.27e-05  τ_t 0.070  m 0.9999
ep  90  it   600/781  loss 3.1827  lr 1.25e-05  τ_t 0.070  m 0.9999
ep  90  it   650/781  loss 3.1806  lr 1.24e-05  τ_t 0.070  m 0.9999
ep  90  it   700/781  loss 3.1807  lr 1.22e-05  τ_t 0.070  m 0.9999
ep  90  it   750/781  loss 3.1790  lr 1.21e-05  τ_t 0.070  m 0.9999
[epoch 90] avg_loss=3.1790  lr=1.20e-05  τ_t=0.070  m=0.9999  time=7.3 min
ep  91  it    50/781  loss 3.1663  lr 1.18e-05  τ_t 0.070  m 0.9999
ep  91  it   100/781  loss 3.1590  lr 1.17e-05  τ_t 0.070  m 0.9999
ep  91  it   150/781  loss 3.1818  lr 1.15e-05  τ_t 0.070  m 0.9999
ep  91  it   200/781  loss 3.1691  lr 1.14e-05  τ_t 0.070  m 0.9999
ep  91  it   250/781  loss 3.1725  lr 1.12e-05  τ_t 0.070  m 0.9999
ep  91  it   300/781  loss 3.1728  lr 1.11e-05  τ_t 0.070  m 0.9999
ep  91  it   350/781  loss 3.1684  lr 1.09e-05  τ_t 0.070  m 0.9999
ep  91  it   400/781  loss 3.1693  lr 1.08e-05  τ_t 0.070  m 0.9999
ep  91  it   450/781  loss 3.1735  lr 1.06e-05  τ_t 0.070  m 0.9999
ep  91  it   500/781  loss 3.1722  lr 1.05e-05  τ_t 0.070  m 0.9999
ep  91  it   550/781  loss 3.1735  lr 1.03e-05  τ_t 0.070  m 0.9999
ep  91  it   600/781  loss 3.1728  lr 1.02e-05  τ_t 0.070  m 0.9999
ep  91  it   650/781  loss 3.1730  lr 1.00e-05  τ_t 0.070  m 0.9999
ep  91  it   700/781  loss 3.1749  lr 9.91e-06  τ_t 0.070  m 0.9999
ep  91  it   750/781  loss 3.1756  lr 9.77e-06  τ_t 0.070  m 0.9999
[epoch 91] avg_loss=3.1758  lr=9.68e-06  τ_t=0.070  m=0.9999  time=7.5 min
ep  92  it    50/781  loss 3.1460  lr 9.54e-06  τ_t 0.070  m 0.9999
ep  92  it   100/781  loss 3.1572  lr 9.41e-06  τ_t 0.070  m 0.9999
ep  92  it   150/781  loss 3.1557  lr 9.27e-06  τ_t 0.070  m 0.9999
ep  92  it   200/781  loss 3.1643  lr 9.14e-06  τ_t 0.070  m 0.9999
ep  92  it   250/781  loss 3.1713  lr 9.00e-06  τ_t 0.070  m 0.9999
ep  92  it   300/781  loss 3.1706  lr 8.87e-06  τ_t 0.070  m 0.9999
ep  92  it   350/781  loss 3.1684  lr 8.74e-06  τ_t 0.070  m 0.9999
ep  92  it   400/781  loss 3.1666  lr 8.61e-06  τ_t 0.070  m 0.9999
ep  92  it   450/781  loss 3.1639  lr 8.48e-06  τ_t 0.070  m 0.9999
ep  92  it   500/781  loss 3.1640  lr 8.35e-06  τ_t 0.070  m 0.9999
ep  92  it   550/781  loss 3.1666  lr 8.23e-06  τ_t 0.070  m 0.9999
ep  92  it   600/781  loss 3.1602  lr 8.10e-06  τ_t 0.070  m 0.9999
ep  92  it   650/781  loss 3.1626  lr 7.98e-06  τ_t 0.070  m 0.9999
ep  92  it   700/781  loss 3.1623  lr 7.85e-06  τ_t 0.070  m 1.0000
ep  92  it   750/781  loss 3.1626  lr 7.73e-06  τ_t 0.070  m 1.0000
[epoch 92] avg_loss=3.1617  lr=7.66e-06  τ_t=0.070  m=1.0000  time=7.4 min
ep  93  it    50/781  loss 3.1310  lr 7.53e-06  τ_t 0.070  m 1.0000
ep  93  it   100/781  loss 3.1377  lr 7.41e-06  τ_t 0.070  m 1.0000
ep  93  it   150/781  loss 3.1484  lr 7.30e-06  τ_t 0.070  m 1.0000
ep  93  it   200/781  loss 3.1508  lr 7.18e-06  τ_t 0.070  m 1.0000
ep  93  it   250/781  loss 3.1503  lr 7.06e-06  τ_t 0.070  m 1.0000
ep  93  it   300/781  loss 3.1543  lr 6.95e-06  τ_t 0.070  m 1.0000
ep  93  it   350/781  loss 3.1531  lr 6.83e-06  τ_t 0.070  m 1.0000
ep  93  it   400/781  loss 3.1537  lr 6.72e-06  τ_t 0.070  m 1.0000
ep  93  it   450/781  loss 3.1526  lr 6.61e-06  τ_t 0.070  m 1.0000
ep  93  it   500/781  loss 3.1540  lr 6.50e-06  τ_t 0.070  m 1.0000
ep  93  it   550/781  loss 3.1591  lr 6.39e-06  τ_t 0.070  m 1.0000
ep  93  it   600/781  loss 3.1610  lr 6.28e-06  τ_t 0.070  m 1.0000
ep  93  it   650/781  loss 3.1596  lr 6.17e-06  τ_t 0.070  m 1.0000
ep  93  it   700/781  loss 3.1622  lr 6.07e-06  τ_t 0.070  m 1.0000
ep  93  it   750/781  loss 3.1614  lr 5.96e-06  τ_t 0.070  m 1.0000
[epoch 93] avg_loss=3.1623  lr=5.90e-06  τ_t=0.070  m=1.0000  time=7.3 min
ep  94  it    50/781  loss 3.1618  lr 5.79e-06  τ_t 0.070  m 1.0000
ep  94  it   100/781  loss 3.1758  lr 5.69e-06  τ_t 0.070  m 1.0000
ep  94  it   150/781  loss 3.1705  lr 5.59e-06  τ_t 0.070  m 1.0000
ep  94  it   200/781  loss 3.1633  lr 5.49e-06  τ_t 0.070  m 1.0000
ep  94  it   250/781  loss 3.1614  lr 5.39e-06  τ_t 0.070  m 1.0000
ep  94  it   300/781  loss 3.1605  lr 5.29e-06  τ_t 0.070  m 1.0000
ep  94  it   350/781  loss 3.1630  lr 5.19e-06  τ_t 0.070  m 1.0000
ep  94  it   400/781  loss 3.1627  lr 5.10e-06  τ_t 0.070  m 1.0000
ep  94  it   450/781  loss 3.1621  lr 5.00e-06  τ_t 0.070  m 1.0000
ep  94  it   500/781  loss 3.1618  lr 4.91e-06  τ_t 0.070  m 1.0000
ep  94  it   550/781  loss 3.1631  lr 4.82e-06  τ_t 0.070  m 1.0000
ep  94  it   600/781  loss 3.1632  lr 4.72e-06  τ_t 0.070  m 1.0000
ep  94  it   650/781  loss 3.1610  lr 4.63e-06  τ_t 0.070  m 1.0000
ep  94  it   700/781  loss 3.1604  lr 4.55e-06  τ_t 0.070  m 1.0000
ep  94  it   750/781  loss 3.1610  lr 4.46e-06  τ_t 0.070  m 1.0000
[epoch 94] avg_loss=3.1599  lr=4.40e-06  τ_t=0.070  m=1.0000  time=7.4 min
ep  95  it    50/781  loss 3.1601  lr 4.32e-06  τ_t 0.070  m 1.0000
ep  95  it   100/781  loss 3.1504  lr 4.23e-06  τ_t 0.070  m 1.0000
ep  95  it   150/781  loss 3.1499  lr 4.15e-06  τ_t 0.070  m 1.0000
ep  95  it   200/781  loss 3.1546  lr 4.06e-06  τ_t 0.070  m 1.0000
ep  95  it   250/781  loss 3.1520  lr 3.98e-06  τ_t 0.070  m 1.0000
ep  95  it   300/781  loss 3.1526  lr 3.90e-06  τ_t 0.070  m 1.0000
ep  95  it   350/781  loss 3.1517  lr 3.82e-06  τ_t 0.070  m 1.0000
ep  95  it   400/781  loss 3.1493  lr 3.74e-06  τ_t 0.070  m 1.0000
ep  95  it   450/781  loss 3.1476  lr 3.67e-06  τ_t 0.070  m 1.0000
ep  95  it   500/781  loss 3.1470  lr 3.59e-06  τ_t 0.070  m 1.0000
ep  95  it   550/781  loss 3.1490  lr 3.51e-06  τ_t 0.070  m 1.0000
ep  95  it   600/781  loss 3.1470  lr 3.44e-06  τ_t 0.070  m 1.0000
ep  95  it   650/781  loss 3.1479  lr 3.37e-06  τ_t 0.070  m 1.0000
ep  95  it   700/781  loss 3.1495  lr 3.29e-06  τ_t 0.070  m 1.0000
ep  95  it   750/781  loss 3.1503  lr 3.22e-06  τ_t 0.070  m 1.0000
[epoch 95] avg_loss=3.1497  lr=3.18e-06  τ_t=0.070  m=1.0000  time=7.4 min
ep  96  it    50/781  loss 3.1557  lr 3.11e-06  τ_t 0.070  m 1.0000
ep  96  it   100/781  loss 3.1429  lr 3.04e-06  τ_t 0.070  m 1.0000
ep  96  it   150/781  loss 3.1504  lr 2.98e-06  τ_t 0.070  m 1.0000
ep  96  it   200/781  loss 3.1523  lr 2.91e-06  τ_t 0.070  m 1.0000
ep  96  it   250/781  loss 3.1561  lr 2.85e-06  τ_t 0.070  m 1.0000
ep  96  it   300/781  loss 3.1518  lr 2.78e-06  τ_t 0.070  m 1.0000
ep  96  it   350/781  loss 3.1501  lr 2.72e-06  τ_t 0.070  m 1.0000
ep  96  it   400/781  loss 3.1472  lr 2.66e-06  τ_t 0.070  m 1.0000
ep  96  it   450/781  loss 3.1506  lr 2.60e-06  τ_t 0.070  m 1.0000
ep  96  it   500/781  loss 3.1509  lr 2.54e-06  τ_t 0.070  m 1.0000
ep  96  it   550/781  loss 3.1498  lr 2.48e-06  τ_t 0.070  m 1.0000
ep  96  it   600/781  loss 3.1483  lr 2.42e-06  τ_t 0.070  m 1.0000
ep  96  it   650/781  loss 3.1466  lr 2.37e-06  τ_t 0.070  m 1.0000
ep  96  it   700/781  loss 3.1456  lr 2.31e-06  τ_t 0.070  m 1.0000
ep  96  it   750/781  loss 3.1440  lr 2.26e-06  τ_t 0.070  m 1.0000
[epoch 96] avg_loss=3.1442  lr=2.23e-06  τ_t=0.070  m=1.0000  time=7.4 min
ep  97  it    50/781  loss 3.1569  lr 2.18e-06  τ_t 0.070  m 1.0000
ep  97  it   100/781  loss 3.1588  lr 2.12e-06  τ_t 0.070  m 1.0000
ep  97  it   150/781  loss 3.1435  lr 2.07e-06  τ_t 0.070  m 1.0000
ep  97  it   200/781  loss 3.1413  lr 2.03e-06  τ_t 0.070  m 1.0000
ep  97  it   250/781  loss 3.1411  lr 1.98e-06  τ_t 0.070  m 1.0000
ep  97  it   300/781  loss 3.1474  lr 1.93e-06  τ_t 0.070  m 1.0000
ep  97  it   350/781  loss 3.1435  lr 1.89e-06  τ_t 0.070  m 1.0000
ep  97  it   400/781  loss 3.1452  lr 1.84e-06  τ_t 0.070  m 1.0000
ep  97  it   450/781  loss 3.1489  lr 1.80e-06  τ_t 0.070  m 1.0000
ep  97  it   500/781  loss 3.1491  lr 1.76e-06  τ_t 0.070  m 1.0000
ep  97  it   550/781  loss 3.1485  lr 1.72e-06  τ_t 0.070  m 1.0000
ep  97  it   600/781  loss 3.1504  lr 1.68e-06  τ_t 0.070  m 1.0000
ep  97  it   650/781  loss 3.1485  lr 1.64e-06  τ_t 0.070  m 1.0000
ep  97  it   700/781  loss 3.1470  lr 1.60e-06  τ_t 0.070  m 1.0000
ep  97  it   750/781  loss 3.1455  lr 1.57e-06  τ_t 0.070  m 1.0000
[epoch 97] avg_loss=3.1451  lr=1.55e-06  τ_t=0.070  m=1.0000  time=7.4 min
ep  98  it    50/781  loss 3.1468  lr 1.51e-06  τ_t 0.070  m 1.0000
ep  98  it   100/781  loss 3.1538  lr 1.48e-06  τ_t 0.070  m 1.0000
ep  98  it   150/781  loss 3.1519  lr 1.45e-06  τ_t 0.070  m 1.0000
ep  98  it   200/781  loss 3.1381  lr 1.41e-06  τ_t 0.070  m 1.0000
ep  98  it   250/781  loss 3.1407  lr 1.38e-06  τ_t 0.070  m 1.0000
ep  98  it   300/781  loss 3.1479  lr 1.36e-06  τ_t 0.070  m 1.0000
ep  98  it   350/781  loss 3.1451  lr 1.33e-06  τ_t 0.070  m 1.0000
ep  98  it   400/781  loss 3.1400  lr 1.30e-06  τ_t 0.070  m 1.0000
ep  98  it   450/781  loss 3.1439  lr 1.28e-06  τ_t 0.070  m 1.0000
ep  98  it   500/781  loss 3.1414  lr 1.25e-06  τ_t 0.070  m 1.0000
ep  98  it   550/781  loss 3.1418  lr 1.23e-06  τ_t 0.070  m 1.0000
ep  98  it   600/781  loss 3.1419  lr 1.21e-06  τ_t 0.070  m 1.0000
ep  98  it   650/781  loss 3.1395  lr 1.19e-06  τ_t 0.070  m 1.0000
ep  98  it   700/781  loss 3.1403  lr 1.17e-06  τ_t 0.070  m 1.0000
ep  98  it   750/781  loss 3.1401  lr 1.15e-06  τ_t 0.070  m 1.0000
[epoch 98] avg_loss=3.1408  lr=1.14e-06  τ_t=0.070  m=1.0000  time=7.4 min
ep  99  it    50/781  loss 3.1759  lr 1.12e-06  τ_t 0.070  m 1.0000
ep  99  it   100/781  loss 3.1556  lr 1.10e-06  τ_t 0.070  m 1.0000
ep  99  it   150/781  loss 3.1589  lr 1.09e-06  τ_t 0.070  m 1.0000
ep  99  it   200/781  loss 3.1537  lr 1.08e-06  τ_t 0.070  m 1.0000
ep  99  it   250/781  loss 3.1480  lr 1.06e-06  τ_t 0.070  m 1.0000
ep  99  it   300/781  loss 3.1453  lr 1.05e-06  τ_t 0.070  m 1.0000
ep  99  it   350/781  loss 3.1442  lr 1.04e-06  τ_t 0.070  m 1.0000
ep  99  it   400/781  loss 3.1459  lr 1.03e-06  τ_t 0.070  m 1.0000
ep  99  it   450/781  loss 3.1415  lr 1.02e-06  τ_t 0.070  m 1.0000
ep  99  it   500/781  loss 3.1416  lr 1.02e-06  τ_t 0.070  m 1.0000
ep  99  it   550/781  loss 3.1401  lr 1.01e-06  τ_t 0.070  m 1.0000
ep  99  it   600/781  loss 3.1421  lr 1.01e-06  τ_t 0.070  m 1.0000
ep  99  it   650/781  loss 3.1421  lr 1.00e-06  τ_t 0.070  m 1.0000
ep  99  it   700/781  loss 3.1404  lr 1.00e-06  τ_t 0.070  m 1.0000
ep  99  it   750/781  loss 3.1406  lr 1.00e-06  τ_t 0.070  m 1.0000
[epoch 99] avg_loss=3.1420  lr=1.00e-06  τ_t=0.070  m=1.0000  time=7.5 min
[done] training complete.
================================
exit code : 0
Thu Apr 23 19:21:29 IST 2026
================================
